{"name":"Eighth Edition Box Set","code":"8BS","magicRaritiesCodes":"540-rarities-eighth-edition-box-set-cards","releaseDate":"2003-07-28","border":"white","type":"box","cards":[{"layout":"normal","type":"Creature — Human Soldier","types":["Creature"],"colors":["White"],"name":"Eager Cadet","rarity":"Common","subtypes":["Human","Soldier"],"power":"1","toughness":"1","cmc":1,"manaCost":"{W}","flavor":"\"Training? Seeing my crops burnt to cinders was all the ‘training' I needed.\"","artist":"Greg & Tim Hildebrandt","legalities":{"Modern":"Legal","Legacy":"Legal","Vintage":"Legal","Freeform":"Legal","Prismatic":"Legal","Tribal Wars Legacy":"Legal","Singleton 100":"Legal","Commander":"Legal"},"number":"S1","foreignNames":[{"language":"French","name":"Cadet impatient"},{"language":"German","name":"Eifriger Kadett"}],"imageName":"eager cadet","printings":["Starter 1999","Starter 2000","Seventh Edition","Eighth Edition","Eighth Edition Box Set","Ninth Edition","Ninth Edition Box Set"]},{"layout":"normal","type":"Creature — Beast","types":["Creature"],"colors":["Green"],"name":"Enormous Baloth","rarity":"Uncommon","subtypes":["Beast"],"power":"7","toughness":"7","cmc":7,"manaCost":"{6}{G}","flavor":"Its diet consists of fruits, plants, small woodland animals, large woodland animals, woodlands, fruit groves, fruit farmers, and small cities.","artist":"Mark Tedin","legalities":{"Modern":"Legal","Onslaught Block":"Legal","Legacy":"Legal","Vintage":"Legal","Freeform":"Legal","Prismatic":"Legal","Tribal Wars Legacy":"Legal","Singleton 100":"Legal","Commander":"Legal"},"number":"S6","foreignNames":[{"language":"Chinese Traditional","name":"龐大巴洛西"},{"language":"Chinese Simplified","name":"庞大巴洛西"},{"language":"French","name":"Baloth énorme"},{"language":"German","name":"Gewaltiger Baloth"},{"language":"Italian","name":"Baloth Enorme"},{"language":"Japanese","name":"超大なベイロス"},{"language":"Portuguese (Brazil)","name":"Baloth Enorme"},{"language":"Russian","name":"Огромный Балот"},{"language":"Spanish","name":"Báloth enorme"}],"imageName":"enormous baloth","printings":["Legions","Eighth Edition","Eighth Edition Box Set","Ninth Edition","Ninth Edition Box Set","Tenth Edition","Magic 2010"]},{"layout":"normal","type":"Creature — Octopus","types":["Creature"],"colors":["Blue"],"name":"Giant Octopus","rarity":"Common","subtypes":["Octopus"],"power":"3","toughness":"3","cmc":4,"manaCost":"{3}{U}","flavor":"\"Before my eyes was a horrible monster, worthy to figure in the legends of the marvellous. . . . Its eight arms, or rather feet, fixed to its head . . . were twice as long as its body, and were twisted like the furies' hair.\"\n—Jules Verne, Twenty Thousand Leagues under the Sea, trans. Lewis","artist":"Heather Hudson","legalities":{"Modern":"Legal","Legacy":"Legal","Vintage":"Legal","Freeform":"Legal","Prismatic":"Legal","Tribal Wars Legacy":"Legal","Singleton 100":"Legal","Commander":"Legal"},"number":"S3","foreignNames":[{"language":"French","name":"Pieuvre géante"},{"language":"German","name":"Riesenoktopus"}],"imageName":"giant octopus","printings":["Portal","Starter 1999","Starter 2000","Seventh Edition","Eighth Edition","Eighth Edition Box Set","Ninth Edition","Ninth Edition Box Set"]},{"layout":"normal","type":"Creature — Bird","types":["Creature"],"colors":["Blue"],"name":"Sea Eagle","rarity":"Common","subtypes":["Bird"],"power":"1","toughness":"1","cmc":2,"manaCost":"{1}{U}","text":"Flying","flavor":"Where air meets water, fish meets talon.","artist":"Anthony S. Waters","legalities":{"Modern":"Legal","Legacy":"Legal","Vintage":"Legal","Freeform":"Legal","Prismatic":"Legal","Tribal Wars Legacy":"Legal","Singleton 100":"Legal","Commander":"Legal"},"number":"S4","imageName":"sea eagle","printings":["Starter 1999","Starter 2000","Eighth Edition","Eighth Edition Box Set"]},{"layout":"normal","type":"Creature — Ape","types":["Creature"],"colors":["Green"],"name":"Silverback Ape","rarity":"Uncommon","subtypes":["Ape"],"power":"5","toughness":"5","cmc":5,"manaCost":"{3}{G}{G}","flavor":"It does not wear a crown or sit on a throne of gold, but those who have witnessed its power hail it nonetheless.","artist":"Ron Spears","legalities":{"Modern":"Legal","Legacy":"Legal","Vintage":"Legal","Freeform":"Legal","Prismatic":"Legal","Tribal Wars Legacy":"Legal","Singleton 100":"Legal","Commander":"Legal"},"number":"S7","imageName":"silverback ape","printings":["Starter 1999","Eighth Edition","Eighth Edition Box Set"]},{"layout":"normal","type":"Sorcery","types":["Sorcery"],"colors":["White"],"name":"Vengeance","rarity":"Uncommon","cmc":4,"manaCost":"{3}{W}","text":"Destroy target tapped creature.","flavor":"Bitter as wormwood, sweet as mulled wine.","artist":"Paolo Parente","legalities":{"Modern":"Legal","Legacy":"Legal","Vintage":"Legal","Freeform":"Legal","Prismatic":"Legal","Tribal Wars Legacy":"Legal","Singleton 100":"Legal","Commander":"Legal"},"number":"S2","foreignNames":[{"language":"German","name":"Rache"}],"imageName":"vengeance","printings":["Portal","Portal Second Age","Portal Three Kingdoms","Starter 1999","Seventh Edition","Eighth Edition","Eighth Edition Box Set","Ninth Edition","Ninth Edition Box Set"]},{"layout":"normal","type":"Creature — Rabbit Beast","types":["Creature"],"colors":["Blue"],"name":"Vizzerdrix","rarity":"Rare","subtypes":["Rabbit","Beast"],"power":"6","toughness":"6","cmc":7,"manaCost":"{6}{U}","flavor":"A bored wizard once created a vizzerdrix out of a bunny and a piranha. He never made that mistake again.","artist":"Dave Dorman","legalities":{"Modern":"Legal","Legacy":"Legal","Vintage":"Legal","Freeform":"Legal","Prismatic":"Legal","Tribal Wars Legacy":"Legal","Singleton 100":"Legal","Commander":"Legal"},"number":"S5","imageName":"vizzerdrix","printings":["Starter 1999","Starter 2000","Seventh Edition","Eighth Edition","Eighth Edition Box Set","Ninth Edition","Ninth Edition Box Set"]}]}