{"name":"Ninth Edition Box Set","code":"9BS","magicRaritiesCodes":"531-rarities-ninth-edition-box-set-cards","releaseDate":"2005-07-29","border":"white","type":"box","cards":[{"layout":"normal","type":"Creature — Fish","types":["Creature"],"colors":["Blue"],"name":"Coral Eel","rarity":"Common","subtypes":["Fish"],"power":"2","toughness":"1","cmc":2,"manaCost":"{1}{U}","flavor":"Some fishers like to eat eels, and some eels like to eat fishers.","artist":"Una Fricker","legalities":{"Modern":"Legal","Legacy":"Legal","Vintage":"Legal","Freeform":"Legal","Prismatic":"Legal","Tribal Wars Legacy":"Legal","Singleton 100":"Legal","Commander":"Legal"},"number":"S3","foreignNames":[{"language":"French","name":"Anguille des coraux"},{"language":"German","name":"Korallenaal"},{"language":"Italian","name":"Anguilla Corallina"},{"language":"Portuguese (Brazil)","name":"Enguia dos Corais"},{"language":"Spanish","name":"Anguila de coral"}],"imageName":"coral eel","printings":["Portal","Starter 1999","Eighth Edition","Ninth Edition","Ninth Edition Box Set"]},{"layout":"normal","type":"Creature — Human Soldier","types":["Creature"],"colors":["White"],"name":"Eager Cadet","rarity":"Common","subtypes":["Human","Soldier"],"power":"1","toughness":"1","cmc":1,"manaCost":"{W}","flavor":"\"Training? Seeing my crops burnt to cinders was all the ‘training' I needed.\"","artist":"Scott M. Fischer","legalities":{"Modern":"Legal","Legacy":"Legal","Vintage":"Legal","Freeform":"Legal","Prismatic":"Legal","Tribal Wars Legacy":"Legal","Singleton 100":"Legal","Commander":"Legal"},"number":"S1","foreignNames":[{"language":"French","name":"Cadet impatient"},{"language":"German","name":"Eifriger Kadett"}],"imageName":"eager cadet","printings":["Starter 1999","Starter 2000","Seventh Edition","Eighth Edition","Eighth Edition Box Set","Ninth Edition","Ninth Edition Box Set"]},{"layout":"normal","type":"Creature — Beast","types":["Creature"],"colors":["Green"],"name":"Enormous Baloth","rarity":"Uncommon","subtypes":["Beast"],"power":"7","toughness":"7","cmc":7,"manaCost":"{6}{G}","flavor":"Its diet consists of fruits, plants, small woodland animals, large woodland animals, woodlands, fruit groves, fruit farmers, and small cities.","artist":"Mark Tedin","legalities":{"Modern":"Legal","Onslaught Block":"Legal","Legacy":"Legal","Vintage":"Legal","Freeform":"Legal","Prismatic":"Legal","Tribal Wars Legacy":"Legal","Singleton 100":"Legal","Commander":"Legal"},"number":"S9","foreignNames":[{"language":"Chinese Traditional","name":"龐大巴洛西"},{"language":"Chinese Simplified","name":"庞大巴洛西"},{"language":"French","name":"Baloth énorme"},{"language":"German","name":"Gewaltiger Baloth"},{"language":"Italian","name":"Baloth Enorme"},{"language":"Japanese","name":"超大なベイロス"},{"language":"Portuguese (Brazil)","name":"Baloth Enorme"},{"language":"Russian","name":"Огромный Балот"},{"language":"Spanish","name":"Báloth enorme"}],"imageName":"enormous baloth","printings":["Legions","Eighth Edition","Eighth Edition Box Set","Ninth Edition","Ninth Edition Box Set","Tenth Edition","Magic 2010"]},{"layout":"normal","type":"Creature — Octopus","types":["Creature"],"colors":["Blue"],"name":"Giant Octopus","rarity":"Common","subtypes":["Octopus"],"power":"3","toughness":"3","cmc":4,"manaCost":"{3}{U}","flavor":"\"Before my eyes was a horrible monster, worthy to figure in the legends of the marvellous. . . . Its eight arms, or rather feet, fixed to its head . . . were twice as long as its body, and were twisted like the furies' hair.\"\n—Jules Verne, Twenty Thousand Leagues under the Sea, trans. Lewis","artist":"Heather Hudson","legalities":{"Modern":"Legal","Legacy":"Legal","Vintage":"Legal","Freeform":"Legal","Prismatic":"Legal","Tribal Wars Legacy":"Legal","Singleton 100":"Legal","Commander":"Legal"},"number":"S4","foreignNames":[{"language":"French","name":"Pieuvre géante"},{"language":"German","name":"Riesenoktopus"}],"imageName":"giant octopus","printings":["Portal","Starter 1999","Starter 2000","Seventh Edition","Eighth Edition","Eighth Edition Box Set","Ninth Edition","Ninth Edition Box Set"]},{"layout":"normal","type":"Creature — Goblin Warrior","types":["Creature"],"colors":["Red"],"name":"Goblin Raider","rarity":"Common","subtypes":["Goblin","Warrior"],"power":"2","toughness":"2","cmc":2,"manaCost":"{1}{R}","text":"Goblin Raider can't block.","flavor":"He's smart for a goblin. He can do two things: hit and run.","artist":"Greg Staples","legalities":{"Modern":"Legal","Urza Block":"Legal","Legacy":"Legal","Vintage":"Legal","Freeform":"Legal","Prismatic":"Legal","Tribal Wars Legacy":"Legal","Singleton 100":"Legal","Commander":"Legal"},"number":"S8","foreignNames":[{"language":"French","name":"Pillard gobelin"},{"language":"German","name":"Goblin-Plünderer"},{"language":"Italian","name":"Predone Goblin"},{"language":"Portuguese (Brazil)","name":"Goblin Salteador"},{"language":"Spanish","name":"Incursor trasgo"}],"imageName":"goblin raider","printings":["Portal Second Age","Urza's Saga","Seventh Edition","Eighth Edition","Ninth Edition","Ninth Edition Box Set"]},{"layout":"normal","type":"Sorcery","types":["Sorcery"],"colors":["Blue"],"name":"Index","rarity":"Common","cmc":1,"manaCost":"{U}","text":"Look at the top five cards of your library, then put them back in any order.","flavor":"\"Let's see . . . Mercadia, mercenary, merfolk . . . you know, I really need a better filing system.\"","artist":"Kev Walker","legalities":{"Modern":"Legal","Invasion Block":"Legal","Legacy":"Legal","Vintage":"Legal","Freeform":"Legal","Prismatic":"Legal","Tribal Wars Legacy":"Legal","Tribal Wars Standard":"Legal","Singleton 100":"Legal","Commander":"Legal"},"number":"S5","foreignNames":[{"language":"Chinese Traditional","name":"編纂索引"},{"language":"Chinese Simplified","name":"编纂索引"},{"language":"German","name":"Inhaltsverzeichnis"},{"language":"Italian","name":"Indice"},{"language":"Japanese","name":"索引"},{"language":"Korean","name":"색인"},{"language":"Portuguese (Brazil)","name":"Índice"},{"language":"Russian","name":"Индекс"},{"language":"Spanish","name":"Índice"}],"imageName":"index","printings":["Apocalypse","Eighth Edition","Ninth Edition","Ninth Edition Box Set","Magic 2013"]},{"layout":"normal","type":"Creature — Wurm","types":["Creature"],"colors":["Green"],"name":"Spined Wurm","rarity":"Common","subtypes":["Wurm"],"power":"5","toughness":"4","cmc":5,"manaCost":"{4}{G}","flavor":"\"I wouldn't stand in front of that wurm, son. 'Course, I wouldn't stand behind it neither. In fact, standing anywhere near that wurm's not much of a plan. Running, now that's a plan\"\n—Wandering mage","artist":"Carl Critchlow","legalities":{"Modern":"Legal","Tempest Block":"Legal","Legacy":"Legal","Vintage":"Legal","Freeform":"Legal","Prismatic":"Legal","Tribal Wars Legacy":"Legal","Singleton 100":"Legal","Commander":"Legal"},"number":"S10","foreignNames":[{"language":"Chinese Traditional","name":"刺棘亞龍"},{"language":"Chinese Simplified","name":"刺棘亚龙"},{"language":"French","name":"Guivre à piquants"},{"language":"German","name":"Gekrümmter Wurm"},{"language":"Italian","name":"Wurm Spinato"},{"language":"Japanese","name":"針刺ワーム"},{"language":"Portuguese (Brazil)","name":"Vorme Espinhoso"},{"language":"Russian","name":"Шипастый Вурм"},{"language":"Spanish","name":"Sierpe con púas"}],"imageName":"spined wurm","printings":["Media Inserts","Portal","Stronghold","Starter 2000","Seventh Edition","Eighth Edition","Ninth Edition","Ninth Edition Box Set","Tenth Edition","Duels of the Planeswalkers","Magic 2011"]},{"layout":"normal","type":"Sorcery","types":["Sorcery"],"colors":["White"],"name":"Vengeance","rarity":"Uncommon","cmc":4,"manaCost":"{3}{W}","text":"Destroy target tapped creature.","flavor":"Bitter as wormwood, sweet as mulled wine.","artist":"Paolo Parente","legalities":{"Modern":"Legal","Legacy":"Legal","Vintage":"Legal","Freeform":"Legal","Prismatic":"Legal","Tribal Wars Legacy":"Legal","Singleton 100":"Legal","Commander":"Legal"},"number":"S2","foreignNames":[{"language":"German","name":"Rache"}],"imageName":"vengeance","printings":["Portal","Portal Second Age","Portal Three Kingdoms","Starter 1999","Seventh Edition","Eighth Edition","Eighth Edition Box Set","Ninth Edition","Ninth Edition Box Set"]},{"layout":"normal","type":"Creature — Rabbit Beast","types":["Creature"],"colors":["Blue"],"name":"Vizzerdrix","rarity":"Rare","subtypes":["Rabbit","Beast"],"power":"6","toughness":"6","cmc":7,"manaCost":"{6}{U}","flavor":"A bored wizard once created a vizzerdrix out of a bunny and a piranha. He never made that mistake again.","artist":"Dave Dorman","legalities":{"Modern":"Legal","Legacy":"Legal","Vintage":"Legal","Freeform":"Legal","Prismatic":"Legal","Tribal Wars Legacy":"Legal","Singleton 100":"Legal","Commander":"Legal"},"number":"S7","imageName":"vizzerdrix","printings":["Starter 1999","Starter 2000","Seventh Edition","Eighth Edition","Eighth Edition Box Set","Ninth Edition","Ninth Edition Box Set"]}]}