{"name":"Commander's Arsenal","code":"CM1","oldCode":"CMA","releaseDate":"2012-11-02","border":"black","type":"commander","cards":[{"layout":"normal","type":"Instant","types":["Instant"],"colors":["Red"],"multiverseid":338441,"name":"Chaos Warp","originalType":"Instant","cmc":3,"rarity":"Rare","artist":"Trevor Claxton","manaCost":"{2}{R}","text":"The owner of target permanent shuffles it into his or her library, then reveals the top card of his or her library. If it's a permanent card, he or she puts it onto the battlefield.","originalText":"The owner of target permanent shuffles it into his or her library, then reveals the top card of his or her library. If it's a permanent card, he or she puts it onto the battlefield.","number":"1","rulings":[{"date":"2011-09-22","text":"The owner of a token is the player under whose control the token was put onto the battlefield. If a token is shuffled into a player's library this way, that player shuffles before revealing the top card of that library."},{"date":"2011-09-22","text":"If the permanent is an illegal target by the time Chaos Warp tries to resolve, it will be countered and none of its effects will occur. No library will be shuffled and no card will be revealed."},{"date":"2011-09-22","text":"A permanent card is a card with one or more of the following card types: artifact, creature, enchantment, land, or planeswalker."},{"date":"2011-09-22","text":"If the revealed card is a permanent card but can't enter the battlefield (perhaps because it's an Aura with nothing to enchant), it remains on top of that library."},{"date":"2011-09-22","text":"If the revealed card is not a permanent card, it remains on top of that library."}],"imageName":"chaos warp","foreignNames":[{"language":"Chinese Simplified","name":"混沌歪曲"},{"language":"French","name":"Distorsion chaotique"},{"language":"German","name":"Chaosschleife"},{"language":"Italian","name":"Distorsione Caotica"},{"language":"Japanese","name":"混沌のねじれ"},{"language":"Spanish","name":"Distorsión caótica"}],"legalities":{"Legacy":"Legal","Vintage":"Legal","Freeform":"Legal","Prismatic":"Legal","Tribal Wars Legacy":"Legal","Singleton 100":"Legal","Commander":"Legal"},"printings":["Magic: The Gathering-Commander","Commander's Arsenal","Vintage Masters","Commander 2014"]},{"layout":"normal","type":"Land","types":["Land"],"multiverseid":338442,"name":"Command Tower","originalType":"Land","rarity":"Common","artist":"Adam Paquette","text":"{T}: Add to your mana pool one mana of any color in your commander's color identity.","originalText":"{T}: Add to your mana pool one mana of any color in your commander's color identity.","flavor":"When defeat is near and guidance is scarce, all eyes look in one direction.","number":"2","rulings":[{"date":"2011-09-22","text":"The color identity of your commander is set before the game begins and doesn't change during the game, even your commander is in a hidden zone (like the hand or library) or an effect changes your commander's color."},{"date":"2011-09-22","text":"If your commander is a card like Kozilek, Butcher of Truth that has no colors in its color identity, Command Tower's ability produces no mana."},{"date":"2011-09-22","text":"In formats other than Commander, Command Tower's ability produces no mana."}],"imageName":"command tower","foreignNames":[{"language":"French","name":"Tour de commandement"},{"language":"German","name":"Befehlsturm"},{"language":"Italian","name":"Torre di Comando"},{"language":"Japanese","name":"統率者の塔"},{"language":"Spanish","name":"Torre de mando"}],"legalities":{"Legacy":"Legal","Vintage":"Legal","Freeform":"Legal","Prismatic":"Legal","Tribal Wars Legacy":"Legal","Singleton 100":"Legal","Commander":"Legal"},"printings":["Judge Gift Program","Magic: The Gathering-Commander","Commander's Arsenal","Commander 2013 Edition"]},{"layout":"normal","type":"Sorcery","types":["Sorcery"],"colors":["Black"],"multiverseid":338453,"name":"Decree of Pain","originalType":"Sorcery","cmc":8,"rarity":"Rare","artist":"Mathias Kollros","manaCost":"{6}{B}{B}","text":"Destroy all creatures. They can't be regenerated. Draw a card for each creature destroyed this way.\nCycling {3}{B}{B} ({3}{B}{B}, Discard this card: Draw a card.)\nWhen you cycle Decree of Pain, all creatures get -2/-2 until end of turn.","originalText":"Destroy all creatures. They can't be regenerated. Draw a card for each creature destroyed this way.\nCycling {3}{B}{B} ({3}{B}{B}, Discard this card: Draw a card.)\nWhen you cycle Decree of Pain, all creatures get -2/-2 until end of turn.","number":"3","rulings":[{"date":"2008-10-01","text":"Cycling is an activated ability. Effects that interact with activated abilities (such as Stifle or Rings of Brighthearth) will interact with cycling. Effects that interact with spells (such as Remove Soul or Faerie Tauntings) will not."},{"date":"2008-10-01","text":"When you cycle this card, first the cycling ability goes on the stack, then the triggered ability goes on the stack on top of it. The triggered ability will resolve before you draw a card from the cycling ability."},{"date":"2008-10-01","text":"The cycling ability and the triggered ability are separate. If the triggered ability is countered (with Stifle, for example, or if all its targets have become illegal), the cycling ability will still resolve and you'll draw a card."}],"imageName":"decree of pain","foreignNames":[{"language":"French","name":"Décret de souffrance"},{"language":"German","name":"Dekret des Schmerzes"},{"language":"Italian","name":"Decreto del Dolore"},{"language":"Japanese","name":"苦痛の命令"},{"language":"Portuguese (Brazil)","name":"Decreto de Dor"},{"language":"Spanish","name":"Decreto de dolor"}],"legalities":{"Onslaught Block":"Legal","Legacy":"Legal","Vintage":"Legal","Freeform":"Legal","Prismatic":"Legal","Tribal Wars Legacy":"Legal","Singleton 100":"Legal","Commander":"Legal"},"printings":["Scourge","Commander's Arsenal","Commander 2013 Edition"]},{"layout":"normal","type":"Instant","types":["Instant"],"colors":["Blue"],"multiverseid":338454,"name":"Desertion","originalType":"Instant","cmc":5,"rarity":"Rare","artist":"Richard Kane Ferguson","manaCost":"{3}{U}{U}","text":"Counter target spell. If an artifact or creature spell is countered this way, put that card onto the battlefield under your control instead of into its owner's graveyard.","originalText":"Counter target spell. If an artifact or creature spell is countered this way, put that card onto the battlefield under your control instead of into its owner's graveyard.","flavor":"First the insult, then the injury.","number":"4","rulings":[{"date":"2004-10-04","text":"The card is put onto the battlefield, but any effects that check if the original card was \"cast from your hand\" will not trigger or otherwise consider the card to have been cast from your hand. The card was put onto the battlefield by the effect of Desertion instead."},{"date":"2004-10-04","text":"This spell includes a replacement effect. If the target is an artifact or creature, it never goes to the graveyard."},{"date":"2004-10-04","text":"If the spell is not countered (because the spell it targets can't be countered), then this card's ability does not put the card onto the battlefield. The spell continues to resolve as normal."}],"imageName":"desertion","legalities":{"Mirage Block":"Legal","Legacy":"Legal","Vintage":"Legal","Freeform":"Legal","Prismatic":"Legal","Tribal Wars Legacy":"Legal","Singleton 100":"Legal","Commander":"Legal"},"printings":["Visions","Classic Sixth Edition","Commander's Arsenal"]},{"layout":"normal","supertypes":["Legendary"],"type":"Legendary Creature — Human Advisor","types":["Creature"],"colors":["Red"],"multiverseid":338449,"name":"Diaochan, Artful Beauty","subtypes":["Human","Advisor"],"originalType":"Legendary Creature — Human Advisor","cmc":4,"rarity":"Rare","artist":"Miao Aili","power":"1","toughness":"1","manaCost":"{3}{R}","text":"{T}: Destroy target creature of your choice, then destroy target creature of an opponent's choice. Activate this ability only during your turn, before attackers are declared.","originalText":"{T}: Destroy target creature of your choice, then destroy target creature of an opponent's choice. Activate this ability only during your turn, before attackers are declared.","number":"5","rulings":[{"date":"2013-09-20","text":"If a turn has multiple combat phases, the ability can only be activated before the beginning of the declare attackers step of the first combat phase in that turn."}],"imageName":"diaochan, artful beauty","legalities":{"Legacy":"Legal","Vintage":"Legal","Commander":"Legal"},"printings":["Portal Three Kingdoms","Commander's Arsenal"]},{"layout":"normal","type":"Creature — Spider","types":["Creature"],"colors":["Red","Green"],"multiverseid":338446,"name":"Dragonlair Spider","subtypes":["Spider"],"originalType":"Creature — Spider","cmc":6,"rarity":"Rare","artist":"Carl Critchlow","power":"5","toughness":"6","manaCost":"{2}{R}{R}{G}{G}","text":"Reach\nWhenever an opponent casts a spell, put a 1/1 green Insect creature token onto the battlefield.","originalText":"Reach\nWhenever an opponent casts a spell, put a 1/1 green Insect creature token onto the battlefield.","flavor":"Swarms thrive in its nest, feeding on leathery bits of discarded wing.","number":"6","rulings":[{"date":"2012-06-01","text":"The triggered ability will resolve and the Insect will be created before the spell that caused it to trigger resolves."},{"date":"2012-06-01","text":"The triggered ability won't be affected if the spell that caused it to trigger is countered."}],"imageName":"dragonlair spider","foreignNames":[{"language":"French","name":"Araignée de la tanière du dragon"},{"language":"German","name":"Drachenhortspinne"},{"language":"Italian","name":"Ragna Tana di Drago"},{"language":"Japanese","name":"ドラゴンの巣の蜘蛛"},{"language":"Spanish","name":"Araña del cubil del dragón"}],"legalities":{"Legacy":"Legal","Vintage":"Legal","Commander":"Legal"},"printings":["Planechase 2012 Edition","Commander's Arsenal"]},{"layout":"normal","type":"Artifact Creature — Shapeshifter","types":["Artifact","Creature"],"multiverseid":338451,"name":"Duplicant","subtypes":["Shapeshifter"],"originalType":"Artifact Creature — Shapeshifter","cmc":6,"rarity":"Rare","artist":"Marco Nelor","power":"2","toughness":"4","manaCost":"{6}","text":"Imprint — When Duplicant enters the battlefield, you may exile target nontoken creature.\nAs long as a card exiled with Duplicant is a creature card, Duplicant has the power, toughness, and creature types of the last creature card exiled with Duplicant. It's still a Shapeshifter.","originalText":"Imprint — When Duplicant enters the battlefield, you may exile target nontoken creature.\nAs long as the exiled card is a creature card, Duplicant has that card's power, toughness, and creature types. It's still a Shapeshifter.","number":"7","rulings":[{"date":"2004-12-01","text":"If no creature card is imprinted on Duplicant, it has its normal power, toughness, and creature types."},{"date":"2004-12-01","text":"Duplicant's power and toughness change to the imprinted card's power and toughness. Counters and other effects that change Duplicant's power and toughness still apply."},{"date":"2004-12-01","text":"Duplicant keeps all creature types it had when the card was imprinted, including any types that Duplicant had gained."}],"imageName":"duplicant","foreignNames":[{"language":"French","name":"Répliquant"},{"language":"German","name":"Duplikant"},{"language":"Italian","name":"Replicatore"},{"language":"Japanese","name":"映し身人形"},{"language":"Portuguese (Brazil)","name":"Duplicante"},{"language":"Spanish","name":"Duplicante"}],"legalities":{"Modern":"Legal","Mirrodin Block":"Legal","Legacy":"Legal","Vintage":"Legal","Freeform":"Legal","Prismatic":"Legal","Tribal Wars Legacy":"Legal","Singleton 100":"Legal","Commander":"Legal"},"printings":["Mirrodin","Archenemy","Commander's Arsenal"]},{"layout":"normal","supertypes":["Legendary"],"type":"Legendary Creature — Elf Rogue","types":["Creature"],"colors":["Blue","Green"],"multiverseid":338443,"name":"Edric, Spymaster of Trest","subtypes":["Elf","Rogue"],"originalType":"Legendary Creature — Elf Rogue","cmc":3,"rarity":"Rare","artist":"Volkan Baga","power":"2","toughness":"2","manaCost":"{1}{G}{U}","text":"Whenever a creature deals combat damage to one of your opponents, its controller may draw a card.","originalText":"Whenever a creature deals combat damage to one of your opponents, its controller may draw a card.","flavor":"\"I am not at liberty to reveal my sources, but I can assure you, the price on your head is high.\"","number":"8","rulings":[{"date":"2011-09-22","text":"A creature controlled by an opponent that deals combat damage to another opponent will cause Edric's ability to trigger. The creature's controller chooses whether to draw a card."},{"date":"2011-09-22","text":"When a creature you control deals combat damage to one of your opponents, you may draw a card."}],"imageName":"edric, spymaster of trest","foreignNames":[{"language":"Chinese Simplified","name":"崔斯特密探长埃卓克"},{"language":"French","name":"Edric, maître espion de Trest"},{"language":"German","name":"Edric, Meisterspion von Trest"},{"language":"Italian","name":"Edric, Capospia di Trest"},{"language":"Japanese","name":"トレストの密偵長、エドリック"},{"language":"Spanish","name":"Edric, maestro espía de Trest"}],"legalities":{"Legacy":"Legal","Vintage":"Legal","Freeform":"Legal","Prismatic":"Legal","Tribal Wars Legacy":"Legal","Singleton 100":"Legal","Commander":"Legal"},"printings":["Magic: The Gathering-Commander","Commander's Arsenal","Magic: The Gathering—Conspiracy","Vintage Masters"]},{"layout":"normal","supertypes":["Legendary"],"type":"Legendary Creature — Human Cleric","types":["Creature"],"colors":["White","Black","Red"],"multiverseid":338444,"name":"Kaalia of the Vast","subtypes":["Human","Cleric"],"originalType":"Legendary Creature — Human Cleric","cmc":4,"rarity":"Mythic Rare","artist":"Michael Komarck","power":"2","toughness":"2","manaCost":"{1}{W}{B}{R}","text":"Flying\nWhenever Kaalia of the Vast attacks an opponent, you may put an Angel, Demon, or Dragon creature card from your hand onto the battlefield tapped and attacking that opponent.","originalText":"Flying\nWhenever Kaalia of the Vast attacks an opponent, you may put an Angel, Demon, or Dragon creature card from your hand onto the battlefield tapped and attacking that opponent.","flavor":"\"I'll have my revenge if I have to call on every force from above and below.\"","number":"9","rulings":[{"date":"2011-09-22","text":"Kaalia's ability doesn't trigger if it attacks a planeswalker."},{"date":"2011-09-22","text":"The creature card is already tapped and attacking as it's put onto the battlefield. Any abilities that trigger when a creature becomes tapped or when a creature attacks won't trigger for that card."},{"date":"2011-09-22","text":"If the opponent Kaalia attacked is no longer in the game when its ability resolves, you may put an Angel, Demon, or Dragon creature card onto the battlefield tapped, but it won't be attacking anyone and it won't be an attacking creature."}],"imageName":"kaalia of the vast","foreignNames":[{"language":"French","name":"Kaalia de l'Immensité"},{"language":"German","name":"Kaalia von der Weite"},{"language":"Italian","name":"Kaalia della Vastità"},{"language":"Japanese","name":"巨大なるカーリア"},{"language":"Spanish","name":"Kaalia de la Vastedad"}],"legalities":{"Legacy":"Legal","Vintage":"Legal","Freeform":"Legal","Prismatic":"Legal","Tribal Wars Legacy":"Legal","Singleton 100":"Legal","Commander":"Legal"},"printings":["Magic: The Gathering-Commander","Commander's Arsenal"]},{"layout":"normal","type":"Creature — Human Advisor","types":["Creature"],"colors":["White"],"multiverseid":338450,"name":"Loyal Retainers","subtypes":["Human","Advisor"],"originalType":"Creature — Human Advisor","cmc":3,"rarity":"Uncommon","artist":"Solomon Au Yeung","power":"1","toughness":"1","manaCost":"{2}{W}","text":"Sacrifice Loyal Retainers: Return target legendary creature card from your graveyard to the battlefield. Activate this ability only during your turn, before attackers are declared.","originalText":"Sacrifice Loyal Retainers: Return target legendary creature card from your graveyard to the battlefield. Activate this ability only during your turn, before attackers are declared.","number":"10","rulings":[{"date":"2013-09-20","text":"If a turn has multiple combat phases, the ability can only be activated before the beginning of the declare attackers step of the first combat phase in that turn."}],"imageName":"loyal retainers","legalities":{"Legacy":"Legal","Vintage":"Legal","Commander":"Legal"},"printings":["Portal Three Kingdoms","Masters Edition III","Commander's Arsenal"]},{"layout":"normal","supertypes":["Legendary"],"type":"Legendary Creature — Elemental","types":["Creature"],"colors":["Blue","Red","Green"],"multiverseid":338447,"name":"Maelstrom Wanderer","subtypes":["Elemental"],"originalType":"Legendary Creature — Elemental","cmc":8,"rarity":"Mythic Rare","artist":"Thomas M. Baxa","power":"7","toughness":"5","manaCost":"{5}{U}{R}{G}","text":"Creatures you control have haste.\nCascade, cascade (When you cast this spell, exile cards from the top of your library until you exile a nonland card that costs less. You may cast it without paying its mana cost. Put the exiled cards on the bottom in a random order. Then do it again.)","originalText":"Creatures you control have haste.\nCascade, cascade (When you cast this spell, exile cards from the top of your library until you exile a nonland card that costs less. You may cast it without paying its mana cost. Put the exiled cards on the bottom in a random order. Then do it again.)","number":"11","rulings":[{"date":"2012-06-01","text":"Maelstrom Wanderer gives itself haste."},{"date":"2012-06-01","text":"Each instance of cascade triggers and resolves separately. The spell you cast due to the first cascade ability will go on the stack on top of the second cascade ability. That spell will resolve before you exile cards for the second cascade ability. Casting that spell may cause additional cascade abilities to trigger."},{"date":"2012-06-01","text":"No matter what spell you cast with the first cascade trigger (or any cascade triggers that result from casting that spell), the second cascade trigger will look for a spell with converted mana cost less than Maelstrom Wanderer's converted mana cost of 8."}],"imageName":"maelstrom wanderer","foreignNames":[{"language":"French","name":"Vagabond du maelstrom"},{"language":"German","name":"Mahlstrom-Wanderer"},{"language":"Italian","name":"Errante del Maelstrom"},{"language":"Japanese","name":"大渦の放浪者"},{"language":"Spanish","name":"Errante del Remolino"}],"legalities":{"Legacy":"Legal","Vintage":"Legal","Commander":"Legal"},"printings":["Planechase 2012 Edition","Commander's Arsenal"]},{"layout":"normal","type":"Artifact","types":["Artifact"],"multiverseid":338452,"name":"Mind's Eye","originalType":"Artifact","cmc":5,"rarity":"Rare","artist":"Karl Kopinski","manaCost":"{5}","text":"Whenever an opponent draws a card, you may pay {1}. If you do, draw a card.","originalText":"Whenever an opponent draws a card, you may pay {1}. If you do, draw a card.","flavor":"\"Ideas drift like petals on the wind. I have only to lift my face to the breeze.\"","number":"13","imageName":"mind's eye","foreignNames":[{"language":"French","name":"Œil de l'esprit"},{"language":"German","name":"Inneres Auge"},{"language":"Italian","name":"Occhio della Mente"},{"language":"Japanese","name":"精神の眼"},{"language":"Portuguese (Brazil)","name":"Olho da Mente"},{"language":"Spanish","name":"Ojo de la mente"}],"legalities":{"Modern":"Legal","Mirrodin Block":"Legal","Legacy":"Legal","Vintage":"Legal","Freeform":"Legal","Prismatic":"Legal","Tribal Wars Legacy":"Legal","Singleton 100":"Legal","Commander":"Legal"},"printings":["Mirrodin","Commander's Arsenal"]},{"layout":"normal","type":"Enchantment","types":["Enchantment"],"colors":["White","Green"],"multiverseid":338455,"name":"Mirari's Wake","originalType":"Enchantment","cmc":5,"rarity":"Rare","artist":"Volkan Baga","manaCost":"{3}{G}{W}","text":"Creatures you control get +1/+1.\nWhenever you tap a land for mana, add one mana to your mana pool of any type that land produced.","originalText":"Creatures you control get +1/+1.\nWhenever you tap a land for mana, add one mana to your mana pool of any type that land produced.","flavor":"Even after a false god tore the magic from Dominaria, power still radiated from the Mirari sword that slew her.","number":"14","imageName":"mirari's wake","foreignNames":[{"language":"Chinese Simplified","name":"映奇宝珠的余韵"},{"language":"French","name":"Éveil du Mirari"},{"language":"German","name":"Miraris Nachwirkungen"},{"language":"Italian","name":"Risveglio del Mirari"},{"language":"Japanese","name":"ミラーリの目覚め"},{"language":"Portuguese (Brazil)","name":"Despertar do Mirari"},{"language":"Spanish","name":"Despertar del Mirari"}],"legalities":{"Odyssey Block":"Legal","Legacy":"Legal","Vintage":"Legal","Freeform":"Legal","Prismatic":"Legal","Tribal Wars Legacy":"Legal","Singleton 100":"Legal","Commander":"Legal"},"printings":["Judgment","Pro Tour","Commander's Arsenal","Magic: The Gathering—Conspiracy"]},{"layout":"normal","type":"Enchantment","types":["Enchantment"],"colors":["Blue"],"multiverseid":338457,"name":"Rhystic Study","originalType":"Enchantment","cmc":3,"rarity":"Common","artist":"Terese Nielsen","manaCost":"{2}{U}","text":"Whenever an opponent casts a spell, you may draw a card unless that player pays {1}.","originalText":"Whenever an opponent casts a spell, you may draw a card unless that player pays {1}.","flavor":"Friends teach what you want to know. Enemies teach what you need to know.","number":"15","rulings":[{"date":"2004-10-04","text":"The player gets the option to pay when this triggered ability resolves. This will be after the spell is announced, but before it resolves."},{"date":"2004-10-04","text":"You don't have to decide whether or not you are drawing until after the player decides whether or not to pay."}],"imageName":"rhystic study","legalities":{"Masques Block":"Legal","Legacy":"Legal","Vintage":"Legal","Commander":"Legal"},"printings":["Prophecy","Commander's Arsenal"]},{"layout":"normal","type":"Artifact","types":["Artifact"],"multiverseid":338458,"name":"Scroll Rack","originalType":"Artifact","cmc":2,"rarity":"Rare","artist":"Heather Hudson","manaCost":"{2}","text":"{1}, {T}: Exile any number of cards from your hand face down. Put that many cards from the top of your library into your hand. Then look at the exiled cards and put them on top of your library in any order.","originalText":"{1}, {T}: Exile any number of cards from your hand face down. Put that many cards from the top of your library into your hand. Then look at the exiled cards and put them on top of your library in any order.","number":"16","rulings":[{"date":"2004-10-04","text":"If there are not enough cards in the library, you do not lose. This is not a draw effect. You just get as many cards as are there, even if there are zero cards in the library."}],"imageName":"scroll rack","legalities":{"Tempest Block":"Legal","Legacy":"Legal","Vintage":"Legal","Commander":"Legal"},"printings":["Tempest","Commander's Arsenal"]},{"layout":"normal","type":"Enchantment","types":["Enchantment"],"colors":["Green"],"multiverseid":338456,"name":"Sylvan Library","originalType":"Enchantment","cmc":2,"rarity":"Rare","artist":"Yeong-Hao Han","manaCost":"{1}{G}","text":"At the beginning of your draw step, you may draw two additional cards. If you do, choose two cards in your hand drawn this turn. For each of those cards, pay 4 life or put the card on top of your library.","originalText":"At the beginning of your draw step, you may draw two additional cards. If you do, choose two cards in your hand drawn this turn. For each of those cards, pay 4 life or put the card on top of your library.","number":"17","rulings":[{"date":"2004-10-04","text":"If you have drawn cards prior to your draw step, they can be ones chosen to be put back using this effect. For example, a cantrip draw or an instant used during upkeep."},{"date":"2004-10-04","text":"Spells and abilities are resolved one at a time, so if you use multiple Sylvan Libraries in one stack, each will resolve in sequence. You do not get to draw all the cards at once then put them all back at once."},{"date":"2004-10-04","text":"You can return zero, one, or two cards."},{"date":"2004-10-04","text":"This will count as 2 draws for anything that affects \"drawn cards\"."},{"date":"2004-10-04","text":"If you are going to draw cards due to triggered abilities during your draw step, your regular draw resolves first, but you can choose to order the Sylvan Library before or after any other draws."},{"date":"2007-09-16","text":"If you choose to draw two cards, then replace one or more of those draws with some other effect, the rest of Sylvan Library's ability still happens. If you've actually drawn only one card that turn, you must choose that card and either pay 4 life or put it on top of your library. If you haven't actually drawn any cards that turn, the rest of the ability has no effect."},{"date":"2013-04-15","text":"You always perform your normal draw before this ability because the normal draw occurs before anything is placed on the stack."}],"imageName":"sylvan library","legalities":{"Legacy":"Legal","Vintage":"Legal","Freeform":"Legal","Prismatic":"Legal","Tribal Wars Legacy":"Legal","Singleton 100":"Legal","Commander":"Legal"},"printings":["Legends","Fourth Edition","Fifth Edition","Masters Edition","Commander's Arsenal","Vintage Masters"]},{"layout":"normal","supertypes":["Legendary"],"type":"Legendary Creature — Ooze","types":["Creature"],"colors":["Blue","Black","Green"],"multiverseid":338445,"name":"The Mimeoplasm","subtypes":["Ooze"],"originalType":"Legendary Creature — Ooze","cmc":5,"rarity":"Mythic Rare","artist":"Svetlin Velinov","power":"0","toughness":"0","manaCost":"{2}{G}{U}{B}","text":"As The Mimeoplasm enters the battlefield, you may exile two creature cards from graveyards. If you do, it enters the battlefield as a copy of one of those cards with a number of additional +1/+1 counters on it equal to the power of the other card.","originalText":"As The Mimeoplasm enters the battlefield, you may exile two creature cards from graveyards. If you do, it enters the battlefield as a copy of one of those cards with a number of additional +1/+1 counters on it equal to the power of the other card.","number":"12","rulings":[{"date":"2011-09-22","text":"You can't choose to exile just one creature card."},{"date":"2011-09-22","text":"The two creature cards may come from the same graveyard or different graveyards."},{"date":"2011-09-22","text":"You choose which one The Mimeoplasm is copying and which one determines how many +1/+1 counters are placed on The Mimeoplasm as The Mimeoplasm enters the battlefield."},{"date":"2011-09-22","text":"Treat The Mimeoplasm as though it were the creature card it's copying entering the battlefield. Any \"As [this card] enters the battlefield,\" \"[This card] enters the battlefield with,\" and \"When [this card] enters the battlefield\" abilities of that creature card will work."},{"date":"2011-09-22","text":"Specifically, if The Mimeoplasm enters the battlefield as a copy of a creature card that enters the battlefield with a number of +1/+1 counters, The Mimeoplasm will enter the battlefield with those +1/+1 counters and +1/+1 counters equal to the power of the other exiled card."}],"imageName":"the mimeoplasm","foreignNames":[{"language":"French","name":"Le Ronéoplasme"},{"language":"German","name":"Das Mimeoplasma"},{"language":"Italian","name":"Il Mimoplasma"},{"language":"Japanese","name":"擬態の原形質"},{"language":"Spanish","name":"El Mimeoplasma"}],"legalities":{"Legacy":"Legal","Vintage":"Legal","Freeform":"Legal","Prismatic":"Legal","Tribal Wars Legacy":"Legal","Singleton 100":"Legal","Commander":"Legal"},"printings":["Magic: The Gathering-Commander","Commander's Arsenal"]},{"layout":"normal","supertypes":["Legendary"],"type":"Legendary Creature — Human Wizard","types":["Creature"],"colors":["Blue","Black"],"multiverseid":338448,"name":"Vela the Night-Clad","subtypes":["Human","Wizard"],"originalType":"Legendary Creature — Human Wizard","cmc":6,"rarity":"Mythic Rare","artist":"Allen Williams","power":"4","toughness":"4","manaCost":"{4}{U}{B}","text":"Intimidate\nOther creatures you control have intimidate.\nWhenever Vela the Night-Clad or another creature you control leaves the battlefield, each opponent loses 1 life.","originalText":"Intimidate\nOther creatures you control have intimidate.\nWhenever Vela the Night-Clad or another creature you control leaves the battlefield, each opponent loses 1 life.","flavor":"Vela snuffs out every trace of Krond's reign, leaving pure nightfall in her wake.","number":"18","rulings":[{"date":"2012-06-01","text":"If Vela leaves the battlefield at the same time as other creatures you control, its ability will trigger for each of those creatures."}],"imageName":"vela the night-clad","foreignNames":[{"language":"French","name":"Vela à la Robe de nuit"},{"language":"German","name":"Vela die Nachtumhüllte"},{"language":"Italian","name":"Vela Manto della Notte"},{"language":"Japanese","name":"夜まといのヴェラ"},{"language":"Spanish","name":"Vela, la armada con la noche"}],"legalities":{"Legacy":"Legal","Vintage":"Legal","Commander":"Legal"},"printings":["Planechase 2012 Edition","Commander's Arsenal"]}]}