{"name":"Coldsnap Theme Decks","code":"CST","magicRaritiesCodes":"230-rarities-coldsnap-preconstructed-reprint-cards","releaseDate":"2006-07-21","border":"black","type":"box","cards":[{"layout":"normal","type":"Artifact","types":["Artifact"],"name":"Arcum's Weathervane","rarity":"Special","cmc":2,"manaCost":"{2}","text":"{2}, {T}: Target snow land is no longer snow.\n{2}, {T}: Target nonsnow basic land becomes snow.","artist":"Tom Wänerstrand","rulings":[{"date":"2006-10-15","text":"Adds the snow or removes the snow supertype to or from a land. Adding snow doesn't overwrite other supertypes."},{"date":"2006-10-15","text":"Can't be used on a dual land to add the Snow Supertype even though it is a basic land subtype. You can use it on any land to remove the snow supertype."}],"legalities":{"Ice Age Block":"Legal","Legacy":"Legal","Vintage":"Legal","Commander":"Legal"},"number":"310","imageName":"arcum's weathervane","printings":["Ice Age","Coldsnap Theme Decks"],"source":"Snowscape Theme Deck"},{"layout":"normal","type":"Creature — Zombie","types":["Creature"],"colors":["Black"],"name":"Ashen Ghoul","rarity":"Special","subtypes":["Zombie"],"power":"3","toughness":"1","cmc":4,"manaCost":"{3}{B}","text":"Haste\n{B}: Return Ashen Ghoul from your graveyard to the battlefield. Activate this ability only during your upkeep and only if three or more creature cards are above Ashen Ghoul.","artist":"Ron Spencer","rulings":[{"date":"2008-10-01","text":"A card is \"above\" another card in your graveyard if it was put into that graveyard later."},{"date":"2008-10-01","text":"layers may not rearrange the cards in their graveyards."},{"date":"2008-10-01","text":"If an effect or rule puts two or more cards into the same graveyard at the same time, the owner of those cards may arrange them in any order."},{"date":"2008-10-01","text":"The last thing that happens to a resolving instant or sorcery spell is that it's put into its owner's graveyard. Example: You cast Wrath of God. All creatures on the battlefield are destroyed. You arrange all the cards put into your graveyard this way in any order you want. The other players in the game do the same to the cards that are put into their graveyards. Then you put Wrath of God into your graveyard, on top of the other cards."},{"date":"2008-10-01","text":"Say you're the owner of both a permanent and an Aura that's attached to it. If both the permanent and the Aura are destroyed at the same time (by Akroma's Vengeance, for example), you decide the order they're put into your graveyard. If just the enchanted permanent is destroyed, it's put into your graveyard first. Then, after state-based actions are checked, the Aura (which is no longer attached to anything) is put into your graveyard on top of it."}],"legalities":{"Ice Age Block":"Legal","Legacy":"Legal","Vintage":"Legal","Freeform":"Legal","Prismatic":"Legal","Tribal Wars Legacy":"Legal","Singleton 100":"Legal","Commander":"Legal"},"number":"114","imageName":"ashen ghoul","printings":["Ice Age","Coldsnap Theme Decks","Masters Edition II"],"source":"Beyond the Grave Theme Deck"},{"layout":"normal","type":"Creature — Aurochs","types":["Creature"],"colors":["Green"],"name":"Aurochs","rarity":"Special","subtypes":["Aurochs"],"power":"2","toughness":"3","cmc":4,"manaCost":"{3}{G}","text":"Trample\nWhenever Aurochs attacks, it gets +1/+0 until end of turn for each other attacking Aurochs.","flavor":"One Auroch may feed a village, but a herd will flatten it.","artist":"Ken Meyer, Jr.","rulings":[{"date":"2004-10-04","text":"The bonus is not applied until after you check for attack legality, so it is a 2/3 creature when declaring attackers."},{"date":"2009-10-01","text":"The ability counts the number of attacking creatures with the creature type Aurochs, not just those named Aurochs."}],"legalities":{"Ice Age Block":"Legal","Legacy":"Legal","Vintage":"Legal","Freeform":"Legal","Prismatic":"Legal","Tribal Wars Legacy":"Legal","Singleton 100":"Legal","Commander":"Legal"},"number":"225","imageName":"aurochs","printings":["Ice Age","Fifth Edition","Coldsnap Theme Decks","Masters Edition II"],"source":"Aurochs Stampede Theme Deck"},{"layout":"normal","type":"Creature — Zombie","types":["Creature"],"colors":["Black"],"name":"Balduvian Dead","rarity":"Special","subtypes":["Zombie"],"power":"2","toughness":"3","cmc":4,"manaCost":"{3}{B}","text":"{2}{R}, Exile a creature card from your graveyard: Put a 3/1 black and red Graveborn creature token with haste onto the battlefield. Sacrifice it at the beginning of the next end step.","artist":"Mike Kimble","rulings":[{"date":"2008-10-01","text":"If the ability is activated during a turn's Ending phase (after any \"at the beginning of the End step\" triggers would have triggered that turn), the Graveborn token will remain on the battlefield until the following turn's End step."}],"legalities":{"Ice Age Block":"Legal","Legacy":"Legal","Vintage":"Legal","Freeform":"Legal","Prismatic":"Legal","Tribal Wars Legacy":"Legal","Singleton 100":"Legal","Commander":"Legal"},"number":"43","imageName":"balduvian dead","printings":["Alliances","Coldsnap Theme Decks","Masters Edition II"],"source":"Beyond the Grave Theme Deck"},{"layout":"normal","type":"Artifact","types":["Artifact"],"name":"Barbed Sextant","rarity":"Special","cmc":1,"manaCost":"{1}","text":"{1}, {T}, Sacrifice Barbed Sextant: Add one mana of any color to your mana pool. Draw a card at the beginning of the next turn's upkeep.","artist":"Amy Weber","legalities":{"Ice Age Block":"Legal","Legacy":"Legal","Vintage":"Legal","Freeform":"Legal","Prismatic":"Legal","Tribal Wars Legacy":"Legal","Singleton 100":"Legal","Commander":"Legal"},"number":"312","imageName":"barbed sextant","printings":["Ice Age","Fifth Edition","Deckmasters","Coldsnap Theme Decks","Masters Edition II"],"source":"Beyond the Grave Theme Deck"},{"layout":"normal","type":"Enchantment — Aura","types":["Enchantment"],"colors":["Blue"],"name":"Binding Grasp","rarity":"Special","subtypes":["Aura"],"cmc":4,"manaCost":"{3}{U}","text":"Enchant creature\nAt the beginning of your upkeep, sacrifice Binding Grasp unless you pay {1}{U}.\nYou control enchanted creature.\nEnchanted creature gets +0/+1.","flavor":"\"What I want, I take.\"\n—Gustha Ebbasdotter,\nKjeldoran Royal Mage","artist":"Ruth Thompson","legalities":{"Ice Age Block":"Legal","Legacy":"Legal","Vintage":"Legal","Freeform":"Legal","Prismatic":"Legal","Tribal Wars Legacy":"Legal","Singleton 100":"Legal","Commander":"Legal"},"number":"60","imageName":"binding grasp","printings":["Ice Age","Fifth Edition","Coldsnap Theme Decks","Masters Edition II"],"source":"Kjeldoran Cunning Theme Deck"},{"layout":"normal","type":"Instant","types":["Instant"],"colors":["Green"],"name":"Bounty of the Hunt","rarity":"Special","cmc":5,"manaCost":"{3}{G}{G}","text":"You may exile a green card from your hand rather than pay Bounty of the Hunt's mana cost.\nDistribute three +1/+1 counters among one, two, or three target creatures. For each +1/+1 counter you put on a creature this way, remove a +1/+1 counter from that creature at the beginning of the next cleanup step.","artist":"Jeff A. Menges","legalities":{"Ice Age Block":"Legal","Legacy":"Legal","Vintage":"Legal","Freeform":"Legal","Prismatic":"Legal","Tribal Wars Legacy":"Legal","Singleton 100":"Legal","Commander":"Legal"},"number":"85","imageName":"bounty of the hunt","printings":["Alliances","Deckmasters","Coldsnap Theme Decks","Masters Edition II"],"source":"Aurochs Stampede Theme Deck"},{"layout":"normal","type":"Instant","types":["Instant"],"colors":["Blue"],"name":"Brainstorm","rarity":"Special","cmc":1,"manaCost":"{U}","text":"Draw three cards, then put two cards from your hand on top of your library in any order.","flavor":"\"I reeled from the blow, and then suddenly, I knew exactly what to do. Within moments, victory was mine.\"\n—Gustha Ebbasdotter,\nKjeldoran Royal Mage","artist":"Christopher Rush","rulings":[{"date":"2004-10-04","text":"This is all one effect. You draw 3 and return 2 cards all in one resolution. Nothing may happen between the two. If something triggers on drawing cards, it will go on the stack after Brainstorm finishes resolving."}],"legalities":{"Masques Block":"Legal","Ice Age Block":"Legal","Legacy":"Legal","Vintage":"Restricted","Freeform":"Legal","Prismatic":"Legal","Tribal Wars Legacy":"Legal","Singleton 100":"Legal","Commander":"Legal"},"number":"61","foreignNames":[{"language":"Chinese Simplified","name":"脑力激荡"},{"language":"French","name":"Remue-méninges"},{"language":"German","name":"Gedankenwirbel"},{"language":"Italian","name":"Tempesta Cerebrale"},{"language":"Japanese","name":"渦まく知識"},{"language":"Spanish","name":"Inspiración súbita"}],"imageName":"brainstorm","printings":["Ice Age","Fifth Edition","Mercadian Masques","Friday Night Magic","Beatdown Box Set","Coldsnap Theme Decks","Masters Edition II","Magic: The Gathering-Commander","Duel Decks: Izzet vs. Golgari","Magic: The Gathering—Conspiracy","Vintage Masters"],"source":"Kjeldoran Cunning Theme Deck"},{"layout":"normal","type":"Enchantment","types":["Enchantment"],"colors":["Blue"],"name":"Browse","rarity":"Special","cmc":4,"manaCost":"{2}{U}{U}","text":"{2}{U}{U}: Look at the top five cards of your library, put one of them into your hand, and exile the rest.","flavor":"\"Once great literature—now great litter.\"\n—Jaya Ballard, Task Mage","artist":"Phil Foglio","legalities":{"Ice Age Block":"Legal","Legacy":"Legal","Vintage":"Legal","Freeform":"Legal","Prismatic":"Legal","Tribal Wars Legacy":"Legal","Singleton 100":"Legal","Commander":"Legal"},"number":"25","imageName":"browse","printings":["Alliances","Classic Sixth Edition","Coldsnap Theme Decks","Masters Edition II"],"source":"Snowscape Theme Deck"},{"layout":"normal","type":"Enchantment — Aura","types":["Enchantment"],"colors":["Black"],"name":"Casting of Bones","rarity":"Special","subtypes":["Aura"],"cmc":3,"manaCost":"{2}{B}","text":"Enchant creature\nWhen enchanted creature dies, draw three cards, then discard one of them.","flavor":"\"Only a necromancer would create such a foul form of divination.\"\n—Gerda Äagesdotter,\nArchmage of the Unseen","artist":"Anson Maddocks","legalities":{"Ice Age Block":"Legal","Legacy":"Legal","Vintage":"Legal","Commander":"Legal"},"number":"44b","imageName":"casting of bones","printings":["Alliances","Coldsnap Theme Decks"],"source":"Beyond the Grave Theme Deck"},{"layout":"normal","type":"Instant","types":["Instant"],"colors":["Black"],"name":"Dark Banishing","rarity":"Special","cmc":3,"manaCost":"{2}{B}","text":"Destroy target nonblack creature. It can't be regenerated.","flavor":"\"Will not the mountains quake and hills melt at the coming of the darkness? Share this vision with your enemies, Lim-Dûl, and they shall wither.\"\n—Leshrac, Walker of Night","artist":"Drew Tucker","legalities":{"Modern":"Legal","Tempest Block":"Legal","Mirage Block":"Legal","Ice Age Block":"Legal","Legacy":"Legal","Vintage":"Legal","Freeform":"Legal","Prismatic":"Legal","Tribal Wars Legacy":"Legal","Singleton 100":"Legal","Commander":"Legal"},"number":"119","foreignNames":[{"language":"Chinese Traditional","name":"闇境放逐"},{"language":"Chinese Simplified","name":"黯境放逐"},{"language":"French","name":"Obscur bannissement"},{"language":"German","name":"Dunkle Verbannung"},{"language":"Italian","name":"Esilio Oscuro"},{"language":"Japanese","name":"闇への追放"},{"language":"Korean","name":"암흑의 유형"},{"language":"Portuguese (Brazil)","name":"Banimento Sombrio"},{"language":"Russian","name":"Темное изгнание"},{"language":"Spanish","name":"Destierro sombrío"}],"imageName":"dark banishing","printings":["Ice Age","Mirage","Tempest","Seventh Edition","Deckmasters","Eighth Edition","Ninth Edition","Coldsnap Theme Decks","Masters Edition II","Duel Decks: Divine vs. Demonic"],"source":"Beyond the Grave Theme Deck"},{"layout":"normal","type":"Instant","types":["Instant"],"colors":["Black"],"name":"Dark Ritual","rarity":"Special","cmc":1,"manaCost":"{B}","text":"Add {B}{B}{B} to your mana pool.","flavor":"\"Leshrac, my liege, grant me the power I am due.\"\n—Lim-Dûl, the Necromancer","artist":"Justin Hampton","legalities":{"Masques Block":"Legal","Urza Block":"Legal","Tempest Block":"Legal","Mirage Block":"Legal","Ice Age Block":"Legal","Legacy":"Legal","Vintage":"Legal","Freeform":"Legal","Prismatic":"Legal","Tribal Wars Legacy":"Legal","Singleton 100":"Legal","Commander":"Legal"},"number":"120","foreignNames":[{"language":"Japanese","name":"暗黒の儀式"}],"imageName":"dark ritual","printings":["Limited Edition Alpha","Limited Edition Beta","Unlimited Edition","Revised Edition","Fourth Edition","Ice Age","Rivals Quick Start Set","Mirage","Introductory Two-Player Set","Fifth Edition","Tempest","Judge Gift Program","Urza's Saga","Mercadian Masques","Battle Royale Box Set","Beatdown Box Set","Deckmasters","Coldsnap Theme Decks","Duel Decks: Divine vs. Demonic","Planechase","Duel Decks: Phyrexia vs. the Coalition","Masters Edition IV","From the Vault: Twenty","Vintage Masters"],"source":"Beyond the Grave Theme Deck"},{"layout":"normal","type":"Creature — Insect","types":["Creature"],"colors":["Green"],"name":"Deadly Insect","rarity":"Special","subtypes":["Insect"],"power":"6","toughness":"1","cmc":5,"manaCost":"{4}{G}","text":"Shroud (This creature can't be the target of spells or abilities.)","flavor":"\"Beautiful, indeed—but one sting could fell a Giant in a heartbeat.\"\n—Taaveti of Kelsinko,\nElvish Hunter","artist":"Scott Kirschner","legalities":{"Masques Block":"Legal","Ice Age Block":"Legal","Legacy":"Legal","Vintage":"Legal","Commander":"Legal"},"number":"86a","imageName":"deadly insect","printings":["Alliances","Mercadian Masques","Beatdown Box Set","Coldsnap Theme Decks"],"source":"Aurochs Stampede Theme Deck"},{"layout":"normal","type":"Instant","types":["Instant"],"colors":["Red"],"name":"Death Spark","rarity":"Special","cmc":1,"manaCost":"{R}","text":"Death Spark deals 1 damage to target creature or player.\nAt the beginning of your upkeep, if Death Spark is in your graveyard with a creature card directly above it, you may pay {1}. If you do, return Death Spark to your hand.","artist":"Mark Tedin","rulings":[{"date":"2008-10-01","text":"A card is \"directly above\" another card in your graveyard if it was put into that graveyard later and there are no cards in between the two."},{"date":"2008-10-01","text":"layers may not rearrange the cards in their graveyards."},{"date":"2008-10-01","text":"If an effect or rule puts two or more cards into the same graveyard at the same time, the owner of those cards may arrange them in any order."},{"date":"2008-10-01","text":"The last thing that happens to a resolving instant or sorcery spell is that it's put into its owner's graveyard. Example: You cast Wrath of God. All creatures on the battlefield are destroyed. You arrange all the cards put into your graveyard this way in any order you want. The other players in the game do the same to the cards that are put into their graveyards. Then you put Wrath of God into your graveyard, on top of the other cards."},{"date":"2008-10-01","text":"Say you're the owner of both a permanent and an Aura that's attached to it. If both the permanent and the Aura are destroyed at the same time (by Akroma's Vengeance, for example), you decide the order they're put into your graveyard. If just the enchanted permanent is destroyed, it's put into your graveyard first. Then, after state-based actions are checked, the Aura (which is no longer attached to anything) is put into your graveyard on top of it."}],"legalities":{"Ice Age Block":"Legal","Legacy":"Legal","Vintage":"Legal","Freeform":"Legal","Prismatic":"Legal","Tribal Wars Legacy":"Legal","Singleton 100":"Legal","Commander":"Legal"},"number":"70","imageName":"death spark","printings":["Alliances","Deckmasters","Coldsnap Theme Decks","Masters Edition II"],"source":"Beyond the Grave Theme Deck"},{"layout":"normal","type":"Instant","types":["Instant"],"colors":["White"],"name":"Disenchant","rarity":"Special","cmc":2,"manaCost":"{1}{W}","text":"Destroy target artifact or enchantment.","flavor":"\"I implore you not to forget the horrors of the past. You would have us start the Brothers' War anew!\"\n—Sorine Relicbane, Soldevi Heretic","artist":"Brian Snõddy","rulings":[{"date":"2004-10-04","text":"This is not modal. If the target changes from an artifact to an enchantment or vice versa, this still destroys it."}],"legalities":{"Modern":"Legal","Time Spiral Block":"Legal","Masques Block":"Legal","Urza Block":"Legal","Tempest Block":"Legal","Mirage Block":"Legal","Ice Age Block":"Legal","Legacy":"Legal","Vintage":"Legal","Freeform":"Legal","Prismatic":"Legal","Tribal Wars Legacy":"Legal","Singleton 100":"Legal","Commander":"Legal"},"number":"20","foreignNames":[{"language":"Chinese Simplified","name":"消除魔障"},{"language":"French","name":"Désenchantement"},{"language":"German","name":"Entzauberung"},{"language":"Italian","name":"Disincantare"},{"language":"Japanese","name":"解呪"},{"language":"Portuguese (Brazil)","name":"Desencantar"},{"language":"Russian","name":"Разочаровывать"},{"language":"Spanish","name":"Desencantar"}],"imageName":"disenchant","printings":["Limited Edition Alpha","Limited Edition Beta","Unlimited Edition","Revised Edition","Fourth Edition","Ice Age","Arena League","Mirage","Fifth Edition","Tempest","Urza's Saga","Anthologies","Classic Sixth Edition","Mercadian Masques","Battle Royale Box Set","Friday Night Magic","Starter 2000","Seventh Edition","Magic Player Rewards","Coldsnap Theme Decks","Time Spiral \"Timeshifted\"","Masters Edition II","Masters Edition III"],"source":"Kjeldoran Cunning Theme Deck"},{"layout":"normal","type":"Creature — Wall","types":["Creature"],"colors":["Black"],"name":"Drift of the Dead","rarity":"Special","subtypes":["Wall"],"power":"*","toughness":"*","cmc":4,"manaCost":"{3}{B}","text":"Defender (This creature can't attack.)\nDrift of the Dead's power and toughness are each equal to the number of snow lands you control.","flavor":"\"Take their dead, and entomb them in the snow. Risen, they shall serve a new purpose.\"\n—Lim-Dûl, the Necromancer","artist":"Brian Snõddy","legalities":{"Ice Age Block":"Legal","Legacy":"Legal","Vintage":"Legal","Freeform":"Legal","Prismatic":"Legal","Tribal Wars Legacy":"Legal","Singleton 100":"Legal","Commander":"Legal"},"number":"123","imageName":"drift of the dead","printings":["Ice Age","Coldsnap Theme Decks","Masters Edition II"],"source":"Snowscape Theme Deck"},{"layout":"normal","type":"Enchantment — Aura","types":["Enchantment"],"colors":["Blue"],"name":"Essence Flare","rarity":"Special","subtypes":["Aura"],"cmc":1,"manaCost":"{U}","text":"Enchant creature\nEnchanted creature gets +2/+0.\nAt the beginning of the upkeep of enchanted creature's controller, put a -0/-1 counter on that creature.","flavor":"Never underestimate the power of the soul unleashed.","artist":"Richard Kane Ferguson","rulings":[{"date":"2008-10-01","text":"The -0/-1 counters stay on the creature even if Essence Flare is removed."}],"legalities":{"Ice Age Block":"Legal","Legacy":"Legal","Vintage":"Legal","Freeform":"Legal","Prismatic":"Legal","Tribal Wars Legacy":"Legal","Singleton 100":"Legal","Commander":"Legal"},"number":"69","imageName":"essence flare","printings":["Ice Age","Coldsnap Theme Decks","Masters Edition II"],"source":"Snowscape Theme Deck"},{"layout":"normal","supertypes":["Basic"],"type":"Basic Land — Forest","types":["Land"],"name":"Forest","rarity":"Basic Land","subtypes":["Forest"],"artist":"Pat Morrissey","legalities":{"Standard":"Legal","Modern":"Legal","Theros Block":"Legal","Return to Ravnica Block":"Legal","Innistrad Block":"Legal","Scars of Mirrodin Block":"Legal","Zendikar Block":"Legal","Shards of Alara Block":"Legal","Lorwyn-Shadowmoor Block":"Legal","Time Spiral Block":"Legal","Ravnica Block":"Legal","Kamigawa Block":"Legal","Mirrodin Block":"Legal","Onslaught Block":"Legal","Odyssey Block":"Legal","Invasion Block":"Legal","Masques Block":"Legal","Urza Block":"Legal","Tempest Block":"Legal","Mirage Block":"Legal","Ice Age Block":"Legal","Un-Sets":"Legal","Legacy":"Legal","Vintage":"Legal","Freeform":"Legal","Prismatic":"Legal","Tribal Wars Legacy":"Legal","Tribal Wars Standard":"Legal","Singleton 100":"Legal","Commander":"Legal"},"number":"381","foreignNames":[{"language":"Chinese Simplified","name":"树林"},{"language":"Chinese Traditional","name":"樹林"},{"language":"French","name":"Forêt"},{"language":"German","name":"Wald"},{"language":"Italian","name":"Foresta"},{"language":"Japanese","name":"森"},{"language":"Korean","name":"숲"},{"language":"Portuguese (Brazil)","name":"Floresta"},{"language":"Russian","name":"Лес"},{"language":"Spanish","name":"Bosque"}],"imageName":"forest1","printings":["Limited Edition Alpha","Limited Edition Beta","Unlimited Edition","Revised Edition","Fourth Edition","Ice Age","Rivals Quick Start Set","Arena League","Mirage","Introductory Two-Player Set","Fifth Edition","Portal","Tempest","Judge Gift Program","Portal Second Age","Unglued","Asia Pacific Land Program","Urza's Saga","Anthologies","Classic Sixth Edition","Portal Three Kingdoms","Starter 1999","Guru","Mercadian Masques","Battle Royale Box Set","European Land Program","Starter 2000","Beatdown Box Set","Invasion","Seventh Edition","Odyssey","Deckmasters","Onslaught","Eighth Edition","Mirrodin","Champions of Kamigawa","Unhinged","Ninth Edition","Ravnica: City of Guilds","Coldsnap Theme Decks","Time Spiral","Tenth Edition","Masters Edition","Lorwyn","Duel Decks: Elves vs. Goblins","Shadowmoor","Shards of Alara","Magic 2010","Planechase","Masters Edition III","Zendikar","Duel Decks: Garruk vs. Liliana","Premium Deck Series: Slivers","Duel Decks: Phyrexia vs. the Coalition","Rise of the Eldrazi","Duels of the Planeswalkers","Archenemy","Magic 2011","Scars of Mirrodin","Mirrodin Besieged","Duel Decks: Knights vs. Dragons","New Phyrexia","Magic: The Gathering-Commander","Magic 2012","Duel Decks: Ajani vs. Nicol Bolas","Innistrad","Avacyn Restored","Planechase 2012 Edition","Magic 2013","Duel Decks: Izzet vs. Golgari","Return to Ravnica","Magic 2014 Core Set","Duel Decks: Heroes vs. Monsters","Theros","Commander 2013 Edition","Duel Decks: Jace vs. Vraska","Magic 2015 Core Set","Khans of Tarkir","Commander 2014","Fate Reforged"],"source":"Beyond the Grave Theme Deck"},{"layout":"normal","supertypes":["Basic"],"type":"Basic Land — Forest","types":["Land"],"name":"Forest","rarity":"Basic Land","subtypes":["Forest"],"artist":"Pat Morrissey","legalities":{"Standard":"Legal","Modern":"Legal","Theros Block":"Legal","Return to Ravnica Block":"Legal","Innistrad Block":"Legal","Scars of Mirrodin Block":"Legal","Zendikar Block":"Legal","Shards of Alara Block":"Legal","Lorwyn-Shadowmoor Block":"Legal","Time Spiral Block":"Legal","Ravnica Block":"Legal","Kamigawa Block":"Legal","Mirrodin Block":"Legal","Onslaught Block":"Legal","Odyssey Block":"Legal","Invasion Block":"Legal","Masques Block":"Legal","Urza Block":"Legal","Tempest Block":"Legal","Mirage Block":"Legal","Ice Age Block":"Legal","Un-Sets":"Legal","Legacy":"Legal","Vintage":"Legal","Freeform":"Legal","Prismatic":"Legal","Tribal Wars Legacy":"Legal","Tribal Wars Standard":"Legal","Singleton 100":"Legal","Commander":"Legal"},"number":"382","foreignNames":[{"language":"Chinese Simplified","name":"树林"},{"language":"Chinese Traditional","name":"樹林"},{"language":"French","name":"Forêt"},{"language":"German","name":"Wald"},{"language":"Italian","name":"Foresta"},{"language":"Japanese","name":"森"},{"language":"Korean","name":"숲"},{"language":"Portuguese (Brazil)","name":"Floresta"},{"language":"Russian","name":"Лес"},{"language":"Spanish","name":"Bosque"}],"imageName":"forest2","printings":["Limited Edition Alpha","Limited Edition Beta","Unlimited Edition","Revised Edition","Fourth Edition","Ice Age","Rivals Quick Start Set","Arena League","Mirage","Introductory Two-Player Set","Fifth Edition","Portal","Tempest","Judge Gift Program","Portal Second Age","Unglued","Asia Pacific Land Program","Urza's Saga","Anthologies","Classic Sixth Edition","Portal Three Kingdoms","Starter 1999","Guru","Mercadian Masques","Battle Royale Box Set","European Land Program","Starter 2000","Beatdown Box Set","Invasion","Seventh Edition","Odyssey","Deckmasters","Onslaught","Eighth Edition","Mirrodin","Champions of Kamigawa","Unhinged","Ninth Edition","Ravnica: City of Guilds","Coldsnap Theme Decks","Time Spiral","Tenth Edition","Masters Edition","Lorwyn","Duel Decks: Elves vs. Goblins","Shadowmoor","Shards of Alara","Magic 2010","Planechase","Masters Edition III","Zendikar","Duel Decks: Garruk vs. Liliana","Premium Deck Series: Slivers","Duel Decks: Phyrexia vs. the Coalition","Rise of the Eldrazi","Duels of the Planeswalkers","Archenemy","Magic 2011","Scars of Mirrodin","Mirrodin Besieged","Duel Decks: Knights vs. Dragons","New Phyrexia","Magic: The Gathering-Commander","Magic 2012","Duel Decks: Ajani vs. Nicol Bolas","Innistrad","Avacyn Restored","Planechase 2012 Edition","Magic 2013","Duel Decks: Izzet vs. Golgari","Return to Ravnica","Magic 2014 Core Set","Duel Decks: Heroes vs. Monsters","Theros","Commander 2013 Edition","Duel Decks: Jace vs. Vraska","Magic 2015 Core Set","Khans of Tarkir","Commander 2014","Fate Reforged"],"source":"Beyond the Grave Theme Deck"},{"layout":"normal","supertypes":["Basic"],"type":"Basic Land — Forest","types":["Land"],"name":"Forest","rarity":"Basic Land","subtypes":["Forest"],"artist":"Pat Morrissey","legalities":{"Standard":"Legal","Modern":"Legal","Theros Block":"Legal","Return to Ravnica Block":"Legal","Innistrad Block":"Legal","Scars of Mirrodin Block":"Legal","Zendikar Block":"Legal","Shards of Alara Block":"Legal","Lorwyn-Shadowmoor Block":"Legal","Time Spiral Block":"Legal","Ravnica Block":"Legal","Kamigawa Block":"Legal","Mirrodin Block":"Legal","Onslaught Block":"Legal","Odyssey Block":"Legal","Invasion Block":"Legal","Masques Block":"Legal","Urza Block":"Legal","Tempest Block":"Legal","Mirage Block":"Legal","Ice Age Block":"Legal","Un-Sets":"Legal","Legacy":"Legal","Vintage":"Legal","Freeform":"Legal","Prismatic":"Legal","Tribal Wars Legacy":"Legal","Tribal Wars Standard":"Legal","Singleton 100":"Legal","Commander":"Legal"},"number":"383","foreignNames":[{"language":"Chinese Simplified","name":"树林"},{"language":"Chinese Traditional","name":"樹林"},{"language":"French","name":"Forêt"},{"language":"German","name":"Wald"},{"language":"Italian","name":"Foresta"},{"language":"Japanese","name":"森"},{"language":"Korean","name":"숲"},{"language":"Portuguese (Brazil)","name":"Floresta"},{"language":"Russian","name":"Лес"},{"language":"Spanish","name":"Bosque"}],"imageName":"forest3","printings":["Limited Edition Alpha","Limited Edition Beta","Unlimited Edition","Revised Edition","Fourth Edition","Ice Age","Rivals Quick Start Set","Arena League","Mirage","Introductory Two-Player Set","Fifth Edition","Portal","Tempest","Judge Gift Program","Portal Second Age","Unglued","Asia Pacific Land Program","Urza's Saga","Anthologies","Classic Sixth Edition","Portal Three Kingdoms","Starter 1999","Guru","Mercadian Masques","Battle Royale Box Set","European Land Program","Starter 2000","Beatdown Box Set","Invasion","Seventh Edition","Odyssey","Deckmasters","Onslaught","Eighth Edition","Mirrodin","Champions of Kamigawa","Unhinged","Ninth Edition","Ravnica: City of Guilds","Coldsnap Theme Decks","Time Spiral","Tenth Edition","Masters Edition","Lorwyn","Duel Decks: Elves vs. Goblins","Shadowmoor","Shards of Alara","Magic 2010","Planechase","Masters Edition III","Zendikar","Duel Decks: Garruk vs. Liliana","Premium Deck Series: Slivers","Duel Decks: Phyrexia vs. the Coalition","Rise of the Eldrazi","Duels of the Planeswalkers","Archenemy","Magic 2011","Scars of Mirrodin","Mirrodin Besieged","Duel Decks: Knights vs. Dragons","New Phyrexia","Magic: The Gathering-Commander","Magic 2012","Duel Decks: Ajani vs. Nicol Bolas","Innistrad","Avacyn Restored","Planechase 2012 Edition","Magic 2013","Duel Decks: Izzet vs. Golgari","Return to Ravnica","Magic 2014 Core Set","Duel Decks: Heroes vs. Monsters","Theros","Commander 2013 Edition","Duel Decks: Jace vs. Vraska","Magic 2015 Core Set","Khans of Tarkir","Commander 2014","Fate Reforged"],"source":"Beyond the Grave Theme Deck"},{"layout":"normal","type":"Creature — Zombie","types":["Creature"],"colors":["Black"],"name":"Gangrenous Zombies","rarity":"Special","subtypes":["Zombie"],"power":"2","toughness":"2","cmc":3,"manaCost":"{1}{B}{B}","text":"{T}, Sacrifice Gangrenous Zombies: Gangrenous Zombies deals 1 damage to each creature and each player. If you control a snow Swamp, Gangrenous Zombies deals 2 damage to each creature and each player instead.","artist":"Brian Snõddy","rulings":[{"date":"2004-10-04","text":"Whether it does 1 or 2 damage is checked on resolution."}],"legalities":{"Ice Age Block":"Legal","Legacy":"Legal","Vintage":"Legal","Freeform":"Legal","Prismatic":"Legal","Tribal Wars Legacy":"Legal","Singleton 100":"Legal","Commander":"Legal"},"number":"127","imageName":"gangrenous zombies","printings":["Ice Age","Coldsnap Theme Decks","Masters Edition II"],"source":"Snowscape Theme Deck"},{"layout":"normal","type":"Creature — Spider","types":["Creature"],"colors":["Red","Green"],"name":"Giant Trap Door Spider","rarity":"Special","subtypes":["Spider"],"power":"2","toughness":"3","cmc":3,"manaCost":"{1}{R}{G}","text":"{1}{R}{G}, {T}: Exile Giant Trap Door Spider and target creature without flying that's attacking you.","flavor":"\"So large and so quiet—a combination best avoided.\"\n—Disa the Restless, journal entry","artist":"Heather Hudson","rulings":[{"date":"2004-10-04","text":"If Giant Trap Door Spider leaves the battlefield before its ability resolves, the ability will still resolve as normal. The targeted creature will be exiled."},{"date":"2004-10-04","text":"If the targeted creature leaves the battlefield (or otherwise becomes an illegal target) before the ability resolves, the ability will be countered. Giant Trap Door Spider will remain on the battlefield."}],"legalities":{"Ice Age Block":"Legal","Legacy":"Legal","Vintage":"Legal","Freeform":"Legal","Prismatic":"Legal","Tribal Wars Legacy":"Legal","Singleton 100":"Legal","Commander":"Legal"},"number":"293","imageName":"giant trap door spider","printings":["Ice Age","Deckmasters","Coldsnap Theme Decks","Masters Edition II"],"source":"Aurochs Stampede Theme Deck"},{"layout":"normal","type":"Creature — Ape Shaman","types":["Creature"],"colors":["Red"],"name":"Gorilla Shaman","rarity":"Special","subtypes":["Ape","Shaman"],"power":"1","toughness":"1","cmc":1,"manaCost":"{R}","text":"{X}{X}{1}: Destroy target noncreature artifact with converted mana cost X.","flavor":"\"Frankly, destruction is best left to professionals.\"\n—Jaya Ballard, Task Mage","artist":"Anthony Waters","rulings":[{"date":"2008-10-01","text":"A tip on how this math works: The cost to destroy a noncreature artifact with converted mana cost 0 is {0} + {0} + {1} = {1}. The cost to destroy a noncreature artifact with converted mana cost 1 is {1} + {1} + {1} = {3}. The cost to destroy a noncreature artifact with converted mana cost 2 is {2} + {2} + {1} = {5}. And so on."}],"legalities":{"Ice Age Block":"Legal","Legacy":"Legal","Vintage":"Legal","Freeform":"Legal","Prismatic":"Legal","Tribal Wars Legacy":"Legal","Singleton 100":"Legal","Commander":"Legal"},"number":"72a","imageName":"gorilla shaman","printings":["Alliances","Coldsnap Theme Decks","Masters Edition II"],"source":"Aurochs Stampede Theme Deck"},{"layout":"normal","type":"Enchantment","types":["Enchantment"],"colors":["Blue"],"name":"Iceberg","rarity":"Special","cmc":2,"manaCost":"{X}{U}{U}","text":"Iceberg enters the battlefield with X ice counters on it.\n{3}: Put an ice counter on Iceberg.\nRemove an ice counter from Iceberg: Add {1} to your mana pool.","artist":"Jeff A. Menges","legalities":{"Ice Age Block":"Legal","Legacy":"Legal","Vintage":"Legal","Freeform":"Legal","Prismatic":"Legal","Tribal Wars Legacy":"Legal","Singleton 100":"Legal","Commander":"Legal"},"number":"73","imageName":"iceberg","printings":["Ice Age","Coldsnap Theme Decks","Masters Edition II"],"source":"Snowscape Theme Deck"},{"layout":"normal","type":"Instant","types":["Instant"],"colors":["Red"],"name":"Incinerate","rarity":"Special","cmc":2,"manaCost":"{1}{R}","text":"Incinerate deals 3 damage to target creature or player. A creature dealt damage this way can't be regenerated this turn.","flavor":"\"Yes, I think ‘toast' is an appropriate description.\"\n—Jaya Ballard, Task Mage","artist":"Mark Poole","rulings":[{"date":"2007-07-15","text":"Regeneration abilities that would affect that creature can still be activated; they just won't do anything. The creature can't be regenerated for any reason, even if an effect other than Incinerate would deal lethal damage to it or otherwise destroy it."}],"legalities":{"Modern":"Legal","Mirage Block":"Legal","Ice Age Block":"Legal","Legacy":"Legal","Vintage":"Legal","Freeform":"Legal","Prismatic":"Legal","Tribal Wars Legacy":"Legal","Singleton 100":"Legal","Commander":"Legal"},"number":"194","foreignNames":[{"language":"Chinese Traditional","name":"焚化"},{"language":"Chinese Simplified","name":"焚化"},{"language":"French","name":"Incinération"},{"language":"German","name":"Einäscherung"},{"language":"Italian","name":"Incenerire"},{"language":"Japanese","name":"火葬"},{"language":"Portuguese (Brazil)","name":"Incinerar"},{"language":"Russian","name":"Сжигание"},{"language":"Spanish","name":"Incinerar"}],"imageName":"incinerate","printings":["Legend Membership","Ice Age","Mirage","Fifth Edition","Magic Player Rewards","Deckmasters","Coldsnap Theme Decks","Tenth Edition","Masters Edition II","Duel Decks: Jace vs. Chandra","Duels of the Planeswalkers","Magic 2012"],"source":"Aurochs Stampede Theme Deck"},{"layout":"normal","type":"Creature — Worm","types":["Creature"],"colors":["Black"],"name":"Insidious Bookworms","rarity":"Special","subtypes":["Worm"],"power":"1","toughness":"1","cmc":1,"manaCost":"{B}","text":"When Insidious Bookworms dies, you may pay {1}{B}. If you do, target player discards a card at random.","artist":"Greg Simanson","legalities":{"Ice Age Block":"Legal","Legacy":"Legal","Vintage":"Legal","Commander":"Legal"},"number":"51a","imageName":"insidious bookworms","printings":["Alliances","Coldsnap Theme Decks"],"source":"Beyond the Grave Theme Deck"},{"layout":"normal","supertypes":["Basic"],"type":"Basic Land — Island","types":["Land"],"name":"Island","rarity":"Basic Land","subtypes":["Island"],"artist":"Anson Maddocks","legalities":{"Standard":"Legal","Modern":"Legal","Theros Block":"Legal","Return to Ravnica Block":"Legal","Innistrad Block":"Legal","Scars of Mirrodin Block":"Legal","Zendikar Block":"Legal","Shards of Alara Block":"Legal","Lorwyn-Shadowmoor Block":"Legal","Time Spiral Block":"Legal","Ravnica Block":"Legal","Kamigawa Block":"Legal","Mirrodin Block":"Legal","Onslaught Block":"Legal","Odyssey Block":"Legal","Invasion Block":"Legal","Masques Block":"Legal","Urza Block":"Legal","Tempest Block":"Legal","Mirage Block":"Legal","Ice Age Block":"Legal","Un-Sets":"Legal","Legacy":"Legal","Vintage":"Legal","Freeform":"Legal","Prismatic":"Legal","Tribal Wars Legacy":"Legal","Tribal Wars Standard":"Legal","Singleton 100":"Legal","Commander":"Legal"},"number":"372","foreignNames":[{"language":"Chinese Simplified","name":"海岛"},{"language":"Chinese Traditional","name":"海島"},{"language":"French","name":"Île"},{"language":"German","name":"Insel"},{"language":"Italian","name":"Isola"},{"language":"Japanese","name":"島"},{"language":"Korean","name":"섬"},{"language":"Portuguese (Brazil)","name":"Ilha"},{"language":"Russian","name":"Остров"},{"language":"Spanish","name":"Isla"}],"imageName":"island1","printings":["Limited Edition Alpha","Limited Edition Beta","Unlimited Edition","Revised Edition","Fourth Edition","Ice Age","Rivals Quick Start Set","Arena League","Mirage","Introductory Two-Player Set","Fifth Edition","Portal","Tempest","Judge Gift Program","Portal Second Age","Unglued","Asia Pacific Land Program","Urza's Saga","Classic Sixth Edition","Portal Three Kingdoms","Starter 1999","Guru","Mercadian Masques","Battle Royale Box Set","European Land Program","Starter 2000","Beatdown Box Set","Invasion","Seventh Edition","Odyssey","Onslaught","Eighth Edition","Mirrodin","Champions of Kamigawa","Unhinged","Ninth Edition","Ravnica: City of Guilds","Coldsnap Theme Decks","Time Spiral","Tenth Edition","Masters Edition","Lorwyn","Shadowmoor","Shards of Alara","Duel Decks: Jace vs. Chandra","Magic 2010","Planechase","Masters Edition III","Zendikar","Premium Deck Series: Slivers","Duel Decks: Phyrexia vs. the Coalition","Rise of the Eldrazi","Duels of the Planeswalkers","Archenemy","Magic 2011","Duel Decks: Elspeth vs. Tezzeret","Scars of Mirrodin","Mirrodin Besieged","New Phyrexia","Magic: The Gathering-Commander","Magic 2012","Duel Decks: Ajani vs. Nicol Bolas","Innistrad","Duel Decks: Venser vs. Koth","Avacyn Restored","Planechase 2012 Edition","Magic 2013","Duel Decks: Izzet vs. Golgari","Return to Ravnica","Magic 2014 Core Set","Theros","Commander 2013 Edition","Duel Decks: Jace vs. Vraska","Magic 2015 Core Set","Duel Decks: Speed vs. Cunning","Khans of Tarkir","Commander 2014","Fate Reforged"],"source":"Kjeldoran Cunning Theme Deck"},{"layout":"normal","supertypes":["Basic"],"type":"Basic Land — Island","types":["Land"],"name":"Island","rarity":"Basic Land","subtypes":["Island"],"artist":"Anson Maddocks","legalities":{"Standard":"Legal","Modern":"Legal","Theros Block":"Legal","Return to Ravnica Block":"Legal","Innistrad Block":"Legal","Scars of Mirrodin Block":"Legal","Zendikar Block":"Legal","Shards of Alara Block":"Legal","Lorwyn-Shadowmoor Block":"Legal","Time Spiral Block":"Legal","Ravnica Block":"Legal","Kamigawa Block":"Legal","Mirrodin Block":"Legal","Onslaught Block":"Legal","Odyssey Block":"Legal","Invasion Block":"Legal","Masques Block":"Legal","Urza Block":"Legal","Tempest Block":"Legal","Mirage Block":"Legal","Ice Age Block":"Legal","Un-Sets":"Legal","Legacy":"Legal","Vintage":"Legal","Freeform":"Legal","Prismatic":"Legal","Tribal Wars Legacy":"Legal","Tribal Wars Standard":"Legal","Singleton 100":"Legal","Commander":"Legal"},"number":"373","foreignNames":[{"language":"Chinese Simplified","name":"海岛"},{"language":"Chinese Traditional","name":"海島"},{"language":"French","name":"Île"},{"language":"German","name":"Insel"},{"language":"Italian","name":"Isola"},{"language":"Japanese","name":"島"},{"language":"Korean","name":"섬"},{"language":"Portuguese (Brazil)","name":"Ilha"},{"language":"Russian","name":"Остров"},{"language":"Spanish","name":"Isla"}],"imageName":"island2","printings":["Limited Edition Alpha","Limited Edition Beta","Unlimited Edition","Revised Edition","Fourth Edition","Ice Age","Rivals Quick Start Set","Arena League","Mirage","Introductory Two-Player Set","Fifth Edition","Portal","Tempest","Judge Gift Program","Portal Second Age","Unglued","Asia Pacific Land Program","Urza's Saga","Classic Sixth Edition","Portal Three Kingdoms","Starter 1999","Guru","Mercadian Masques","Battle Royale Box Set","European Land Program","Starter 2000","Beatdown Box Set","Invasion","Seventh Edition","Odyssey","Onslaught","Eighth Edition","Mirrodin","Champions of Kamigawa","Unhinged","Ninth Edition","Ravnica: City of Guilds","Coldsnap Theme Decks","Time Spiral","Tenth Edition","Masters Edition","Lorwyn","Shadowmoor","Shards of Alara","Duel Decks: Jace vs. Chandra","Magic 2010","Planechase","Masters Edition III","Zendikar","Premium Deck Series: Slivers","Duel Decks: Phyrexia vs. the Coalition","Rise of the Eldrazi","Duels of the Planeswalkers","Archenemy","Magic 2011","Duel Decks: Elspeth vs. Tezzeret","Scars of Mirrodin","Mirrodin Besieged","New Phyrexia","Magic: The Gathering-Commander","Magic 2012","Duel Decks: Ajani vs. Nicol Bolas","Innistrad","Duel Decks: Venser vs. Koth","Avacyn Restored","Planechase 2012 Edition","Magic 2013","Duel Decks: Izzet vs. Golgari","Return to Ravnica","Magic 2014 Core Set","Theros","Commander 2013 Edition","Duel Decks: Jace vs. Vraska","Magic 2015 Core Set","Duel Decks: Speed vs. Cunning","Khans of Tarkir","Commander 2014","Fate Reforged"],"source":"Kjeldoran Cunning Theme Deck"},{"layout":"normal","supertypes":["Basic"],"type":"Basic Land — Island","types":["Land"],"name":"Island","rarity":"Basic Land","subtypes":["Island"],"artist":"Anson Maddocks","legalities":{"Standard":"Legal","Modern":"Legal","Theros Block":"Legal","Return to Ravnica Block":"Legal","Innistrad Block":"Legal","Scars of Mirrodin Block":"Legal","Zendikar Block":"Legal","Shards of Alara Block":"Legal","Lorwyn-Shadowmoor Block":"Legal","Time Spiral Block":"Legal","Ravnica Block":"Legal","Kamigawa Block":"Legal","Mirrodin Block":"Legal","Onslaught Block":"Legal","Odyssey Block":"Legal","Invasion Block":"Legal","Masques Block":"Legal","Urza Block":"Legal","Tempest Block":"Legal","Mirage Block":"Legal","Ice Age Block":"Legal","Un-Sets":"Legal","Legacy":"Legal","Vintage":"Legal","Freeform":"Legal","Prismatic":"Legal","Tribal Wars Legacy":"Legal","Tribal Wars Standard":"Legal","Singleton 100":"Legal","Commander":"Legal"},"number":"374","foreignNames":[{"language":"Chinese Simplified","name":"海岛"},{"language":"Chinese Traditional","name":"海島"},{"language":"French","name":"Île"},{"language":"German","name":"Insel"},{"language":"Italian","name":"Isola"},{"language":"Japanese","name":"島"},{"language":"Korean","name":"섬"},{"language":"Portuguese (Brazil)","name":"Ilha"},{"language":"Russian","name":"Остров"},{"language":"Spanish","name":"Isla"}],"imageName":"island3","printings":["Limited Edition Alpha","Limited Edition Beta","Unlimited Edition","Revised Edition","Fourth Edition","Ice Age","Rivals Quick Start Set","Arena League","Mirage","Introductory Two-Player Set","Fifth Edition","Portal","Tempest","Judge Gift Program","Portal Second Age","Unglued","Asia Pacific Land Program","Urza's Saga","Classic Sixth Edition","Portal Three Kingdoms","Starter 1999","Guru","Mercadian Masques","Battle Royale Box Set","European Land Program","Starter 2000","Beatdown Box Set","Invasion","Seventh Edition","Odyssey","Onslaught","Eighth Edition","Mirrodin","Champions of Kamigawa","Unhinged","Ninth Edition","Ravnica: City of Guilds","Coldsnap Theme Decks","Time Spiral","Tenth Edition","Masters Edition","Lorwyn","Shadowmoor","Shards of Alara","Duel Decks: Jace vs. Chandra","Magic 2010","Planechase","Masters Edition III","Zendikar","Premium Deck Series: Slivers","Duel Decks: Phyrexia vs. the Coalition","Rise of the Eldrazi","Duels of the Planeswalkers","Archenemy","Magic 2011","Duel Decks: Elspeth vs. Tezzeret","Scars of Mirrodin","Mirrodin Besieged","New Phyrexia","Magic: The Gathering-Commander","Magic 2012","Duel Decks: Ajani vs. Nicol Bolas","Innistrad","Duel Decks: Venser vs. Koth","Avacyn Restored","Planechase 2012 Edition","Magic 2013","Duel Decks: Izzet vs. Golgari","Return to Ravnica","Magic 2014 Core Set","Theros","Commander 2013 Edition","Duel Decks: Jace vs. Vraska","Magic 2015 Core Set","Duel Decks: Speed vs. Cunning","Khans of Tarkir","Commander 2014","Fate Reforged"],"source":"Kjeldoran Cunning Theme Deck"},{"layout":"normal","type":"Creature — Skeleton","types":["Creature"],"colors":["Black"],"name":"Kjeldoran Dead","rarity":"Special","subtypes":["Skeleton"],"power":"3","toughness":"1","cmc":1,"manaCost":"{B}","text":"When Kjeldoran Dead enters the battlefield, sacrifice a creature.\n{B}: Regenerate Kjeldoran Dead.","flavor":"\"They shall kill those whom once they loved.\"\n—Lim-Dûl, the Necromancer","artist":"Melissa A. Benson","rulings":[{"date":"2004-10-04","text":"The sacrifice is a triggered ability and not a cost."},{"date":"2008-10-01","text":"When Kjeldoran Dead's enters-the-battlefield ability resolves, if you don't control any other creatures, you must sacrifice Kjeldoran Dead itself."}],"legalities":{"Ice Age Block":"Legal","Legacy":"Legal","Vintage":"Legal","Freeform":"Legal","Prismatic":"Legal","Tribal Wars Legacy":"Legal","Singleton 100":"Legal","Commander":"Legal"},"number":"137","imageName":"kjeldoran dead","printings":["Ice Age","Fifth Edition","Classic Sixth Edition","Coldsnap Theme Decks","Masters Edition II"],"source":"Beyond the Grave Theme Deck"},{"layout":"normal","type":"Creature — Human Soldier","types":["Creature"],"colors":["White"],"name":"Kjeldoran Elite Guard","rarity":"Special","subtypes":["Human","Soldier"],"power":"2","toughness":"2","cmc":4,"manaCost":"{3}{W}","text":"{T}: Target creature gets +2/+2 until end of turn. When that creature leaves the battlefield this turn, sacrifice Kjeldoran Elite Guard. Activate this ability only during combat.","flavor":"The winged helms of the Guard are put on for pageants—but taken off for war.","artist":"Melissa A. Benson","legalities":{"Ice Age Block":"Legal","Legacy":"Legal","Vintage":"Legal","Freeform":"Legal","Prismatic":"Legal","Tribal Wars Legacy":"Legal","Singleton 100":"Legal","Commander":"Legal"},"number":"34","imageName":"kjeldoran elite guard","printings":["Ice Age","Coldsnap Theme Decks","Masters Edition II"],"source":"Kjeldoran Cunning Theme Deck"},{"layout":"normal","type":"Creature — Human Soldier","types":["Creature"],"colors":["White"],"name":"Kjeldoran Home Guard","rarity":"Special","subtypes":["Human","Soldier"],"power":"1","toughness":"6","cmc":4,"manaCost":"{3}{W}","text":"At end of combat, if Kjeldoran Home Guard attacked or blocked this combat, put a -0/-1 counter on Kjeldoran Home Guard and put a 0/1 white Deserter creature token onto the battlefield.","artist":"Andi Rusu","rulings":[{"date":"2008-10-01","text":"The ability will trigger only if Kjeldoran Home Guard is still on the battlefield at end of combat. If it's been dealt lethal combat damage and destroyed during that combat (or has left the battlefield during that combat by any other means), its ability won't trigger and you won't get a token."},{"date":"2008-10-01","text":"You put the Deserter token onto the battlefield even if you can't put a -0/-1 counter on Kjeldoran Home Guard (because it left the battlefield after its ability triggered but before it resolved, for example)."}],"legalities":{"Ice Age Block":"Legal","Legacy":"Legal","Vintage":"Legal","Freeform":"Legal","Prismatic":"Legal","Tribal Wars Legacy":"Legal","Singleton 100":"Legal","Commander":"Legal"},"number":"8","imageName":"kjeldoran home guard","printings":["Alliances","Coldsnap Theme Decks","Masters Edition II"],"source":"Kjeldoran Cunning Theme Deck"},{"layout":"normal","type":"Enchantment — Aura","types":["Enchantment"],"colors":["White"],"name":"Kjeldoran Pride","rarity":"Special","subtypes":["Aura"],"cmc":2,"manaCost":"{1}{W}","text":"Enchant creature\nEnchanted creature gets +1/+2.\n{2}{U}: Attach Kjeldoran Pride to target creature other than enchanted creature.","artist":"Kaja Foglio","rulings":[{"date":"2004-10-04","text":"The activated ability moves this card to a new permanent."}],"legalities":{"Ice Age Block":"Legal","Legacy":"Legal","Vintage":"Legal","Commander":"Legal"},"number":"9b","imageName":"kjeldoran pride","printings":["Alliances","Coldsnap Theme Decks"],"source":"Kjeldoran Cunning Theme Deck"},{"layout":"normal","type":"Instant","types":["Instant"],"colors":["Blue"],"name":"Lat-Nam's Legacy","rarity":"Special","cmc":2,"manaCost":"{1}{U}","text":"Shuffle a card from your hand into your library. If you do, draw two cards at the beginning of the next turn's upkeep.","flavor":"\"All the knowledge of Lat-Nam could not protect its sages from the Brothers' War.\"\n—Gerda Äagesdotter, Archmage of the Unseen","artist":"Tom Wänerstrand","rulings":[{"date":"2008-10-01","text":"Shuffling a card from your hand into your library is mandatory. The effect says \"if you do\" because performing that action might have been impossible. If you fail to shuffle a card into your library because your hand was empty, you won't draw any cards."}],"legalities":{"Ice Age Block":"Legal","Legacy":"Legal","Vintage":"Legal","Freeform":"Legal","Prismatic":"Legal","Tribal Wars Legacy":"Legal","Singleton 100":"Legal","Commander":"Legal"},"number":"30b","imageName":"lat-nam's legacy","printings":["Alliances","Coldsnap Theme Decks","Masters Edition II"],"source":"Kjeldoran Cunning Theme Deck"},{"layout":"normal","type":"Creature — Zombie","types":["Creature"],"colors":["Black"],"name":"Legions of Lim-Dûl","rarity":"Special","subtypes":["Zombie"],"power":"2","toughness":"3","cmc":3,"manaCost":"{1}{B}{B}","text":"Snow swampwalk","flavor":"\"I have seen the faces of my dead friends among that grim band, and I can bear no more.\"\n—Lucilde Fiksdotter, Leader of the Order of the White Shield.","artist":"Anson Maddocks","legalities":{"Ice Age Block":"Legal","Legacy":"Legal","Vintage":"Legal","Commander":"Legal"},"number":"142","imageName":"legions of lim-dul","printings":["Ice Age","Coldsnap Theme Decks"],"source":"Snowscape Theme Deck"},{"layout":"normal","type":"Creature — Illusion","types":["Creature"],"colors":["Blue"],"name":"Mistfolk","rarity":"Special","subtypes":["Illusion"],"power":"1","toughness":"2","cmc":2,"manaCost":"{U}{U}","text":"{U}: Counter target spell that targets Mistfolk.","flavor":"\"Although my official log will state there is no evidence pointing to the existence of the Mistfolk, my certainty is lessened by the cursed consistency of the expedition's eyewitness accounts.\"\n—Disa the Restless, journal entry","artist":"Quinton Hoover","legalities":{"Ice Age Block":"Legal","Legacy":"Legal","Vintage":"Legal","Commander":"Legal"},"number":"84","imageName":"mistfolk","printings":["Ice Age","Coldsnap Theme Decks"],"source":"Snowscape Theme Deck"},{"layout":"normal","supertypes":["Basic"],"type":"Basic Land — Mountain","types":["Land"],"name":"Mountain","rarity":"Basic Land","subtypes":["Mountain"],"artist":"Tom Wänerstrand","legalities":{"Standard":"Legal","Modern":"Legal","Theros Block":"Legal","Return to Ravnica Block":"Legal","Innistrad Block":"Legal","Scars of Mirrodin Block":"Legal","Zendikar Block":"Legal","Shards of Alara Block":"Legal","Lorwyn-Shadowmoor Block":"Legal","Time Spiral Block":"Legal","Ravnica Block":"Legal","Kamigawa Block":"Legal","Mirrodin Block":"Legal","Onslaught Block":"Legal","Odyssey Block":"Legal","Invasion Block":"Legal","Masques Block":"Legal","Urza Block":"Legal","Tempest Block":"Legal","Mirage Block":"Legal","Ice Age Block":"Legal","Un-Sets":"Legal","Legacy":"Legal","Vintage":"Legal","Freeform":"Legal","Prismatic":"Legal","Tribal Wars Legacy":"Legal","Tribal Wars Standard":"Legal","Singleton 100":"Legal","Commander":"Legal"},"number":"378","foreignNames":[{"language":"Chinese Simplified","name":"山脉"},{"language":"Chinese Traditional","name":"山脈"},{"language":"French","name":"Montagne"},{"language":"German","name":"Gebirge"},{"language":"Italian","name":"Montagna"},{"language":"Japanese","name":"山"},{"language":"Korean","name":"산"},{"language":"Portuguese (Brazil)","name":"Montanha"},{"language":"Russian","name":"Гора"},{"language":"Spanish","name":"Montaña"}],"imageName":"mountain1","printings":["Limited Edition Alpha","Limited Edition Beta","Unlimited Edition","Arabian Nights","Revised Edition","Fourth Edition","Ice Age","Rivals Quick Start Set","Arena League","Mirage","Introductory Two-Player Set","Fifth Edition","Portal","Tempest","Judge Gift Program","Portal Second Age","Unglued","Asia Pacific Land Program","Urza's Saga","Anthologies","Classic Sixth Edition","Portal Three Kingdoms","Starter 1999","Guru","Mercadian Masques","Battle Royale Box Set","European Land Program","Starter 2000","Beatdown Box Set","Invasion","Seventh Edition","Odyssey","Deckmasters","Onslaught","Eighth Edition","Mirrodin","Champions of Kamigawa","Unhinged","Ninth Edition","Ravnica: City of Guilds","Coldsnap Theme Decks","Time Spiral","Tenth Edition","Masters Edition","Lorwyn","Duel Decks: Elves vs. Goblins","Shadowmoor","Shards of Alara","Duel Decks: Jace vs. Chandra","Magic 2010","Planechase","Masters Edition III","Zendikar","Premium Deck Series: Slivers","Duel Decks: Phyrexia vs. the Coalition","Rise of the Eldrazi","Duels of the Planeswalkers","Archenemy","Magic 2011","Scars of Mirrodin","Premium Deck Series: Fire and Lightning","Mirrodin Besieged","Duel Decks: Knights vs. Dragons","New Phyrexia","Magic: The Gathering-Commander","Magic 2012","Duel Decks: Ajani vs. Nicol Bolas","Innistrad","Duel Decks: Venser vs. Koth","Avacyn Restored","Planechase 2012 Edition","Magic 2013","Duel Decks: Izzet vs. Golgari","Return to Ravnica","Duel Decks: Sorin vs. Tibalt","Magic 2014 Core Set","Duel Decks: Heroes vs. Monsters","Theros","Commander 2013 Edition","Magic 2015 Core Set","Duel Decks: Speed vs. Cunning","Khans of Tarkir","Commander 2014","Fate Reforged"],"source":"Beyond the Grave Theme Deck"},{"layout":"normal","supertypes":["Basic"],"type":"Basic Land — Mountain","types":["Land"],"name":"Mountain","rarity":"Basic Land","subtypes":["Mountain"],"artist":"Tom Wänerstrand","legalities":{"Standard":"Legal","Modern":"Legal","Theros Block":"Legal","Return to Ravnica Block":"Legal","Innistrad Block":"Legal","Scars of Mirrodin Block":"Legal","Zendikar Block":"Legal","Shards of Alara Block":"Legal","Lorwyn-Shadowmoor Block":"Legal","Time Spiral Block":"Legal","Ravnica Block":"Legal","Kamigawa Block":"Legal","Mirrodin Block":"Legal","Onslaught Block":"Legal","Odyssey Block":"Legal","Invasion Block":"Legal","Masques Block":"Legal","Urza Block":"Legal","Tempest Block":"Legal","Mirage Block":"Legal","Ice Age Block":"Legal","Un-Sets":"Legal","Legacy":"Legal","Vintage":"Legal","Freeform":"Legal","Prismatic":"Legal","Tribal Wars Legacy":"Legal","Tribal Wars Standard":"Legal","Singleton 100":"Legal","Commander":"Legal"},"number":"379","foreignNames":[{"language":"Chinese Simplified","name":"山脉"},{"language":"Chinese Traditional","name":"山脈"},{"language":"French","name":"Montagne"},{"language":"German","name":"Gebirge"},{"language":"Italian","name":"Montagna"},{"language":"Japanese","name":"山"},{"language":"Korean","name":"산"},{"language":"Portuguese (Brazil)","name":"Montanha"},{"language":"Russian","name":"Гора"},{"language":"Spanish","name":"Montaña"}],"imageName":"mountain2","printings":["Limited Edition Alpha","Limited Edition Beta","Unlimited Edition","Arabian Nights","Revised Edition","Fourth Edition","Ice Age","Rivals Quick Start Set","Arena League","Mirage","Introductory Two-Player Set","Fifth Edition","Portal","Tempest","Judge Gift Program","Portal Second Age","Unglued","Asia Pacific Land Program","Urza's Saga","Anthologies","Classic Sixth Edition","Portal Three Kingdoms","Starter 1999","Guru","Mercadian Masques","Battle Royale Box Set","European Land Program","Starter 2000","Beatdown Box Set","Invasion","Seventh Edition","Odyssey","Deckmasters","Onslaught","Eighth Edition","Mirrodin","Champions of Kamigawa","Unhinged","Ninth Edition","Ravnica: City of Guilds","Coldsnap Theme Decks","Time Spiral","Tenth Edition","Masters Edition","Lorwyn","Duel Decks: Elves vs. Goblins","Shadowmoor","Shards of Alara","Duel Decks: Jace vs. Chandra","Magic 2010","Planechase","Masters Edition III","Zendikar","Premium Deck Series: Slivers","Duel Decks: Phyrexia vs. the Coalition","Rise of the Eldrazi","Duels of the Planeswalkers","Archenemy","Magic 2011","Scars of Mirrodin","Premium Deck Series: Fire and Lightning","Mirrodin Besieged","Duel Decks: Knights vs. Dragons","New Phyrexia","Magic: The Gathering-Commander","Magic 2012","Duel Decks: Ajani vs. Nicol Bolas","Innistrad","Duel Decks: Venser vs. Koth","Avacyn Restored","Planechase 2012 Edition","Magic 2013","Duel Decks: Izzet vs. Golgari","Return to Ravnica","Duel Decks: Sorin vs. Tibalt","Magic 2014 Core Set","Duel Decks: Heroes vs. Monsters","Theros","Commander 2013 Edition","Magic 2015 Core Set","Duel Decks: Speed vs. Cunning","Khans of Tarkir","Commander 2014","Fate Reforged"],"source":"Beyond the Grave Theme Deck"},{"layout":"normal","supertypes":["Basic"],"type":"Basic Land — Mountain","types":["Land"],"name":"Mountain","rarity":"Basic Land","subtypes":["Mountain"],"artist":"Tom Wänerstrand","legalities":{"Standard":"Legal","Modern":"Legal","Theros Block":"Legal","Return to Ravnica Block":"Legal","Innistrad Block":"Legal","Scars of Mirrodin Block":"Legal","Zendikar Block":"Legal","Shards of Alara Block":"Legal","Lorwyn-Shadowmoor Block":"Legal","Time Spiral Block":"Legal","Ravnica Block":"Legal","Kamigawa Block":"Legal","Mirrodin Block":"Legal","Onslaught Block":"Legal","Odyssey Block":"Legal","Invasion Block":"Legal","Masques Block":"Legal","Urza Block":"Legal","Tempest Block":"Legal","Mirage Block":"Legal","Ice Age Block":"Legal","Un-Sets":"Legal","Legacy":"Legal","Vintage":"Legal","Freeform":"Legal","Prismatic":"Legal","Tribal Wars Legacy":"Legal","Tribal Wars Standard":"Legal","Singleton 100":"Legal","Commander":"Legal"},"number":"380","foreignNames":[{"language":"Chinese Simplified","name":"山脉"},{"language":"Chinese Traditional","name":"山脈"},{"language":"French","name":"Montagne"},{"language":"German","name":"Gebirge"},{"language":"Italian","name":"Montagna"},{"language":"Japanese","name":"山"},{"language":"Korean","name":"산"},{"language":"Portuguese (Brazil)","name":"Montanha"},{"language":"Russian","name":"Гора"},{"language":"Spanish","name":"Montaña"}],"imageName":"mountain3","printings":["Limited Edition Alpha","Limited Edition Beta","Unlimited Edition","Arabian Nights","Revised Edition","Fourth Edition","Ice Age","Rivals Quick Start Set","Arena League","Mirage","Introductory Two-Player Set","Fifth Edition","Portal","Tempest","Judge Gift Program","Portal Second Age","Unglued","Asia Pacific Land Program","Urza's Saga","Anthologies","Classic Sixth Edition","Portal Three Kingdoms","Starter 1999","Guru","Mercadian Masques","Battle Royale Box Set","European Land Program","Starter 2000","Beatdown Box Set","Invasion","Seventh Edition","Odyssey","Deckmasters","Onslaught","Eighth Edition","Mirrodin","Champions of Kamigawa","Unhinged","Ninth Edition","Ravnica: City of Guilds","Coldsnap Theme Decks","Time Spiral","Tenth Edition","Masters Edition","Lorwyn","Duel Decks: Elves vs. Goblins","Shadowmoor","Shards of Alara","Duel Decks: Jace vs. Chandra","Magic 2010","Planechase","Masters Edition III","Zendikar","Premium Deck Series: Slivers","Duel Decks: Phyrexia vs. the Coalition","Rise of the Eldrazi","Duels of the Planeswalkers","Archenemy","Magic 2011","Scars of Mirrodin","Premium Deck Series: Fire and Lightning","Mirrodin Besieged","Duel Decks: Knights vs. Dragons","New Phyrexia","Magic: The Gathering-Commander","Magic 2012","Duel Decks: Ajani vs. Nicol Bolas","Innistrad","Duel Decks: Venser vs. Koth","Avacyn Restored","Planechase 2012 Edition","Magic 2013","Duel Decks: Izzet vs. Golgari","Return to Ravnica","Duel Decks: Sorin vs. Tibalt","Magic 2014 Core Set","Duel Decks: Heroes vs. Monsters","Theros","Commander 2013 Edition","Magic 2015 Core Set","Duel Decks: Speed vs. Cunning","Khans of Tarkir","Commander 2014","Fate Reforged"],"source":"Beyond the Grave Theme Deck"},{"layout":"normal","type":"Creature — Orc Cleric","types":["Creature"],"colors":["Red"],"name":"Orcish Healer","rarity":"Special","subtypes":["Orc","Cleric"],"power":"1","toughness":"1","cmc":2,"manaCost":"{R}{R}","text":"{R}{R}, {T}: Target creature can't be regenerated this turn.\n{B}{B}{R}, {T}: Regenerate target black or green creature.\n{R}{G}{G}, {T}: Regenerate target black or green creature.","artist":"Quinton Hoover","legalities":{"Ice Age Block":"Legal","Legacy":"Legal","Vintage":"Legal","Commander":"Legal"},"number":"208","imageName":"orcish healer","printings":["Ice Age","Coldsnap Theme Decks"],"source":"Beyond the Grave Theme Deck"},{"layout":"normal","type":"Creature — Orc","types":["Creature"],"colors":["Red"],"name":"Orcish Lumberjack","rarity":"Special","subtypes":["Orc"],"power":"1","toughness":"1","cmc":1,"manaCost":"{R}","text":"{T}, Sacrifice a Forest: Add three mana in any combination of {R} and/or {G} to your mana pool.","flavor":"\"How did I ever let myself get talked into this project?\"\n—Toothlicker Harj, Orcish Captain","artist":"Dan Frazier","legalities":{"Ice Age Block":"Legal","Legacy":"Legal","Vintage":"Legal","Freeform":"Legal","Prismatic":"Legal","Tribal Wars Legacy":"Legal","Singleton 100":"Legal","Commander":"Legal"},"number":"210","foreignNames":[{"language":"Japanese","name":"オークの木こり"}],"imageName":"orcish lumberjack","printings":["Ice Age","Coldsnap Theme Decks","Masters Edition II","Duel Decks: Heroes vs. Monsters","Vintage Masters"],"source":"Aurochs Stampede Theme Deck"},{"layout":"normal","type":"Creature — Illusion","types":["Creature"],"colors":["Black"],"name":"Phantasmal Fiend","rarity":"Special","subtypes":["Illusion"],"power":"1","toughness":"5","cmc":4,"manaCost":"{3}{B}","text":"{B}: Phantasmal Fiend gets +1/-1 until end of turn.\n{1}{U}: Switch Phantasmal Fiend's power and toughness until end of turn.","artist":"Scott Kirschner","rulings":[{"date":"2005-11-01","text":"Note that the wording \"Effects that alter the creature's power alter its toughness instead, and vice versa, this turn\" has been removed."},{"date":"2008-10-01","text":"Effects that switch power and toughness are always applied last when determining a creature's power and toughness, even if other power/toughness-changing effects are created later in the turn. For example, if you activate Phantasmal Fiend's first ability, it will become 2/4. Then if you activate its second ability, it will become 4/2. Then if you activate its first ability again, it will become 3/3."},{"date":"2013-04-15","text":"Effects that switch power and toughness apply after all other effects that change power and/or toughness, regardless of which effect was created first."},{"date":"2013-04-15","text":"Switching a creature's power and toughness twice (or any even number of times) effectively returns the creature to the power and toughness it had before any switches."}],"legalities":{"Ice Age Block":"Legal","Legacy":"Legal","Vintage":"Legal","Freeform":"Legal","Prismatic":"Legal","Tribal Wars Legacy":"Legal","Singleton 100":"Legal","Commander":"Legal"},"number":"57a","imageName":"phantasmal fiend","printings":["Alliances","Deckmasters","Coldsnap Theme Decks","Masters Edition II"],"source":"Snowscape Theme Deck"},{"layout":"normal","supertypes":["Basic"],"type":"Basic Land — Plains","types":["Land"],"name":"Plains","rarity":"Basic Land","subtypes":["Plains"],"artist":"Christoper Rush","legalities":{"Standard":"Legal","Modern":"Legal","Theros Block":"Legal","Return to Ravnica Block":"Legal","Innistrad Block":"Legal","Scars of Mirrodin Block":"Legal","Zendikar Block":"Legal","Shards of Alara Block":"Legal","Lorwyn-Shadowmoor Block":"Legal","Time Spiral Block":"Legal","Ravnica Block":"Legal","Kamigawa Block":"Legal","Mirrodin Block":"Legal","Onslaught Block":"Legal","Odyssey Block":"Legal","Invasion Block":"Legal","Masques Block":"Legal","Urza Block":"Legal","Tempest Block":"Legal","Mirage Block":"Legal","Ice Age Block":"Legal","Un-Sets":"Legal","Legacy":"Legal","Vintage":"Legal","Freeform":"Legal","Prismatic":"Legal","Tribal Wars Legacy":"Legal","Tribal Wars Standard":"Legal","Singleton 100":"Legal","Commander":"Legal"},"number":"369","foreignNames":[{"language":"Chinese Simplified","name":"平原"},{"language":"Chinese Traditional","name":"平原"},{"language":"French","name":"Plaine"},{"language":"German","name":"Ebene"},{"language":"Italian","name":"Pianura"},{"language":"Japanese","name":"平地"},{"language":"Korean","name":"들"},{"language":"Portuguese (Brazil)","name":"Planície"},{"language":"Russian","name":"Равнины"},{"language":"Spanish","name":"Llanura"}],"imageName":"plains1","printings":["Limited Edition Alpha","Limited Edition Beta","Unlimited Edition","Revised Edition","Fourth Edition","Ice Age","Rivals Quick Start Set","Arena League","Mirage","Introductory Two-Player Set","Fifth Edition","Portal","Prerelease Events","Tempest","Judge Gift Program","Portal Second Age","Unglued","Asia Pacific Land Program","Urza's Saga","Anthologies","Classic Sixth Edition","Portal Three Kingdoms","Starter 1999","Guru","Mercadian Masques","Battle Royale Box Set","European Land Program","Starter 2000","Invasion","Seventh Edition","Odyssey","Onslaught","Eighth Edition","Mirrodin","Champions of Kamigawa","Unhinged","Ninth Edition","Ravnica: City of Guilds","Coldsnap Theme Decks","Time Spiral","Tenth Edition","Masters Edition","Lorwyn","Shadowmoor","Shards of Alara","Duel Decks: Divine vs. Demonic","Magic 2010","Planechase","Masters Edition III","Zendikar","Premium Deck Series: Slivers","Duel Decks: Phyrexia vs. the Coalition","Rise of the Eldrazi","Archenemy","Magic 2011","Duel Decks: Elspeth vs. Tezzeret","Scars of Mirrodin","Mirrodin Besieged","Duel Decks: Knights vs. Dragons","New Phyrexia","Magic: The Gathering-Commander","Magic 2012","Duel Decks: Ajani vs. Nicol Bolas","Innistrad","Duel Decks: Venser vs. Koth","Avacyn Restored","Planechase 2012 Edition","Magic 2013","Return to Ravnica","Duel Decks: Sorin vs. Tibalt","Magic 2014 Core Set","Duel Decks: Heroes vs. Monsters","Theros","Commander 2013 Edition","Modern Event Deck 2014","Magic 2015 Core Set","Duel Decks: Speed vs. Cunning","Khans of Tarkir","Commander 2014","Fate Reforged"],"source":"Kjeldoran Cunning Theme Deck"},{"layout":"normal","supertypes":["Basic"],"type":"Basic Land — Plains","types":["Land"],"name":"Plains","rarity":"Basic Land","subtypes":["Plains"],"artist":"Christoper Rush","legalities":{"Standard":"Legal","Modern":"Legal","Theros Block":"Legal","Return to Ravnica Block":"Legal","Innistrad Block":"Legal","Scars of Mirrodin Block":"Legal","Zendikar Block":"Legal","Shards of Alara Block":"Legal","Lorwyn-Shadowmoor Block":"Legal","Time Spiral Block":"Legal","Ravnica Block":"Legal","Kamigawa Block":"Legal","Mirrodin Block":"Legal","Onslaught Block":"Legal","Odyssey Block":"Legal","Invasion Block":"Legal","Masques Block":"Legal","Urza Block":"Legal","Tempest Block":"Legal","Mirage Block":"Legal","Ice Age Block":"Legal","Un-Sets":"Legal","Legacy":"Legal","Vintage":"Legal","Freeform":"Legal","Prismatic":"Legal","Tribal Wars Legacy":"Legal","Tribal Wars Standard":"Legal","Singleton 100":"Legal","Commander":"Legal"},"number":"370","foreignNames":[{"language":"Chinese Simplified","name":"平原"},{"language":"Chinese Traditional","name":"平原"},{"language":"French","name":"Plaine"},{"language":"German","name":"Ebene"},{"language":"Italian","name":"Pianura"},{"language":"Japanese","name":"平地"},{"language":"Korean","name":"들"},{"language":"Portuguese (Brazil)","name":"Planície"},{"language":"Russian","name":"Равнины"},{"language":"Spanish","name":"Llanura"}],"imageName":"plains2","printings":["Limited Edition Alpha","Limited Edition Beta","Unlimited Edition","Revised Edition","Fourth Edition","Ice Age","Rivals Quick Start Set","Arena League","Mirage","Introductory Two-Player Set","Fifth Edition","Portal","Prerelease Events","Tempest","Judge Gift Program","Portal Second Age","Unglued","Asia Pacific Land Program","Urza's Saga","Anthologies","Classic Sixth Edition","Portal Three Kingdoms","Starter 1999","Guru","Mercadian Masques","Battle Royale Box Set","European Land Program","Starter 2000","Invasion","Seventh Edition","Odyssey","Onslaught","Eighth Edition","Mirrodin","Champions of Kamigawa","Unhinged","Ninth Edition","Ravnica: City of Guilds","Coldsnap Theme Decks","Time Spiral","Tenth Edition","Masters Edition","Lorwyn","Shadowmoor","Shards of Alara","Duel Decks: Divine vs. Demonic","Magic 2010","Planechase","Masters Edition III","Zendikar","Premium Deck Series: Slivers","Duel Decks: Phyrexia vs. the Coalition","Rise of the Eldrazi","Archenemy","Magic 2011","Duel Decks: Elspeth vs. Tezzeret","Scars of Mirrodin","Mirrodin Besieged","Duel Decks: Knights vs. Dragons","New Phyrexia","Magic: The Gathering-Commander","Magic 2012","Duel Decks: Ajani vs. Nicol Bolas","Innistrad","Duel Decks: Venser vs. Koth","Avacyn Restored","Planechase 2012 Edition","Magic 2013","Return to Ravnica","Duel Decks: Sorin vs. Tibalt","Magic 2014 Core Set","Duel Decks: Heroes vs. Monsters","Theros","Commander 2013 Edition","Modern Event Deck 2014","Magic 2015 Core Set","Duel Decks: Speed vs. Cunning","Khans of Tarkir","Commander 2014","Fate Reforged"],"source":"Kjeldoran Cunning Theme Deck"},{"layout":"normal","supertypes":["Basic"],"type":"Basic Land — Plains","types":["Land"],"name":"Plains","rarity":"Basic Land","subtypes":["Plains"],"artist":"Christoper Rush","legalities":{"Standard":"Legal","Modern":"Legal","Theros Block":"Legal","Return to Ravnica Block":"Legal","Innistrad Block":"Legal","Scars of Mirrodin Block":"Legal","Zendikar Block":"Legal","Shards of Alara Block":"Legal","Lorwyn-Shadowmoor Block":"Legal","Time Spiral Block":"Legal","Ravnica Block":"Legal","Kamigawa Block":"Legal","Mirrodin Block":"Legal","Onslaught Block":"Legal","Odyssey Block":"Legal","Invasion Block":"Legal","Masques Block":"Legal","Urza Block":"Legal","Tempest Block":"Legal","Mirage Block":"Legal","Ice Age Block":"Legal","Un-Sets":"Legal","Legacy":"Legal","Vintage":"Legal","Freeform":"Legal","Prismatic":"Legal","Tribal Wars Legacy":"Legal","Tribal Wars Standard":"Legal","Singleton 100":"Legal","Commander":"Legal"},"number":"371","foreignNames":[{"language":"Chinese Simplified","name":"平原"},{"language":"Chinese Traditional","name":"平原"},{"language":"French","name":"Plaine"},{"language":"German","name":"Ebene"},{"language":"Italian","name":"Pianura"},{"language":"Japanese","name":"平地"},{"language":"Korean","name":"들"},{"language":"Portuguese (Brazil)","name":"Planície"},{"language":"Russian","name":"Равнины"},{"language":"Spanish","name":"Llanura"}],"imageName":"plains3","printings":["Limited Edition Alpha","Limited Edition Beta","Unlimited Edition","Revised Edition","Fourth Edition","Ice Age","Rivals Quick Start Set","Arena League","Mirage","Introductory Two-Player Set","Fifth Edition","Portal","Prerelease Events","Tempest","Judge Gift Program","Portal Second Age","Unglued","Asia Pacific Land Program","Urza's Saga","Anthologies","Classic Sixth Edition","Portal Three Kingdoms","Starter 1999","Guru","Mercadian Masques","Battle Royale Box Set","European Land Program","Starter 2000","Invasion","Seventh Edition","Odyssey","Onslaught","Eighth Edition","Mirrodin","Champions of Kamigawa","Unhinged","Ninth Edition","Ravnica: City of Guilds","Coldsnap Theme Decks","Time Spiral","Tenth Edition","Masters Edition","Lorwyn","Shadowmoor","Shards of Alara","Duel Decks: Divine vs. Demonic","Magic 2010","Planechase","Masters Edition III","Zendikar","Premium Deck Series: Slivers","Duel Decks: Phyrexia vs. the Coalition","Rise of the Eldrazi","Archenemy","Magic 2011","Duel Decks: Elspeth vs. Tezzeret","Scars of Mirrodin","Mirrodin Besieged","Duel Decks: Knights vs. Dragons","New Phyrexia","Magic: The Gathering-Commander","Magic 2012","Duel Decks: Ajani vs. Nicol Bolas","Innistrad","Duel Decks: Venser vs. Koth","Avacyn Restored","Planechase 2012 Edition","Magic 2013","Return to Ravnica","Duel Decks: Sorin vs. Tibalt","Magic 2014 Core Set","Duel Decks: Heroes vs. Monsters","Theros","Commander 2013 Edition","Modern Event Deck 2014","Magic 2015 Core Set","Duel Decks: Speed vs. Cunning","Khans of Tarkir","Commander 2014","Fate Reforged"],"source":"Kjeldoran Cunning Theme Deck"},{"layout":"normal","type":"Sorcery","types":["Sorcery"],"colors":["Blue"],"name":"Portent","rarity":"Special","cmc":1,"manaCost":"{U}","text":"Look at the top three cards of target player's library, then put them back in any order. You may have that player shuffle his or her library.\nDraw a card at the beginning of the next turn's upkeep.","artist":"Liz Danforth","rulings":[{"date":"2004-10-04","text":"This does not cause a player to lose if they have less than 3 cards in their library. It allows you to look at and reorder or shuffle whatever remaining cards there might be."}],"legalities":{"Ice Age Block":"Legal","Legacy":"Legal","Vintage":"Legal","Freeform":"Legal","Prismatic":"Legal","Tribal Wars Legacy":"Legal","Singleton 100":"Legal","Commander":"Legal"},"number":"90","imageName":"portent","printings":["Ice Age","Fifth Edition","Coldsnap Theme Decks","Masters Edition II"],"source":"Kjeldoran Cunning Theme Deck"},{"layout":"normal","type":"Instant","types":["Instant"],"colors":["White"],"name":"Reinforcements","rarity":"Special","cmc":1,"manaCost":"{W}","text":"Put up to three target creature cards from your graveyard on top of your library.","flavor":"\"Let them send their legions! I will show them that my truth is stronger than their swords.\"\n—General Varchild","artist":"Diana Vick","rulings":[{"date":"2004-10-04","text":"You have to show which creature cards you put on top of your library, but not the order you put them there."}],"legalities":{"Ice Age Block":"Legal","Legacy":"Legal","Vintage":"Legal","Freeform":"Legal","Prismatic":"Legal","Tribal Wars Legacy":"Legal","Singleton 100":"Legal","Commander":"Legal"},"number":"12b","imageName":"reinforcements","printings":["Alliances","Coldsnap Theme Decks","Masters Edition II"],"source":"Kjeldoran Cunning Theme Deck"},{"layout":"normal","type":"Instant","types":["Instant"],"colors":["White"],"name":"Scars of the Veteran","rarity":"Special","cmc":5,"manaCost":"{4}{W}","text":"You may exile a white card from your hand rather than pay Scars of the Veteran's mana cost.\nPrevent the next 7 damage that would be dealt to target creature or player this turn. At the beginning of the next end step, put a +0/+1 counter on that creature for each 1 damage prevented this way.","artist":"Dan Frazier","legalities":{"Ice Age Block":"Legal","Legacy":"Legal","Vintage":"Legal","Freeform":"Legal","Prismatic":"Legal","Tribal Wars Legacy":"Legal","Singleton 100":"Legal","Commander":"Legal"},"number":"16","imageName":"scars of the veteran","printings":["Alliances","Coldsnap Theme Decks","Masters Edition II"],"source":"Kjeldoran Cunning Theme Deck"},{"layout":"normal","type":"Artifact","types":["Artifact"],"name":"Skull Catapult","rarity":"Special","cmc":4,"manaCost":"{4}","text":"{1}, {T}, Sacrifice a creature: Skull Catapult deals 2 damage to target creature or player.","flavor":"\"Let any who doubt the evil of using the ancient devices look at this infernal machine. What manner of fiend would design such a sadistic device?\"\n—Sorine Relicbane, Soldevi Heretic","artist":"Bryon Wackwitz","legalities":{"Ice Age Block":"Legal","Legacy":"Legal","Vintage":"Legal","Freeform":"Legal","Prismatic":"Legal","Tribal Wars Legacy":"Legal","Singleton 100":"Legal","Commander":"Legal"},"number":"336","imageName":"skull catapult","printings":["Ice Age","Fifth Edition","Classic Sixth Edition","Coldsnap Theme Decks","Masters Edition II"],"source":"Beyond the Grave Theme Deck"},{"layout":"normal","type":"Enchantment — Aura","types":["Enchantment"],"colors":["Blue"],"name":"Snow Devil","rarity":"Special","subtypes":["Aura"],"cmc":2,"manaCost":"{1}{U}","text":"Enchant creature\nEnchanted creature has flying.\nEnchanted creature has first strike as long as it's blocking and you control a snow land.","flavor":"\"Give me wings to fly and speed to strike. In return, the glory I earn shall be yours.\"\n—Steinar Icefist, Balduvian Shaman","artist":"Ken Meyer, Jr.","legalities":{"Ice Age Block":"Legal","Legacy":"Legal","Vintage":"Legal","Commander":"Legal"},"number":"100","imageName":"snow devil","printings":["Ice Age","Coldsnap Theme Decks"],"source":"Snowscape Theme Deck"},{"layout":"normal","type":"Sorcery","types":["Sorcery"],"colors":["Black"],"name":"Soul Burn","rarity":"Special","cmc":3,"manaCost":"{X}{2}{B}","text":"Spend only black and/or red mana on X.\nSoul Burn deals X damage to target creature or player. You gain life equal to the damage dealt, but not more than the amount of {B} spent on X, the player's life total before Soul Burn dealt damage, or the creature's toughness.","artist":"Rob Alexander","rulings":[{"date":"2004-10-04","text":"Will give 1 life for each black mana used, but not more life than the amount of unprevented damage that is dealt."}],"legalities":{"Invasion Block":"Legal","Ice Age Block":"Legal","Legacy":"Legal","Vintage":"Legal","Freeform":"Legal","Prismatic":"Legal","Tribal Wars Legacy":"Legal","Singleton 100":"Legal","Commander":"Legal"},"number":"161","foreignNames":[{"language":"French","name":"Brûlure des âmes"},{"language":"German","name":"Seelenfeuer"}],"imageName":"soul burn","printings":["Ice Age","Invasion","Deckmasters","Coldsnap Theme Decks"],"source":"Beyond the Grave Theme Deck"},{"layout":"normal","type":"Creature — Elemental","types":["Creature"],"colors":["Blue"],"name":"Storm Elemental","rarity":"Special","subtypes":["Elemental"],"power":"3","toughness":"4","cmc":6,"manaCost":"{5}{U}","text":"Flying\n{U}, Exile the top card of your library: Tap target creature with flying.\n{U}, Exile the top card of your library: If the exiled card is a snow land, Storm Elemental gets +1/+1 until end of turn.","artist":"John Matson","rulings":[{"date":"2008-10-01","text":"Even though the two activated abilities have the same cost, they're separate. You choose which one you're activating before you exile the top card of your library (and see what it is)."},{"date":"2008-10-01","text":"If you activate Storm Elemental's third ability and the exiled card is not a snow land, the ability has no effect."}],"legalities":{"Ice Age Block":"Legal","Legacy":"Legal","Vintage":"Legal","Freeform":"Legal","Prismatic":"Legal","Tribal Wars Legacy":"Legal","Singleton 100":"Legal","Commander":"Legal"},"number":"37","imageName":"storm elemental","printings":["Alliances","Coldsnap Theme Decks","Masters Edition II"],"source":"Snowscape Theme Deck"},{"layout":"normal","supertypes":["Basic"],"type":"Basic Land — Swamp","types":["Land"],"name":"Swamp","rarity":"Basic Land","subtypes":["Swamp"],"artist":"Douglas Shuler","legalities":{"Standard":"Legal","Modern":"Legal","Theros Block":"Legal","Return to Ravnica Block":"Legal","Innistrad Block":"Legal","Scars of Mirrodin Block":"Legal","Zendikar Block":"Legal","Shards of Alara Block":"Legal","Lorwyn-Shadowmoor Block":"Legal","Time Spiral Block":"Legal","Ravnica Block":"Legal","Kamigawa Block":"Legal","Mirrodin Block":"Legal","Onslaught Block":"Legal","Odyssey Block":"Legal","Invasion Block":"Legal","Masques Block":"Legal","Urza Block":"Legal","Tempest Block":"Legal","Mirage Block":"Legal","Ice Age Block":"Legal","Un-Sets":"Legal","Legacy":"Legal","Vintage":"Legal","Freeform":"Legal","Prismatic":"Legal","Tribal Wars Legacy":"Legal","Tribal Wars Standard":"Legal","Singleton 100":"Legal","Commander":"Legal"},"number":"375","foreignNames":[{"language":"Chinese Simplified","name":"沼泽"},{"language":"Chinese Traditional","name":"沼澤"},{"language":"French","name":"Marais"},{"language":"German","name":"Sumpf"},{"language":"Italian","name":"Palude"},{"language":"Japanese","name":"沼"},{"language":"Korean","name":"늪"},{"language":"Portuguese (Brazil)","name":"Pântano"},{"language":"Russian","name":"Болото"},{"language":"Spanish","name":"Pantano"}],"imageName":"swamp1","printings":["Limited Edition Alpha","Limited Edition Beta","Unlimited Edition","Revised Edition","Fourth Edition","Ice Age","Rivals Quick Start Set","Arena League","Mirage","Introductory Two-Player Set","Fifth Edition","Portal","Tempest","Judge Gift Program","Portal Second Age","Unglued","Asia Pacific Land Program","Urza's Saga","Anthologies","Classic Sixth Edition","Portal Three Kingdoms","Starter 1999","Guru","Mercadian Masques","Battle Royale Box Set","European Land Program","Starter 2000","Beatdown Box Set","Invasion","Seventh Edition","Odyssey","Deckmasters","Onslaught","Eighth Edition","Mirrodin","Champions of Kamigawa","Unhinged","Ninth Edition","Ravnica: City of Guilds","Coldsnap Theme Decks","Time Spiral","Tenth Edition","Masters Edition","Lorwyn","Shadowmoor","Shards of Alara","Duel Decks: Divine vs. Demonic","Magic 2010","Planechase","Masters Edition III","Zendikar","Duel Decks: Garruk vs. Liliana","Premium Deck Series: Slivers","Duel Decks: Phyrexia vs. the Coalition","Rise of the Eldrazi","Duels of the Planeswalkers","Archenemy","Magic 2011","Scars of Mirrodin","Mirrodin Besieged","New Phyrexia","Magic: The Gathering-Commander","Magic 2012","Duel Decks: Ajani vs. Nicol Bolas","Innistrad","Premium Deck Series: Graveborn","Avacyn Restored","Planechase 2012 Edition","Magic 2013","Duel Decks: Izzet vs. Golgari","Return to Ravnica","Duel Decks: Sorin vs. Tibalt","Magic 2014 Core Set","Theros","Commander 2013 Edition","Duel Decks: Jace vs. Vraska","Modern Event Deck 2014","Magic 2015 Core Set","Duel Decks: Speed vs. Cunning","Khans of Tarkir","Commander 2014","Fate Reforged"],"source":"Beyond the Grave Theme Deck"},{"layout":"normal","supertypes":["Basic"],"type":"Basic Land — Swamp","types":["Land"],"name":"Swamp","rarity":"Basic Land","subtypes":["Swamp"],"artist":"Douglas Shuler","legalities":{"Standard":"Legal","Modern":"Legal","Theros Block":"Legal","Return to Ravnica Block":"Legal","Innistrad Block":"Legal","Scars of Mirrodin Block":"Legal","Zendikar Block":"Legal","Shards of Alara Block":"Legal","Lorwyn-Shadowmoor Block":"Legal","Time Spiral Block":"Legal","Ravnica Block":"Legal","Kamigawa Block":"Legal","Mirrodin Block":"Legal","Onslaught Block":"Legal","Odyssey Block":"Legal","Invasion Block":"Legal","Masques Block":"Legal","Urza Block":"Legal","Tempest Block":"Legal","Mirage Block":"Legal","Ice Age Block":"Legal","Un-Sets":"Legal","Legacy":"Legal","Vintage":"Legal","Freeform":"Legal","Prismatic":"Legal","Tribal Wars Legacy":"Legal","Tribal Wars Standard":"Legal","Singleton 100":"Legal","Commander":"Legal"},"number":"376","foreignNames":[{"language":"Chinese Simplified","name":"沼泽"},{"language":"Chinese Traditional","name":"沼澤"},{"language":"French","name":"Marais"},{"language":"German","name":"Sumpf"},{"language":"Italian","name":"Palude"},{"language":"Japanese","name":"沼"},{"language":"Korean","name":"늪"},{"language":"Portuguese (Brazil)","name":"Pântano"},{"language":"Russian","name":"Болото"},{"language":"Spanish","name":"Pantano"}],"imageName":"swamp2","printings":["Limited Edition Alpha","Limited Edition Beta","Unlimited Edition","Revised Edition","Fourth Edition","Ice Age","Rivals Quick Start Set","Arena League","Mirage","Introductory Two-Player Set","Fifth Edition","Portal","Tempest","Judge Gift Program","Portal Second Age","Unglued","Asia Pacific Land Program","Urza's Saga","Anthologies","Classic Sixth Edition","Portal Three Kingdoms","Starter 1999","Guru","Mercadian Masques","Battle Royale Box Set","European Land Program","Starter 2000","Beatdown Box Set","Invasion","Seventh Edition","Odyssey","Deckmasters","Onslaught","Eighth Edition","Mirrodin","Champions of Kamigawa","Unhinged","Ninth Edition","Ravnica: City of Guilds","Coldsnap Theme Decks","Time Spiral","Tenth Edition","Masters Edition","Lorwyn","Shadowmoor","Shards of Alara","Duel Decks: Divine vs. Demonic","Magic 2010","Planechase","Masters Edition III","Zendikar","Duel Decks: Garruk vs. Liliana","Premium Deck Series: Slivers","Duel Decks: Phyrexia vs. the Coalition","Rise of the Eldrazi","Duels of the Planeswalkers","Archenemy","Magic 2011","Scars of Mirrodin","Mirrodin Besieged","New Phyrexia","Magic: The Gathering-Commander","Magic 2012","Duel Decks: Ajani vs. Nicol Bolas","Innistrad","Premium Deck Series: Graveborn","Avacyn Restored","Planechase 2012 Edition","Magic 2013","Duel Decks: Izzet vs. Golgari","Return to Ravnica","Duel Decks: Sorin vs. Tibalt","Magic 2014 Core Set","Theros","Commander 2013 Edition","Duel Decks: Jace vs. Vraska","Modern Event Deck 2014","Magic 2015 Core Set","Duel Decks: Speed vs. Cunning","Khans of Tarkir","Commander 2014","Fate Reforged"],"source":"Beyond the Grave Theme Deck"},{"layout":"normal","supertypes":["Basic"],"type":"Basic Land — Swamp","types":["Land"],"name":"Swamp","rarity":"Basic Land","subtypes":["Swamp"],"artist":"Douglas Shuler","legalities":{"Standard":"Legal","Modern":"Legal","Theros Block":"Legal","Return to Ravnica Block":"Legal","Innistrad Block":"Legal","Scars of Mirrodin Block":"Legal","Zendikar Block":"Legal","Shards of Alara Block":"Legal","Lorwyn-Shadowmoor Block":"Legal","Time Spiral Block":"Legal","Ravnica Block":"Legal","Kamigawa Block":"Legal","Mirrodin Block":"Legal","Onslaught Block":"Legal","Odyssey Block":"Legal","Invasion Block":"Legal","Masques Block":"Legal","Urza Block":"Legal","Tempest Block":"Legal","Mirage Block":"Legal","Ice Age Block":"Legal","Un-Sets":"Legal","Legacy":"Legal","Vintage":"Legal","Freeform":"Legal","Prismatic":"Legal","Tribal Wars Legacy":"Legal","Tribal Wars Standard":"Legal","Singleton 100":"Legal","Commander":"Legal"},"number":"377","foreignNames":[{"language":"Chinese Simplified","name":"沼泽"},{"language":"Chinese Traditional","name":"沼澤"},{"language":"French","name":"Marais"},{"language":"German","name":"Sumpf"},{"language":"Italian","name":"Palude"},{"language":"Japanese","name":"沼"},{"language":"Korean","name":"늪"},{"language":"Portuguese (Brazil)","name":"Pântano"},{"language":"Russian","name":"Болото"},{"language":"Spanish","name":"Pantano"}],"imageName":"swamp3","printings":["Limited Edition Alpha","Limited Edition Beta","Unlimited Edition","Revised Edition","Fourth Edition","Ice Age","Rivals Quick Start Set","Arena League","Mirage","Introductory Two-Player Set","Fifth Edition","Portal","Tempest","Judge Gift Program","Portal Second Age","Unglued","Asia Pacific Land Program","Urza's Saga","Anthologies","Classic Sixth Edition","Portal Three Kingdoms","Starter 1999","Guru","Mercadian Masques","Battle Royale Box Set","European Land Program","Starter 2000","Beatdown Box Set","Invasion","Seventh Edition","Odyssey","Deckmasters","Onslaught","Eighth Edition","Mirrodin","Champions of Kamigawa","Unhinged","Ninth Edition","Ravnica: City of Guilds","Coldsnap Theme Decks","Time Spiral","Tenth Edition","Masters Edition","Lorwyn","Shadowmoor","Shards of Alara","Duel Decks: Divine vs. Demonic","Magic 2010","Planechase","Masters Edition III","Zendikar","Duel Decks: Garruk vs. Liliana","Premium Deck Series: Slivers","Duel Decks: Phyrexia vs. the Coalition","Rise of the Eldrazi","Duels of the Planeswalkers","Archenemy","Magic 2011","Scars of Mirrodin","Mirrodin Besieged","New Phyrexia","Magic: The Gathering-Commander","Magic 2012","Duel Decks: Ajani vs. Nicol Bolas","Innistrad","Premium Deck Series: Graveborn","Avacyn Restored","Planechase 2012 Edition","Magic 2013","Duel Decks: Izzet vs. Golgari","Return to Ravnica","Duel Decks: Sorin vs. Tibalt","Magic 2014 Core Set","Theros","Commander 2013 Edition","Duel Decks: Jace vs. Vraska","Modern Event Deck 2014","Magic 2015 Core Set","Duel Decks: Speed vs. Cunning","Khans of Tarkir","Commander 2014","Fate Reforged"],"source":"Beyond the Grave Theme Deck"},{"layout":"normal","type":"Instant","types":["Instant"],"colors":["White"],"name":"Swords to Plowshares","rarity":"Special","cmc":1,"manaCost":"{W}","text":"Exile target creature. Its controller gains life equal to its power.","flavor":"\"The so-called Barbarians will not respect us for our military might—they will respect us for our honor.\"\n—Lucilde Fiksdotter, Leader of the Order of the White Shield","artist":"Kaja Foglio","rulings":[{"date":"2004-10-04","text":"If the creature has a negative power, the player does not lose life. It acts the same as if it had a power of zero."},{"date":"2008-10-01","text":"The amount of life that's gained is equal to the power of the targeted creature as it last existed on the battlefield."}],"legalities":{"Ice Age Block":"Legal","Legacy":"Legal","Vintage":"Legal","Freeform":"Legal","Prismatic":"Legal","Tribal Wars Legacy":"Legal","Singleton 100":"Legal","Commander":"Legal"},"number":"54","foreignNames":[{"language":"Chinese Simplified","name":"化剑为犁"},{"language":"French","name":"Retour au pays"},{"language":"German","name":"Schwerter zu Pflugscharen"},{"language":"Italian","name":"Da Spade, a Spighe!"},{"language":"Japanese","name":"剣を鍬に"},{"language":"Spanish","name":"Espadas en guadañas"}],"imageName":"swords to plowshares","printings":["Limited Edition Alpha","Limited Edition Beta","Unlimited Edition","Revised Edition","Fourth Edition","Ice Age","Judge Gift Program","Anthologies","Battle Royale Box Set","Friday Night Magic","Coldsnap Theme Decks","Masters Edition II","Duel Decks: Elspeth vs. Tezzeret","Masters Edition IV","From the Vault: Twenty","Magic: The Gathering—Conspiracy","Vintage Masters"],"source":"Kjeldoran Cunning Theme Deck"},{"layout":"normal","type":"Creature — Plant Wall","types":["Creature"],"colors":["Green"],"name":"Tinder Wall","rarity":"Special","subtypes":["Plant","Wall"],"power":"0","toughness":"3","cmc":1,"manaCost":"{G}","text":"Defender (This creature can't attack.)\nSacrifice Tinder Wall: Add {R}{R} to your mana pool.\n{R}, Sacrifice Tinder Wall: Tinder Wall deals 2 damage to target creature it's blocking.","artist":"Rick Emond","legalities":{"Ice Age Block":"Legal","Legacy":"Legal","Vintage":"Legal","Freeform":"Legal","Prismatic":"Legal","Tribal Wars Legacy":"Legal","Singleton 100":"Legal","Commander":"Legal"},"number":"270","imageName":"tinder wall","printings":["Ice Age","Coldsnap Theme Decks","Masters Edition II"],"source":"Aurochs Stampede Theme Deck"},{"layout":"normal","type":"Creature — Homarid Drone","types":["Creature"],"colors":["Blue"],"name":"Viscerid Drone","rarity":"Special","subtypes":["Homarid","Drone"],"power":"1","toughness":"2","cmc":2,"manaCost":"{1}{U}","text":"{T}, Sacrifice a creature and a Swamp: Destroy target nonartifact creature. It can't be regenerated.\n{T}, Sacrifice a creature and a snow Swamp: Destroy target creature. It can't be regenerated.","flavor":"Not all of Terisiare's flooding was natural . . . .","artist":"Heather Hudson","legalities":{"Ice Age Block":"Legal","Legacy":"Legal","Vintage":"Legal","Freeform":"Legal","Prismatic":"Legal","Tribal Wars Legacy":"Legal","Singleton 100":"Legal","Commander":"Legal"},"number":"42","imageName":"viscerid drone","printings":["Alliances","Coldsnap Theme Decks","Masters Edition II"],"source":"Snowscape Theme Deck"},{"layout":"normal","type":"Artifact","types":["Artifact"],"name":"Whalebone Glider","rarity":"Special","cmc":2,"manaCost":"{2}","text":"{2}, {T}: Target creature with power 3 or less gains flying until end of turn.","flavor":"\"It's no Ornithopter, but then I'm no Urza.\"\n—Arcum Dagsson, Soldevi Machinist","artist":"Amy Weber","legalities":{"Ice Age Block":"Legal","Legacy":"Legal","Vintage":"Legal","Commander":"Legal"},"number":"349","imageName":"whalebone glider","printings":["Ice Age","Coldsnap Theme Decks"],"source":"Aurochs Stampede Theme Deck"},{"layout":"normal","type":"Enchantment — Aura","types":["Enchantment"],"colors":["White","Blue"],"name":"Wings of Aesthir","rarity":"Special","subtypes":["Aura"],"cmc":2,"manaCost":"{W}{U}","text":"Enchant creature\nEnchanted creature gets +1/+0 and has flying and first strike.","flavor":"\"For those of courage, even the sky holds no limit.\"\n—Arnjlot Olasson, Sky Mage","artist":"Edward P. Beard, Jr.","legalities":{"Ice Age Block":"Legal","Legacy":"Legal","Vintage":"Legal","Freeform":"Legal","Prismatic":"Legal","Tribal Wars Legacy":"Legal","Singleton 100":"Legal","Commander":"Legal"},"number":"305","imageName":"wings of aesthir","printings":["Ice Age","Coldsnap Theme Decks","Masters Edition II"],"source":"Kjeldoran Cunning Theme Deck"},{"layout":"normal","type":"Creature — Elephant","types":["Creature"],"colors":["Green"],"name":"Woolly Mammoths","rarity":"Special","subtypes":["Elephant"],"power":"3","toughness":"2","cmc":3,"manaCost":"{1}{G}{G}","text":"Woolly Mammoths has trample as long as you control a snow land.","flavor":"\"Mammoths may be good to ride on, but they're certainly bad to fall off of!\"\n—Disa the Restless, journal entry","artist":"Dan Frazier","legalities":{"Ice Age Block":"Legal","Legacy":"Legal","Vintage":"Legal","Freeform":"Legal","Prismatic":"Legal","Tribal Wars Legacy":"Legal","Singleton 100":"Legal","Commander":"Legal"},"number":"278","imageName":"woolly mammoths","printings":["Ice Age","Coldsnap Theme Decks","Masters Edition II"],"source":"Aurochs Stampede Theme Deck"},{"layout":"normal","type":"Creature — Human Wizard","types":["Creature"],"colors":["Blue"],"name":"Zuran Spellcaster","rarity":"Special","subtypes":["Human","Wizard"],"power":"1","toughness":"1","cmc":3,"manaCost":"{2}{U}","text":"{T}: Zuran Spellcaster deals 1 damage to target creature or player.","flavor":"\"A mage must be precise as well as potent; cautious, as well as clever.\"\n—Zur the Enchanter","artist":"Edward P. Beard, Jr.","legalities":{"Ice Age Block":"Legal","Legacy":"Legal","Vintage":"Legal","Freeform":"Legal","Prismatic":"Legal","Tribal Wars Legacy":"Legal","Singleton 100":"Legal","Commander":"Legal"},"number":"112","imageName":"zuran spellcaster","printings":["Ice Age","Coldsnap Theme Decks","Masters Edition II"],"source":"Kjeldoran Cunning Theme Deck"}]}