{"name":"Deckmasters","code":"DKM","releaseDate":"2001-12-01","border":"white","type":"box","cards":[{"layout":"normal","type":"Creature — Specter","types":["Creature"],"colors":["Black"],"name":"Abyssal Specter","subtypes":["Specter"],"originalType":"Creature — Specter","cmc":4,"rarity":"Special","artist":"Ruth Thompson","power":"2","toughness":"3","manaCost":"{2}{B}{B}","text":"Flying\nWhenever Abyssal Specter deals damage to a player, that player discards a card.","originalText":"Flying\nWhenever Abyssal Specter deals damage to a player, that player discards a card from his or her hand.","flavor":"\"Open the gates, and bid them enter.\"\n—Lim-Dûl, the Necromancer","imageName":"abyssal specter","foreignNames":[{"language":"French","name":"Spectre des abysses"},{"language":"German","name":"Unterweltgespenst"},{"language":"Italian","name":"Spettro dell'Abisso"},{"language":"Portuguese (Brazil)","name":"Espectro Abissal"},{"language":"Spanish","name":"Espectro abismal"}],"legalities":{"Modern":"Legal","Ice Age Block":"Legal","Legacy":"Legal","Vintage":"Legal","Freeform":"Legal","Prismatic":"Legal","Tribal Wars Legacy":"Legal","Singleton 100":"Legal","Commander":"Legal"},"printings":["Ice Age","Fifth Edition","Classic Sixth Edition","Battle Royale Box Set","Seventh Edition","Deckmasters","Eighth Edition","Duel Decks: Divine vs. Demonic","Duels of the Planeswalkers"],"number":"1"},{"layout":"normal","type":"Creature — Bear","types":["Creature"],"colors":["Green"],"name":"Balduvian Bears","subtypes":["Bear"],"originalType":"Creature — Bear","cmc":2,"rarity":"Special","artist":"Quinton Hoover","power":"2","toughness":"2","manaCost":"{1}{G}","flavor":"\"They're a hardy bunch, but I'd still bet that they just slept through the worst of the cold times.\"\n—Disa the Restless, journal entry","imageName":"balduvian bears","legalities":{"Ice Age Block":"Legal","Legacy":"Legal","Vintage":"Legal","Commander":"Legal"},"printings":["Ice Age","Deckmasters"],"number":"22"},{"layout":"normal","type":"Creature — Human Barbarian","types":["Creature"],"colors":["Red"],"name":"Balduvian Horde","subtypes":["Human","Barbarian"],"originalType":"Creature — Barbarians","cmc":4,"rarity":"Special","artist":"Brian Snõddy","power":"5","toughness":"5","manaCost":"{2}{R}{R}","text":"When Balduvian Horde enters the battlefield, sacrifice it unless you discard a card at random.","originalText":"When Balduvian Horde comes into play, sacrifice it unless you discard a card at random from your hand.","flavor":"\"Peace will come only when we have taken Varchild's head.\"\n—Lovisa Coldeyes,\nBalduvian Chieftain","rulings":[{"date":"2004-10-04","text":"You choose whether to discard or not on resolution. If not, then you sacrifice this card. You can choose to not discard even if you no longer control this card on resolution."}],"imageName":"balduvian horde","legalities":{"Ice Age Block":"Legal","Legacy":"Legal","Vintage":"Legal","Freeform":"Legal","Prismatic":"Legal","Tribal Wars Legacy":"Legal","Singleton 100":"Legal","Commander":"Legal"},"printings":["Alliances","Classic Sixth Edition","Worlds","Beatdown Box Set","Deckmasters","Masters Edition"],"number":"10"},{"layout":"normal","type":"Artifact","types":["Artifact"],"name":"Barbed Sextant","originalType":"Artifact","cmc":1,"rarity":"Special","artist":"Amy Weber","manaCost":"{1}","text":"{1}, {T}, Sacrifice Barbed Sextant: Add one mana of any color to your mana pool. Draw a card at the beginning of the next turn's upkeep.","originalText":"{1}, {T}, Sacrifice Barbed Sextant: Add one mana of any color to your mana pool. Draw a card at the beginning of next turn's upkeep.","imageName":"barbed sextant","legalities":{"Ice Age Block":"Legal","Legacy":"Legal","Vintage":"Legal","Freeform":"Legal","Prismatic":"Legal","Tribal Wars Legacy":"Legal","Singleton 100":"Legal","Commander":"Legal"},"printings":["Ice Age","Fifth Edition","Deckmasters","Coldsnap Theme Decks","Masters Edition II"],"number":"34"},{"layout":"normal","type":"Instant","types":["Instant"],"colors":["Green"],"name":"Bounty of the Hunt","originalType":"Instant","cmc":5,"rarity":"Special","artist":"Jeff A. Menges","manaCost":"{3}{G}{G}","text":"You may exile a green card from your hand rather than pay Bounty of the Hunt's mana cost.\nDistribute three +1/+1 counters among one, two, or three target creatures. For each +1/+1 counter you put on a creature this way, remove a +1/+1 counter from that creature at the beginning of the next cleanup step.","originalText":"You may remove a green card in your hand from the game rather than pay Bounty of the Hunt's mana cost.\nChoose one — Target creature gets +3/+3 until end of turn; or target creature gets +2/+2 and another target creature gets +1/+1 until end of turn; or three target creatures each get +1/+1 until end of turn.","imageName":"bounty of the hunt","legalities":{"Ice Age Block":"Legal","Legacy":"Legal","Vintage":"Legal","Freeform":"Legal","Prismatic":"Legal","Tribal Wars Legacy":"Legal","Singleton 100":"Legal","Commander":"Legal"},"printings":["Alliances","Deckmasters","Coldsnap Theme Decks","Masters Edition II"],"number":"23"},{"layout":"normal","type":"Instant","types":["Instant"],"colors":["Black"],"name":"Contagion","originalType":"Instant","cmc":5,"rarity":"Special","artist":"Mike Raabe","manaCost":"{3}{B}{B}","text":"You may pay 1 life and exile a black card from your hand rather than pay Contagion's mana cost.\nDistribute two -2/-1 counters among one or two target creatures.","originalText":"You may pay 1 life and remove a black card in your hand from the game rather than pay Contagion's mana cost.\nPut two -2/-1 counters, distributed as you choose, on one or two target creatures.","imageName":"contagion","legalities":{"Ice Age Block":"Legal","Legacy":"Legal","Vintage":"Legal","Freeform":"Legal","Prismatic":"Legal","Tribal Wars Legacy":"Legal","Singleton 100":"Legal","Commander":"Legal"},"printings":["Alliances","Deckmasters","Masters Edition"],"number":"2"},{"layout":"normal","type":"Instant","types":["Instant"],"colors":["Black"],"name":"Dark Banishing","originalType":"Instant","cmc":3,"rarity":"Special","artist":"Drew Tucker","manaCost":"{2}{B}","text":"Destroy target nonblack creature. It can't be regenerated.","originalText":"Destroy target nonblack creature. It can't be regenerated.","flavor":"\"Will not the mountains quake and hills melt at the coming of the darkness? Share this vision with your enemies, Lim-Dûl, and they shall wither.\"\n—Leshrac, Walker of Night","imageName":"dark banishing","foreignNames":[{"language":"Chinese Traditional","name":"闇境放逐"},{"language":"Chinese Simplified","name":"黯境放逐"},{"language":"French","name":"Obscur bannissement"},{"language":"German","name":"Dunkle Verbannung"},{"language":"Italian","name":"Esilio Oscuro"},{"language":"Japanese","name":"闇への追放"},{"language":"Korean","name":"암흑의 유형"},{"language":"Portuguese (Brazil)","name":"Banimento Sombrio"},{"language":"Russian","name":"Темное изгнание"},{"language":"Spanish","name":"Destierro sombrío"}],"legalities":{"Modern":"Legal","Tempest Block":"Legal","Mirage Block":"Legal","Ice Age Block":"Legal","Legacy":"Legal","Vintage":"Legal","Freeform":"Legal","Prismatic":"Legal","Tribal Wars Legacy":"Legal","Singleton 100":"Legal","Commander":"Legal"},"printings":["Ice Age","Mirage","Tempest","Seventh Edition","Deckmasters","Eighth Edition","Ninth Edition","Coldsnap Theme Decks","Masters Edition II","Duel Decks: Divine vs. Demonic"],"number":"3"},{"layout":"normal","type":"Instant","types":["Instant"],"colors":["Black"],"name":"Dark Ritual","originalType":"Interrupt","cmc":1,"rarity":"Special","artist":"Justin Hampton","manaCost":"{B}","text":"Add {B}{B}{B} to your mana pool.","originalText":"Add {B}{B}{B} to your mana pool.","flavor":"\"Leshrac, my liege, grant me the power I am due.\"\n—Lim-Dûl, the Necromancer","imageName":"dark ritual","foreignNames":[{"language":"Japanese","name":"暗黒の儀式"}],"legalities":{"Masques Block":"Legal","Urza Block":"Legal","Tempest Block":"Legal","Mirage Block":"Legal","Ice Age Block":"Legal","Legacy":"Legal","Vintage":"Legal","Freeform":"Legal","Prismatic":"Legal","Tribal Wars Legacy":"Legal","Singleton 100":"Legal","Commander":"Legal"},"printings":["Limited Edition Alpha","Limited Edition Beta","Unlimited Edition","Revised Edition","Fourth Edition","Ice Age","Rivals Quick Start Set","Mirage","Introductory Two-Player Set","Fifth Edition","Tempest","Judge Gift Program","Urza's Saga","Mercadian Masques","Battle Royale Box Set","Beatdown Box Set","Deckmasters","Coldsnap Theme Decks","Duel Decks: Divine vs. Demonic","Planechase","Duel Decks: Phyrexia vs. the Coalition","Masters Edition IV","From the Vault: Twenty","Vintage Masters"],"number":"4"},{"layout":"normal","type":"Instant","types":["Instant"],"colors":["Red"],"name":"Death Spark","originalType":"Instant","cmc":1,"rarity":"Special","artist":"Mark Tedin","manaCost":"{R}","text":"Death Spark deals 1 damage to target creature or player.\nAt the beginning of your upkeep, if Death Spark is in your graveyard with a creature card directly above it, you may pay {1}. If you do, return Death Spark to your hand.","originalText":"Death Spark deals 1 damage to target creature or player.\nAt the beginning of your upkeep, if Death Spark is in your graveyard with a creature card directly above it, you may pay {1}. If you do, return Death Spark to your hand.","rulings":[{"date":"2008-10-01","text":"A card is \"directly above\" another card in your graveyard if it was put into that graveyard later and there are no cards in between the two."},{"date":"2008-10-01","text":"layers may not rearrange the cards in their graveyards."},{"date":"2008-10-01","text":"If an effect or rule puts two or more cards into the same graveyard at the same time, the owner of those cards may arrange them in any order."},{"date":"2008-10-01","text":"The last thing that happens to a resolving instant or sorcery spell is that it's put into its owner's graveyard. Example: You cast Wrath of God. All creatures on the battlefield are destroyed. You arrange all the cards put into your graveyard this way in any order you want. The other players in the game do the same to the cards that are put into their graveyards. Then you put Wrath of God into your graveyard, on top of the other cards."},{"date":"2008-10-01","text":"Say you're the owner of both a permanent and an Aura that's attached to it. If both the permanent and the Aura are destroyed at the same time (by Akroma's Vengeance, for example), you decide the order they're put into your graveyard. If just the enchanted permanent is destroyed, it's put into your graveyard first. Then, after state-based actions are checked, the Aura (which is no longer attached to anything) is put into your graveyard on top of it."}],"imageName":"death spark","legalities":{"Ice Age Block":"Legal","Legacy":"Legal","Vintage":"Legal","Freeform":"Legal","Prismatic":"Legal","Tribal Wars Legacy":"Legal","Singleton 100":"Legal","Commander":"Legal"},"printings":["Alliances","Deckmasters","Coldsnap Theme Decks","Masters Edition II"],"number":"11"},{"layout":"normal","type":"Artifact","types":["Artifact"],"name":"Elkin Bottle","originalType":"Artifact","cmc":3,"rarity":"Special","artist":"Quinton Hoover","manaCost":"{3}","text":"{3}, {T}: Exile the top card of your library. Until the beginning of your next upkeep, you may play that card.","originalText":"{3}, {T}: Remove the top card of your library from the game face up. Until the beginning of your next upkeep, you may play that card as though it were in your hand. At the beginning of your next upkeep, if you haven't played the card, put it into your graveyard.","rulings":[{"date":"2004-10-04","text":"This is not considered to be drawing a card."},{"date":"2004-10-04","text":"If the Bottle leaves the battlefield or your control, the cards remain waiting until played or until the beginning of your next upkeep. The card is in the \"Exile\" zone."},{"date":"2004-10-04","text":"The card is not part of your hand in any way. You can't be forced to discard it due to a discard from hand effect, and you can't discard it to pay a cost."},{"date":"2004-10-04","text":"To \"play a card\" is to either cast a spell or to put a land onto the battlefield using the main phase special action."},{"date":"2008-08-01","text":"If you do not play the card before your next upkeep, it remains exiled; you just lose the ability to play it."},{"date":"2008-10-01","text":"The exiled card is played using the normal timing rules for its card type, as well as any other applicable restrictions such as \"Cast [this card] only during combat.\" For example, you can't play the card during an opponent's turn unless it's an instant or has flash. Similarly, if the exiled card is a land, you can't play it if you've already played a land that turn. If it's a nonland card, you'll have to pay its mana cost. The only thing that's different is you're playing it from the Exile zone."}],"imageName":"elkin bottle","legalities":{"Ice Age Block":"Legal","Legacy":"Legal","Vintage":"Legal","Freeform":"Legal","Prismatic":"Legal","Tribal Wars Legacy":"Legal","Singleton 100":"Legal","Commander":"Legal"},"printings":["Ice Age","Fifth Edition","Deckmasters","Masters Edition II"],"number":"35"},{"layout":"normal","type":"Creature — Elf Shaman","types":["Creature"],"colors":["Green"],"name":"Elvish Bard","subtypes":["Elf","Shaman"],"originalType":"Creature — Elf","cmc":5,"rarity":"Special","artist":"Susan Van Camp","power":"2","toughness":"4","manaCost":"{3}{G}{G}","text":"All creatures able to block Elvish Bard do so.","originalText":"All creatures able to block Elvish Bard do so.","imageName":"elvish bard","foreignNames":[{"language":"Chinese Simplified","name":"地精吟游诗人"},{"language":"French","name":"Barde elfe"},{"language":"German","name":"Elfenbarde"},{"language":"Italian","name":"Bardo degli Elfi"},{"language":"Japanese","name":"エルフの吟遊詩人"},{"language":"Portuguese (Brazil)","name":"Bardo Elfo"},{"language":"Russian","name":"Эльфийский бард"},{"language":"Spanish","name":"Bardo élfico"}],"legalities":{"Modern":"Legal","Ice Age Block":"Legal","Legacy":"Legal","Vintage":"Legal","Freeform":"Legal","Prismatic":"Legal","Tribal Wars Legacy":"Legal","Singleton 100":"Legal","Commander":"Legal"},"printings":["Alliances","Deckmasters","Ninth Edition"],"number":"24"},{"layout":"normal","type":"Creature — Dryad","types":["Creature"],"colors":["Green"],"name":"Folk of the Pines","subtypes":["Dryad"],"originalType":"Creature — Dryads","cmc":5,"rarity":"Special","artist":"NéNé Thomas & Catherine Buck","power":"2","toughness":"5","manaCost":"{4}{G}","text":"{1}{G}: Folk of the Pines gets +1/+0 until end of turn.","originalText":"{1}{G}: Folk of the Pines gets +1/+0 until end of turn.","flavor":"\"Our friends of the forest take many forms, yet all serve the will of Freyalise.\"\n—Laina of the Elvish Council","imageName":"folk of the pines","legalities":{"Ice Age Block":"Legal","Legacy":"Legal","Vintage":"Legal","Freeform":"Legal","Prismatic":"Legal","Tribal Wars Legacy":"Legal","Singleton 100":"Legal","Commander":"Legal"},"printings":["Ice Age","Deckmasters","Masters Edition II"],"number":"25"},{"layout":"normal","supertypes":["Basic"],"type":"Basic Land — Forest","types":["Land"],"name":"Forest","subtypes":["Forest"],"originalType":"Land","rarity":"Basic Land","artist":"Pat Morrissey","originalText":"{G}","imageName":"forest1","foreignNames":[{"language":"Chinese Simplified","name":"树林"},{"language":"Chinese Traditional","name":"樹林"},{"language":"French","name":"Forêt"},{"language":"German","name":"Wald"},{"language":"Italian","name":"Foresta"},{"language":"Japanese","name":"森"},{"language":"Korean","name":"숲"},{"language":"Portuguese (Brazil)","name":"Floresta"},{"language":"Russian","name":"Лес"},{"language":"Spanish","name":"Bosque"}],"legalities":{"Standard":"Legal","Modern":"Legal","Theros Block":"Legal","Return to Ravnica Block":"Legal","Innistrad Block":"Legal","Scars of Mirrodin Block":"Legal","Zendikar Block":"Legal","Shards of Alara Block":"Legal","Lorwyn-Shadowmoor Block":"Legal","Time Spiral Block":"Legal","Ravnica Block":"Legal","Kamigawa Block":"Legal","Mirrodin Block":"Legal","Onslaught Block":"Legal","Odyssey Block":"Legal","Invasion Block":"Legal","Masques Block":"Legal","Urza Block":"Legal","Tempest Block":"Legal","Mirage Block":"Legal","Ice Age Block":"Legal","Un-Sets":"Legal","Legacy":"Legal","Vintage":"Legal","Freeform":"Legal","Prismatic":"Legal","Tribal Wars Legacy":"Legal","Tribal Wars Standard":"Legal","Singleton 100":"Legal","Commander":"Legal"},"printings":["Limited Edition Alpha","Limited Edition Beta","Unlimited Edition","Revised Edition","Fourth Edition","Ice Age","Rivals Quick Start Set","Arena League","Mirage","Introductory Two-Player Set","Fifth Edition","Portal","Tempest","Judge Gift Program","Portal Second Age","Unglued","Asia Pacific Land Program","Urza's Saga","Anthologies","Classic Sixth Edition","Portal Three Kingdoms","Starter 1999","Guru","Mercadian Masques","Battle Royale Box Set","European Land Program","Starter 2000","Beatdown Box Set","Invasion","Seventh Edition","Odyssey","Deckmasters","Onslaught","Eighth Edition","Mirrodin","Champions of Kamigawa","Unhinged","Ninth Edition","Ravnica: City of Guilds","Coldsnap Theme Decks","Time Spiral","Tenth Edition","Masters Edition","Lorwyn","Duel Decks: Elves vs. Goblins","Shadowmoor","Shards of Alara","Magic 2010","Planechase","Masters Edition III","Zendikar","Duel Decks: Garruk vs. Liliana","Premium Deck Series: Slivers","Duel Decks: Phyrexia vs. the Coalition","Rise of the Eldrazi","Duels of the Planeswalkers","Archenemy","Magic 2011","Scars of Mirrodin","Mirrodin Besieged","Duel Decks: Knights vs. Dragons","New Phyrexia","Magic: The Gathering-Commander","Magic 2012","Duel Decks: Ajani vs. Nicol Bolas","Innistrad","Avacyn Restored","Planechase 2012 Edition","Magic 2013","Duel Decks: Izzet vs. Golgari","Return to Ravnica","Magic 2014 Core Set","Duel Decks: Heroes vs. Monsters","Theros","Commander 2013 Edition","Duel Decks: Jace vs. Vraska","Magic 2015 Core Set","Khans of Tarkir","Commander 2014","Fate Reforged"],"number":"48"},{"layout":"normal","type":"Creature — Spirit","types":["Creature"],"colors":["Black"],"name":"Foul Familiar","subtypes":["Spirit"],"originalType":"Creature — Spirit","cmc":3,"rarity":"Special","artist":"Anson Maddocks","power":"3","toughness":"1","manaCost":"{2}{B}","text":"Foul Familiar can't block.\n{B}, Pay 1 life: Return Foul Familiar to its owner's hand.","originalText":"Foul Familiar can't black.\n{B}, Pay 1 life: Return Foul Familiar to its owner's hand.","flavor":"\"Serve me, and live forever.\"\n—Lim-Dûl, the Necromancer","rulings":[{"date":"2004-10-04","text":"The ability can only be activated while this card is on the battlefield."}],"imageName":"foul familiar","legalities":{"Ice Age Block":"Legal","Legacy":"Legal","Vintage":"Legal","Freeform":"Legal","Prismatic":"Legal","Tribal Wars Legacy":"Legal","Singleton 100":"Legal","Commander":"Legal"},"printings":["Ice Age","Deckmasters","Masters Edition II"],"number":"5"},{"layout":"normal","type":"Creature — Elf Druid","types":["Creature"],"colors":["Green"],"name":"Fyndhorn Elves","subtypes":["Elf","Druid"],"originalType":"Creature — Elves","cmc":1,"rarity":"Special","artist":"Justin Hampton","power":"1","toughness":"1","manaCost":"{G}","text":"{T}: Add {G} to your mana pool.","originalText":"{T}: Add {G} to your mana pool.","flavor":"\"Living side by side with the Elves for so long leaves me with no doubt that we serve the same goddess.\"\n—Kolbjörn, Elder Druid of the Juniper Order","imageName":"fyndhorn elves","legalities":{"Ice Age Block":"Legal","Legacy":"Legal","Vintage":"Legal","Freeform":"Legal","Prismatic":"Legal","Tribal Wars Legacy":"Legal","Singleton 100":"Legal","Commander":"Legal"},"printings":["Ice Age","Deckmasters","Masters Edition","From the Vault: Twenty","Vintage Masters"],"number":"26"},{"layout":"normal","type":"Instant","types":["Instant"],"colors":["Green"],"name":"Giant Growth","originalType":"Instant","cmc":1,"rarity":"Special","artist":"L. A. Williams","manaCost":"{G}","text":"Target creature gets +3/+3 until end of turn.","originalText":"Target creature gets +3/+3 until end of turn.","flavor":"\"Here in Fyndhorn, the goddess Freyalise is generous to her children.\"\n—Kolbjörn, Elder Druid of the Juniper Order","imageName":"giant growth","foreignNames":[{"language":"Chinese Simplified","name":"变巨术"},{"language":"Chinese Traditional","name":"變巨術"},{"language":"French","name":"Croissance gigantesque"},{"language":"German","name":"Riesenwuchs"},{"language":"Italian","name":"Crescita Gigante"},{"language":"Japanese","name":"巨大化"},{"language":"Korean","name":"거대화"},{"language":"Portuguese (Brazil)","name":"Crescimento Desenfreado"},{"language":"Portuguese","name":"Crescimento Desenfreado"},{"language":"Russian","name":"Исполинский рост"},{"language":"Spanish","name":"Crecimiento gigante"}],"legalities":{"Modern":"Legal","Return to Ravnica Block":"Legal","Ice Age Block":"Legal","Legacy":"Legal","Vintage":"Legal","Freeform":"Legal","Prismatic":"Legal","Tribal Wars Legacy":"Legal","Tribal Wars Standard":"Legal","Singleton 100":"Legal","Commander":"Legal"},"printings":["Limited Edition Alpha","Limited Edition Beta","Unlimited Edition","Revised Edition","Fourth Edition","Ice Age","Fifth Edition","Anthologies","Classic Sixth Edition","Battle Royale Box Set","Super Series","Friday Night Magic","Starter 2000","Beatdown Box Set","Seventh Edition","Magic Player Rewards","Deckmasters","Eighth Edition","Ninth Edition","Tenth Edition","Duel Decks: Elves vs. Goblins","Masters Edition II","Magic 2010","Masters Edition III","Duel Decks: Garruk vs. Liliana","Duels of the Planeswalkers","Magic 2011","Masters Edition IV","Return to Ravnica","Magic 2014 Core Set"],"number":"27"},{"layout":"normal","type":"Creature — Spider","types":["Creature"],"colors":["Red","Green"],"name":"Giant Trap Door Spider","subtypes":["Spider"],"originalType":"Creature — Spider","cmc":3,"rarity":"Special","artist":"Heather Hudson","power":"2","toughness":"3","manaCost":"{1}{R}{G}","text":"{1}{R}{G}, {T}: Exile Giant Trap Door Spider and target creature without flying that's attacking you.","originalText":"{1}{R}{G}, {T}: Remove from the game Giant Trap Door Spider and target creature without flying that's attacking you.","flavor":"\"So large and so quiet—a combination best avoided.\"\n—Disa the Restless, journal entry","rulings":[{"date":"2004-10-04","text":"If Giant Trap Door Spider leaves the battlefield before its ability resolves, the ability will still resolve as normal. The targeted creature will be exiled."},{"date":"2004-10-04","text":"If the targeted creature leaves the battlefield (or otherwise becomes an illegal target) before the ability resolves, the ability will be countered. Giant Trap Door Spider will remain on the battlefield."}],"imageName":"giant trap door spider","legalities":{"Ice Age Block":"Legal","Legacy":"Legal","Vintage":"Legal","Freeform":"Legal","Prismatic":"Legal","Tribal Wars Legacy":"Legal","Singleton 100":"Legal","Commander":"Legal"},"printings":["Ice Age","Deckmasters","Coldsnap Theme Decks","Masters Edition II"],"number":"33"},{"layout":"normal","type":"Creature — Goblin Mutant","types":["Creature"],"colors":["Red"],"name":"Goblin Mutant","subtypes":["Goblin","Mutant"],"originalType":"Creature — Goblin","cmc":4,"rarity":"Special","artist":"Daniel Gelon","power":"5","toughness":"3","manaCost":"{2}{R}{R}","text":"Trample\nGoblin Mutant can't attack if defending player controls an untapped creature with power 3 or greater.\nGoblin Mutant can't block creatures with power 3 or greater.","originalText":"Trample\nGoblin Mutant can't attack if defending player controls an untapped creature with power 3 or greater.\nGoblin Mutant can't block creatures with power 3 or greater.","flavor":"If only it had three brains, too.","imageName":"goblin mutant","legalities":{"Ice Age Block":"Legal","Legacy":"Legal","Vintage":"Legal","Freeform":"Legal","Prismatic":"Legal","Tribal Wars Legacy":"Legal","Singleton 100":"Legal","Commander":"Legal"},"printings":["Ice Age","Anthologies","Deckmasters","Masters Edition"],"number":"12"},{"layout":"normal","type":"Instant","types":["Instant"],"colors":["Red"],"name":"Guerrilla Tactics","originalType":"Instant","cmc":2,"rarity":"Special","artist":"Amy Weber","manaCost":"{1}{R}","text":"Guerrilla Tactics deals 2 damage to target creature or player.\nWhen a spell or ability an opponent controls causes you to discard Guerrilla Tactics, Guerrilla Tactics deals 4 damage to target creature or player.","originalText":"Guerrilla Tactics deals 2 damage to target creature or player.\nWhen a spell or ability an opponent controls causes you to discard Guerrilla Tactics from your hand, Guerrilla Tactics deals 4 damage to target creature or player.","rulings":[{"date":"2004-10-04","text":"If it is discarded, the damage done by it is done by this card due to an ability and not by a spell."},{"date":"2004-10-04","text":"The second ability will trigger even on an optional discard caused by an opponent."},{"date":"2004-10-04","text":"Discarding as a cost to cast a spell will not trigger the ability. Only discarding as an effect will trigger the ability."}],"imageName":"guerrilla tactics","foreignNames":[{"language":"Chinese Simplified","name":"游击策略"},{"language":"Chinese Traditional","name":"游擊策略"},{"language":"French","name":"Tactiques de guérilla"},{"language":"German","name":"Guerillataktik"},{"language":"Italian","name":"Tattiche di Guerriglia"},{"language":"Japanese","name":"ゲリラ戦術"},{"language":"Portuguese (Brazil)","name":"Táticas de Guerrilha"},{"language":"Russian","name":"Партизанская тактика"},{"language":"Spanish","name":"Guerra de guerrillas"}],"legalities":{"Modern":"Legal","Ice Age Block":"Legal","Legacy":"Legal","Vintage":"Legal","Freeform":"Legal","Prismatic":"Legal","Tribal Wars Legacy":"Legal","Singleton 100":"Legal","Commander":"Legal"},"printings":["Alliances","Deckmasters","Eighth Edition","Ninth Edition","Tenth Edition"],"number":"13a"},{"layout":"normal","type":"Sorcery","types":["Sorcery"],"colors":["Green"],"name":"Hurricane","originalType":"Sorcery","cmc":1,"rarity":"Special","artist":"Cornelius Brudi","manaCost":"{X}{G}","text":"Hurricane deals X damage to each creature with flying and each player.","originalText":"Hurricane deals X damage to each creature with flying and each player.","flavor":"\"This was quite possibly the least pleasant occurrence on the entire expedition.\"\n—Disa the Restless, journal entry","rulings":[{"date":"2004-10-04","text":"Whether or not a creature has flying is only checked on resolution."}],"imageName":"hurricane","foreignNames":[{"language":"Chinese Simplified","name":"飓风"},{"language":"Chinese Traditional","name":"颶風"},{"language":"French","name":"Ouragan"},{"language":"German","name":"Hurrikan"},{"language":"Italian","name":"Uragano"},{"language":"Japanese","name":"ハリケーン"},{"language":"Portuguese (Brazil)","name":"Furacão"},{"language":"Russian","name":"Ураган"},{"language":"Spanish","name":"Huracán"}],"legalities":{"Modern":"Legal","Ice Age Block":"Legal","Legacy":"Legal","Vintage":"Legal","Freeform":"Legal","Prismatic":"Legal","Tribal Wars Legacy":"Legal","Singleton 100":"Legal","Commander":"Legal"},"printings":["Limited Edition Alpha","Limited Edition Beta","Unlimited Edition","Revised Edition","Fourth Edition","Ice Age","Fifth Edition","Portal","Portal Second Age","Anthologies","Classic Sixth Edition","Battle Royale Box Set","Seventh Edition","Deckmasters","Tenth Edition"],"number":"28"},{"layout":"normal","type":"Artifact","types":["Artifact"],"name":"Icy Manipulator","originalType":"Artifact","cmc":4,"rarity":"Special","artist":"Amy Weber","manaCost":"{4}","text":"{1}, {T}: Tap target artifact, creature, or land.","originalText":"{1},{T}: Tap target artifact, creature, or land.","flavor":"\"The scavengers who first found it called it the ‘Bone Crank.' Not a bad name, I'd say.\"\n—Arcum Dagsson, Soldevi Machinist","rulings":[{"date":"2004-10-04","text":"Tapping a card with an effect like this will never pay the cost of an ability. For example, tapping a land with this card will not put mana into a player's pool."},{"date":"2004-10-04","text":"Icy Manipulator can't be used to stop someone from using an ability of the permanent you plan to tap. It can be used to make a player use the ability now or to not use it."},{"date":"2004-10-04","text":"The ability can target a tapped card, but tapping a tapped card does nothing useful. And it will not trigger \"if the card becomes tapped\" effects."},{"date":"2004-10-04","text":"If you want to stop someone from attacking with a creature by using this card, you must do so before attackers are declared. You can't wait until after attackers are declared and then try to use it to make a creature stop attacking. Note that your opponent can't start declaring attackers without letting you use the Icy Manipulator."},{"date":"2004-10-04","text":"Tapping an attacking creature which did not tap to attack does not remove the creature from the attack or cause the creature to stop dealing damage."}],"imageName":"icy manipulator","foreignNames":[{"language":"Chinese Simplified","name":"寒冰操弄器"},{"language":"Chinese Traditional","name":"寒冰操弄器"},{"language":"French","name":"Manipulateur glacial"},{"language":"German","name":"Eiskalter Manipulator"},{"language":"Italian","name":"Manipolatore Glaciale"},{"language":"Japanese","name":"氷の干渉器"},{"language":"Portuguese (Brazil)","name":"Manipulador Gélido"},{"language":"Russian","name":"Ледяной манипулятор"},{"language":"Spanish","name":"Manipulador gélido"}],"legalities":{"Modern":"Legal","Mirrodin Block":"Legal","Ice Age Block":"Legal","Legacy":"Legal","Vintage":"Legal","Freeform":"Legal","Prismatic":"Legal","Tribal Wars Legacy":"Legal","Singleton 100":"Legal","Commander":"Legal"},"printings":["Limited Edition Alpha","Limited Edition Beta","Unlimited Edition","Ice Age","Friday Night Magic","Deckmasters","Mirrodin","Ninth Edition","Tenth Edition","Masters Edition IV","Duel Decks: Ajani vs. Nicol Bolas"],"number":"36"},{"layout":"normal","type":"Instant","types":["Instant"],"colors":["Red"],"name":"Incinerate","originalType":"Instant","cmc":2,"rarity":"Special","artist":"Mark Poole","manaCost":"{1}{R}","text":"Incinerate deals 3 damage to target creature or player. A creature dealt damage this way can't be regenerated this turn.","originalText":"Incinerate deals 3 damage to target creature or player. A creature dealt damage this way can't be regenerated this turn.","flavor":"\"Yes, I think ‘toast' is an appropriate description.\"\n—Jaya Ballard, Task Mage","rulings":[{"date":"2007-07-15","text":"Regeneration abilities that would affect that creature can still be activated; they just won't do anything. The creature can't be regenerated for any reason, even if an effect other than Incinerate would deal lethal damage to it or otherwise destroy it."}],"imageName":"incinerate","foreignNames":[{"language":"Chinese Traditional","name":"焚化"},{"language":"Chinese Simplified","name":"焚化"},{"language":"French","name":"Incinération"},{"language":"German","name":"Einäscherung"},{"language":"Italian","name":"Incenerire"},{"language":"Japanese","name":"火葬"},{"language":"Portuguese (Brazil)","name":"Incinerar"},{"language":"Russian","name":"Сжигание"},{"language":"Spanish","name":"Incinerar"}],"legalities":{"Modern":"Legal","Mirage Block":"Legal","Ice Age Block":"Legal","Legacy":"Legal","Vintage":"Legal","Freeform":"Legal","Prismatic":"Legal","Tribal Wars Legacy":"Legal","Singleton 100":"Legal","Commander":"Legal"},"printings":["Legend Membership","Ice Age","Mirage","Fifth Edition","Magic Player Rewards","Deckmasters","Coldsnap Theme Decks","Tenth Edition","Masters Edition II","Duel Decks: Jace vs. Chandra","Duels of the Planeswalkers","Magic 2012"],"number":"14"},{"layout":"normal","type":"Sorcery","types":["Sorcery"],"colors":["Red"],"name":"Jokulhaups","originalType":"Sorcery","cmc":6,"rarity":"Special","artist":"Richard Thomas","manaCost":"{4}{R}{R}","text":"Destroy all artifacts, creatures, and lands. They can't be regenerated.","originalText":"Destroy all artifacts, creatures, and lands. They can't be regenerated.","flavor":"\"I was shocked when I first saw the aftermath of the Yavimaya Valley disaster. The raging waters had swept away trees, bridges, and even houses. My healers had much work to do.\"\n—Halvor Arenson, Kjeldoran Priest","imageName":"jokulhaups","legalities":{"Ice Age Block":"Legal","Legacy":"Legal","Vintage":"Legal","Freeform":"Legal","Prismatic":"Legal","Tribal Wars Legacy":"Legal","Singleton 100":"Legal","Commander":"Legal"},"printings":["Ice Age","Fifth Edition","Classic Sixth Edition","Deckmasters","Masters Edition"],"number":"15"},{"layout":"normal","type":"Land","types":["Land"],"name":"Karplusan Forest","originalType":"Land","rarity":"Special","artist":"Nicola Leonard","text":"{T}: Add {1} to your mana pool.\n{T}: Add {R} or {G} to your mana pool. Karplusan Forest deals 1 damage to you.","originalText":"{T}: Add one colorless mana to your mana pool.\n{T}: Add {R} or {G} to your mana pool. Karplusan Forest deals 1 damage to you.","imageName":"karplusan forest","foreignNames":[{"language":"Chinese Simplified","name":"卡普路桑森林"},{"language":"Chinese Traditional","name":"卡普路桑森林"},{"language":"French","name":"Forêt de Karpluse"},{"language":"German","name":"Karplusanischer Wald"},{"language":"Italian","name":"Foresta di Karplus"},{"language":"Japanese","name":"カープルーザンの森"},{"language":"Portuguese (Brazil)","name":"Floresta Karplusana"},{"language":"Russian","name":"Карплюсанский лес"},{"language":"Spanish","name":"Foresta karplusana"}],"legalities":{"Modern":"Legal","Ice Age Block":"Legal","Legacy":"Legal","Vintage":"Legal","Freeform":"Legal","Prismatic":"Legal","Tribal Wars Legacy":"Legal","Singleton 100":"Legal","Commander":"Legal"},"printings":["Ice Age","Fifth Edition","Classic Sixth Edition","Seventh Edition","Deckmasters","Ninth Edition","Tenth Edition"],"number":"39"},{"layout":"normal","type":"Sorcery","types":["Sorcery"],"colors":["Red"],"name":"Lava Burst","originalType":"Sorcery","cmc":1,"rarity":"Special","artist":"Tom Wänerstrand","manaCost":"{X}{R}","text":"Lava Burst deals X damage to target creature or player. If Lava Burst would deal damage to a creature, that damage can't be prevented or dealt instead to another creature or player.","originalText":"Lava Burst deals X damage to target creature or player. If Lava Burst would deal damage to a creature, that damage can't be prevented or dealt instead to another creature or player.","flavor":"\"Overkill? This isn't a game of Kick-the-Ouphe!\"\n—Jaya Ballard, Task Mage","rulings":[{"date":"2008-10-01","text":"Prevention and redirection effects will have no effect on damage dealt by Lava Burst to a creature. However, they will work on damage that Lava Burst would deal to a player."},{"date":"2008-10-01","text":"A creature dealt damage by Lava Burst may be regenerated."}],"imageName":"lava burst","legalities":{"Ice Age Block":"Legal","Legacy":"Legal","Vintage":"Legal","Freeform":"Legal","Prismatic":"Legal","Tribal Wars Legacy":"Legal","Singleton 100":"Legal","Commander":"Legal"},"printings":["Ice Age","Deckmasters","Masters Edition II"],"number":"16"},{"layout":"normal","type":"Creature — Lhurgoyf","types":["Creature"],"colors":["Green"],"name":"Lhurgoyf","subtypes":["Lhurgoyf"],"originalType":"Creature — Lhurgoyf","cmc":4,"rarity":"Special","artist":"Pete Venters","power":"*","toughness":"1+*","manaCost":"{2}{G}{G}","text":"Lhurgoyf's power is equal to the number of creature cards in all graveyards and its toughness is equal to that number plus 1.","originalText":"Lhurgoyf's power is equal to the number of creature cards in all graveyards and its toughness is equal to that number plus 1.","flavor":"\"Ach! Hans, run! It's the Lhurgoyf!\"\n—Saffi Eriksdotter, last words","rulings":[{"date":"2008-04-01","text":"A \"creature card\" is any card with the type Creature, even if it has other types such as Artifact, Enchantment, or Land. Older cards of type Summon are also Creature cards."}],"imageName":"lhurgoyf","foreignNames":[{"language":"French","name":"lhurgoyf"},{"language":"Japanese","name":"ルアゴイフ"}],"legalities":{"Modern":"Legal","Ice Age Block":"Legal","Legacy":"Legal","Vintage":"Legal","Freeform":"Legal","Prismatic":"Legal","Tribal Wars Legacy":"Legal","Singleton 100":"Legal","Commander":"Legal"},"printings":["Ice Age","Fifth Edition","Battle Royale Box Set","Deckmasters","Eighth Edition","Magic: The Gathering-Commander"],"border":"black","number":"29"},{"layout":"normal","type":"Creature — Skeleton","types":["Creature"],"colors":["Black"],"name":"Lim-Dûl's High Guard","subtypes":["Skeleton"],"originalType":"Creature — Skeleton","cmc":3,"rarity":"Special","artist":"Anson Maddocks","power":"2","toughness":"1","manaCost":"{1}{B}{B}","text":"First strike\n{1}{B}: Regenerate Lim-Dûl's High Guard.","originalText":"First strike\n{1}{B}: Regenerate","flavor":"\"The Guard will forever stand ready. For them, death is merely an inconvenience, not an ending.\"Chaeska, Keeper of Tresserhorn","imageName":"lim-dul's high guard","legalities":{"Ice Age Block":"Legal","Legacy":"Legal","Vintage":"Legal","Freeform":"Legal","Prismatic":"Legal","Tribal Wars Legacy":"Legal","Singleton 100":"Legal","Commander":"Legal"},"printings":["Alliances","Deckmasters","Masters Edition II"],"number":"6"},{"layout":"normal","supertypes":["Basic"],"type":"Basic Land — Mountain","types":["Land"],"name":"Mountain","subtypes":["Mountain"],"originalType":"Land","rarity":"Basic Land","artist":"Tom Wänerstrand","originalText":"{R}","imageName":"mountain1","foreignNames":[{"language":"Chinese Simplified","name":"山脉"},{"language":"Chinese Traditional","name":"山脈"},{"language":"French","name":"Montagne"},{"language":"German","name":"Gebirge"},{"language":"Italian","name":"Montagna"},{"language":"Japanese","name":"山"},{"language":"Korean","name":"산"},{"language":"Portuguese (Brazil)","name":"Montanha"},{"language":"Russian","name":"Гора"},{"language":"Spanish","name":"Montaña"}],"legalities":{"Standard":"Legal","Modern":"Legal","Theros Block":"Legal","Return to Ravnica Block":"Legal","Innistrad Block":"Legal","Scars of Mirrodin Block":"Legal","Zendikar Block":"Legal","Shards of Alara Block":"Legal","Lorwyn-Shadowmoor Block":"Legal","Time Spiral Block":"Legal","Ravnica Block":"Legal","Kamigawa Block":"Legal","Mirrodin Block":"Legal","Onslaught Block":"Legal","Odyssey Block":"Legal","Invasion Block":"Legal","Masques Block":"Legal","Urza Block":"Legal","Tempest Block":"Legal","Mirage Block":"Legal","Ice Age Block":"Legal","Un-Sets":"Legal","Legacy":"Legal","Vintage":"Legal","Freeform":"Legal","Prismatic":"Legal","Tribal Wars Legacy":"Legal","Tribal Wars Standard":"Legal","Singleton 100":"Legal","Commander":"Legal"},"printings":["Limited Edition Alpha","Limited Edition Beta","Unlimited Edition","Arabian Nights","Revised Edition","Fourth Edition","Ice Age","Rivals Quick Start Set","Arena League","Mirage","Introductory Two-Player Set","Fifth Edition","Portal","Tempest","Judge Gift Program","Portal Second Age","Unglued","Asia Pacific Land Program","Urza's Saga","Anthologies","Classic Sixth Edition","Portal Three Kingdoms","Starter 1999","Guru","Mercadian Masques","Battle Royale Box Set","European Land Program","Starter 2000","Beatdown Box Set","Invasion","Seventh Edition","Odyssey","Deckmasters","Onslaught","Eighth Edition","Mirrodin","Champions of Kamigawa","Unhinged","Ninth Edition","Ravnica: City of Guilds","Coldsnap Theme Decks","Time Spiral","Tenth Edition","Masters Edition","Lorwyn","Duel Decks: Elves vs. Goblins","Shadowmoor","Shards of Alara","Duel Decks: Jace vs. Chandra","Magic 2010","Planechase","Masters Edition III","Zendikar","Premium Deck Series: Slivers","Duel Decks: Phyrexia vs. the Coalition","Rise of the Eldrazi","Duels of the Planeswalkers","Archenemy","Magic 2011","Scars of Mirrodin","Premium Deck Series: Fire and Lightning","Mirrodin Besieged","Duel Decks: Knights vs. Dragons","New Phyrexia","Magic: The Gathering-Commander","Magic 2012","Duel Decks: Ajani vs. Nicol Bolas","Innistrad","Duel Decks: Venser vs. Koth","Avacyn Restored","Planechase 2012 Edition","Magic 2013","Duel Decks: Izzet vs. Golgari","Return to Ravnica","Duel Decks: Sorin vs. Tibalt","Magic 2014 Core Set","Duel Decks: Heroes vs. Monsters","Theros","Commander 2013 Edition","Magic 2015 Core Set","Duel Decks: Speed vs. Cunning","Khans of Tarkir","Commander 2014","Fate Reforged"],"number":"45"},{"layout":"normal","supertypes":["Basic"],"type":"Basic Land — Mountain","types":["Land"],"name":"Mountain","subtypes":["Mountain"],"originalType":"Land","rarity":"Basic Land","artist":"Tom Wänerstrand","originalText":"{R}","imageName":"mountain2","foreignNames":[{"language":"Chinese Simplified","name":"山脉"},{"language":"Chinese Traditional","name":"山脈"},{"language":"French","name":"Montagne"},{"language":"German","name":"Gebirge"},{"language":"Italian","name":"Montagna"},{"language":"Japanese","name":"山"},{"language":"Korean","name":"산"},{"language":"Portuguese (Brazil)","name":"Montanha"},{"language":"Russian","name":"Гора"},{"language":"Spanish","name":"Montaña"}],"legalities":{"Standard":"Legal","Modern":"Legal","Theros Block":"Legal","Return to Ravnica Block":"Legal","Innistrad Block":"Legal","Scars of Mirrodin Block":"Legal","Zendikar Block":"Legal","Shards of Alara Block":"Legal","Lorwyn-Shadowmoor Block":"Legal","Time Spiral Block":"Legal","Ravnica Block":"Legal","Kamigawa Block":"Legal","Mirrodin Block":"Legal","Onslaught Block":"Legal","Odyssey Block":"Legal","Invasion Block":"Legal","Masques Block":"Legal","Urza Block":"Legal","Tempest Block":"Legal","Mirage Block":"Legal","Ice Age Block":"Legal","Un-Sets":"Legal","Legacy":"Legal","Vintage":"Legal","Freeform":"Legal","Prismatic":"Legal","Tribal Wars Legacy":"Legal","Tribal Wars Standard":"Legal","Singleton 100":"Legal","Commander":"Legal"},"printings":["Limited Edition Alpha","Limited Edition Beta","Unlimited Edition","Arabian Nights","Revised Edition","Fourth Edition","Ice Age","Rivals Quick Start Set","Arena League","Mirage","Introductory Two-Player Set","Fifth Edition","Portal","Tempest","Judge Gift Program","Portal Second Age","Unglued","Asia Pacific Land Program","Urza's Saga","Anthologies","Classic Sixth Edition","Portal Three Kingdoms","Starter 1999","Guru","Mercadian Masques","Battle Royale Box Set","European Land Program","Starter 2000","Beatdown Box Set","Invasion","Seventh Edition","Odyssey","Deckmasters","Onslaught","Eighth Edition","Mirrodin","Champions of Kamigawa","Unhinged","Ninth Edition","Ravnica: City of Guilds","Coldsnap Theme Decks","Time Spiral","Tenth Edition","Masters Edition","Lorwyn","Duel Decks: Elves vs. Goblins","Shadowmoor","Shards of Alara","Duel Decks: Jace vs. Chandra","Magic 2010","Planechase","Masters Edition III","Zendikar","Premium Deck Series: Slivers","Duel Decks: Phyrexia vs. the Coalition","Rise of the Eldrazi","Duels of the Planeswalkers","Archenemy","Magic 2011","Scars of Mirrodin","Premium Deck Series: Fire and Lightning","Mirrodin Besieged","Duel Decks: Knights vs. Dragons","New Phyrexia","Magic: The Gathering-Commander","Magic 2012","Duel Decks: Ajani vs. Nicol Bolas","Innistrad","Duel Decks: Venser vs. Koth","Avacyn Restored","Planechase 2012 Edition","Magic 2013","Duel Decks: Izzet vs. Golgari","Return to Ravnica","Duel Decks: Sorin vs. Tibalt","Magic 2014 Core Set","Duel Decks: Heroes vs. Monsters","Theros","Commander 2013 Edition","Magic 2015 Core Set","Duel Decks: Speed vs. Cunning","Khans of Tarkir","Commander 2014","Fate Reforged"],"number":"46"},{"layout":"normal","supertypes":["Basic"],"type":"Basic Land — Mountain","types":["Land"],"name":"Mountain","subtypes":["Mountain"],"originalType":"Land","rarity":"Basic Land","artist":"Tom Wänerstrand","originalText":"{R}","imageName":"mountain3","foreignNames":[{"language":"Chinese Simplified","name":"山脉"},{"language":"Chinese Traditional","name":"山脈"},{"language":"French","name":"Montagne"},{"language":"German","name":"Gebirge"},{"language":"Italian","name":"Montagna"},{"language":"Japanese","name":"山"},{"language":"Korean","name":"산"},{"language":"Portuguese (Brazil)","name":"Montanha"},{"language":"Russian","name":"Гора"},{"language":"Spanish","name":"Montaña"}],"legalities":{"Standard":"Legal","Modern":"Legal","Theros Block":"Legal","Return to Ravnica Block":"Legal","Innistrad Block":"Legal","Scars of Mirrodin Block":"Legal","Zendikar Block":"Legal","Shards of Alara Block":"Legal","Lorwyn-Shadowmoor Block":"Legal","Time Spiral Block":"Legal","Ravnica Block":"Legal","Kamigawa Block":"Legal","Mirrodin Block":"Legal","Onslaught Block":"Legal","Odyssey Block":"Legal","Invasion Block":"Legal","Masques Block":"Legal","Urza Block":"Legal","Tempest Block":"Legal","Mirage Block":"Legal","Ice Age Block":"Legal","Un-Sets":"Legal","Legacy":"Legal","Vintage":"Legal","Freeform":"Legal","Prismatic":"Legal","Tribal Wars Legacy":"Legal","Tribal Wars Standard":"Legal","Singleton 100":"Legal","Commander":"Legal"},"printings":["Limited Edition Alpha","Limited Edition Beta","Unlimited Edition","Arabian Nights","Revised Edition","Fourth Edition","Ice Age","Rivals Quick Start Set","Arena League","Mirage","Introductory Two-Player Set","Fifth Edition","Portal","Tempest","Judge Gift Program","Portal Second Age","Unglued","Asia Pacific Land Program","Urza's Saga","Anthologies","Classic Sixth Edition","Portal Three Kingdoms","Starter 1999","Guru","Mercadian Masques","Battle Royale Box Set","European Land Program","Starter 2000","Beatdown Box Set","Invasion","Seventh Edition","Odyssey","Deckmasters","Onslaught","Eighth Edition","Mirrodin","Champions of Kamigawa","Unhinged","Ninth Edition","Ravnica: City of Guilds","Coldsnap Theme Decks","Time Spiral","Tenth Edition","Masters Edition","Lorwyn","Duel Decks: Elves vs. Goblins","Shadowmoor","Shards of Alara","Duel Decks: Jace vs. Chandra","Magic 2010","Planechase","Masters Edition III","Zendikar","Premium Deck Series: Slivers","Duel Decks: Phyrexia vs. the Coalition","Rise of the Eldrazi","Duels of the Planeswalkers","Archenemy","Magic 2011","Scars of Mirrodin","Premium Deck Series: Fire and Lightning","Mirrodin Besieged","Duel Decks: Knights vs. Dragons","New Phyrexia","Magic: The Gathering-Commander","Magic 2012","Duel Decks: Ajani vs. Nicol Bolas","Innistrad","Duel Decks: Venser vs. Koth","Avacyn Restored","Planechase 2012 Edition","Magic 2013","Duel Decks: Izzet vs. Golgari","Return to Ravnica","Duel Decks: Sorin vs. Tibalt","Magic 2014 Core Set","Duel Decks: Heroes vs. Monsters","Theros","Commander 2013 Edition","Magic 2015 Core Set","Duel Decks: Speed vs. Cunning","Khans of Tarkir","Commander 2014","Fate Reforged"],"number":"47"},{"layout":"normal","type":"Enchantment","types":["Enchantment"],"colors":["Black"],"name":"Necropotence","originalType":"Enchantment","cmc":3,"rarity":"Special","artist":"Mark Tedin","manaCost":"{B}{B}{B}","text":"Skip your draw step.\nWhenever you discard a card, exile that card from your graveyard.\nPay 1 life: Exile the top card of your library face down. Put that card into your hand at the beginning of your next end step.","originalText":"Skip your draw step.\nIf you would discard a card from your hand, remove that card from the game instead.\nPay 1 life: Remove the top card of your library from the game face down. At the end of your turn, put that card into your hand.","rulings":[{"date":"2004-10-04","text":"Removing Necropotence from the battlefield will not stop the cards from the life-payment ability from being put into your hand in the end step."}],"imageName":"necropotence","legalities":{"Ice Age Block":"Legal","Legacy":"Banned","Vintage":"Restricted","Freeform":"Legal","Prismatic":"Legal","Tribal Wars Legacy":"Legal","Singleton 100":"Legal","Commander":"Legal"},"printings":["Ice Age","Fifth Edition","Deckmasters","Masters Edition II","From the Vault: Exiled","Vintage Masters"],"border":"black","number":"7"},{"layout":"normal","type":"Creature — Orc Warrior","types":["Creature"],"colors":["Red"],"name":"Orcish Cannoneers","subtypes":["Orc","Warrior"],"originalType":"Creature — Orcs","cmc":3,"rarity":"Special","artist":"Dan Frazier","power":"1","toughness":"3","manaCost":"{1}{R}{R}","text":"{T}: Orcish Cannoneers deals 2 damage to target creature or player and 3 damage to you.","originalText":"{T}: Orcish Cannoneers deals 2 damage to target creature or player and 3 damage to you.","flavor":"\"It's a thankless job, and you'll probably die in an explosion. But the pay is pretty good.\"\n—Toothlicker Harj, Orcish Captain","imageName":"orcish cannoneers","legalities":{"Ice Age Block":"Legal","Legacy":"Legal","Vintage":"Legal","Freeform":"Legal","Prismatic":"Legal","Tribal Wars Legacy":"Legal","Singleton 100":"Legal","Commander":"Legal"},"printings":["Ice Age","Deckmasters","Masters Edition II"],"number":"17"},{"layout":"normal","type":"Creature — Illusion","types":["Creature"],"colors":["Black"],"name":"Phantasmal Fiend","subtypes":["Illusion"],"originalType":"Creature — Phantasm","cmc":4,"rarity":"Special","artist":"Scott Kirschner","power":"1","toughness":"5","manaCost":"{3}{B}","text":"{B}: Phantasmal Fiend gets +1/-1 until end of turn.\n{1}{U}: Switch Phantasmal Fiend's power and toughness until end of turn.","originalText":"{B}: Phantasmal Fiend gets +1/-1 until end of turn.\n{1}{U}: Switch Phantasmal Fiend's power and toughness until end of turn. Effects that would alter Phantasmal Fiend's power this turn alter its toughness instead, and vice versa.","rulings":[{"date":"2005-11-01","text":"Note that the wording \"Effects that alter the creature's power alter its toughness instead, and vice versa, this turn\" has been removed."},{"date":"2008-10-01","text":"Effects that switch power and toughness are always applied last when determining a creature's power and toughness, even if other power/toughness-changing effects are created later in the turn. For example, if you activate Phantasmal Fiend's first ability, it will become 2/4. Then if you activate its second ability, it will become 4/2. Then if you activate its first ability again, it will become 3/3."},{"date":"2013-04-15","text":"Effects that switch power and toughness apply after all other effects that change power and/or toughness, regardless of which effect was created first."},{"date":"2013-04-15","text":"Switching a creature's power and toughness twice (or any even number of times) effectively returns the creature to the power and toughness it had before any switches."}],"imageName":"phantasmal fiend","legalities":{"Ice Age Block":"Legal","Legacy":"Legal","Vintage":"Legal","Freeform":"Legal","Prismatic":"Legal","Tribal Wars Legacy":"Legal","Singleton 100":"Legal","Commander":"Legal"},"printings":["Alliances","Deckmasters","Coldsnap Theme Decks","Masters Edition II"],"number":"8a"},{"layout":"normal","type":"Artifact Creature — Beast","types":["Artifact","Creature"],"name":"Phyrexian War Beast","subtypes":["Beast"],"originalType":"Artifact Creature","cmc":3,"rarity":"Special","artist":"Bill Sienkiewicz","power":"3","toughness":"4","manaCost":"{3}","text":"When Phyrexian War Beast leaves the battlefield, sacrifice a land and Phyrexian War Beast deals 1 damage to you.","originalText":"When Phyrexian War Beast leaves play, sacrifice a land and Phyrexian War Beast deals 1 damage to you.","flavor":"\"Deal with the spawn of Phyrexia cautiously; only with time may we control them.\"\n—Arcum Dagsson,\nSoldevi Machinist","imageName":"phyrexian war beast","legalities":{"Ice Age Block":"Legal","Legacy":"Legal","Vintage":"Legal","Freeform":"Legal","Prismatic":"Legal","Tribal Wars Legacy":"Legal","Singleton 100":"Legal","Commander":"Legal"},"printings":["Alliances","Deckmasters","Masters Edition"],"number":"37a"},{"layout":"normal","type":"Sorcery","types":["Sorcery"],"colors":["Red"],"name":"Pillage","originalType":"Sorcery","cmc":3,"rarity":"Special","artist":"Richard Kane Ferguson","manaCost":"{1}{R}{R}","text":"Destroy target artifact or land. It can't be regenerated.","originalText":"Destroy target artifact or land. It can't be regenerated.","flavor":"\"Were they to reduce us to ash, we would clog their throats and sting their eyes in payment.\"\n—Lovisa Coldeyes,\nBalduvian Chieftain","imageName":"pillage","foreignNames":[{"language":"German","name":"Plünderung"}],"legalities":{"Ice Age Block":"Legal","Legacy":"Legal","Vintage":"Legal","Freeform":"Legal","Prismatic":"Legal","Tribal Wars Legacy":"Legal","Singleton 100":"Legal","Commander":"Legal"},"printings":["Alliances","Arena League","Classic Sixth Edition","Seventh Edition","Deckmasters","Masters Edition II","Premium Deck Series: Fire and Lightning"],"number":"18"},{"layout":"normal","type":"Sorcery","types":["Sorcery"],"colors":["Red"],"name":"Pyroclasm","originalType":"Sorcery","cmc":2,"rarity":"Special","artist":"Pat Morrissey","manaCost":"{1}{R}","text":"Pyroclasm deals 2 damage to each creature.","originalText":"Pyroclasm deals 2 damage to each creature.","flavor":"\"Leaves more room for the big ones to fight in, you know.\"\n—Jaya Ballard, Task Mage","imageName":"pyroclasm","foreignNames":[{"language":"Chinese Simplified","name":"烈火断层"},{"language":"Chinese Traditional","name":"烈火斷層"},{"language":"French","name":"Pyroclasme"},{"language":"German","name":"Feuermasse"},{"language":"Italian","name":"Piroclasma"},{"language":"Japanese","name":"紅蓮地獄"},{"language":"Portuguese (Brazil)","name":"Piroclasma"},{"language":"Russian","name":"Пироклазм"},{"language":"Spanish","name":"Detonación ígnea"}],"legalities":{"Modern":"Legal","Ice Age Block":"Legal","Legacy":"Legal","Vintage":"Legal","Freeform":"Legal","Prismatic":"Legal","Tribal Wars Legacy":"Legal","Singleton 100":"Legal","Commander":"Legal"},"printings":["Ice Age","Portal","Seventh Edition","Magic Player Rewards","Deckmasters","Eighth Edition","Ninth Edition","Tenth Edition","Magic 2010","Magic 2011","Duel Decks: Sorin vs. Tibalt","Duel Decks: Heroes vs. Monsters"],"number":"19"},{"layout":"normal","type":"Instant","types":["Instant"],"colors":["Red"],"name":"Shatter","originalType":"Instant","cmc":2,"rarity":"Special","artist":"Bryon Wackwitz","manaCost":"{1}{R}","text":"Destroy target artifact.","originalText":"Destroy target artifact.","flavor":"\"Let the past be the past. Do not call up that which you cannot put down. Destroy that which destroyed us, so long ago.\"\n—Sorine Relicbane, Soldevi Heretic","rulings":[{"date":"2004-10-04","text":"Regenerating artifacts can regenerate from this."}],"imageName":"shatter","foreignNames":[{"language":"Chinese Simplified","name":"粉碎"},{"language":"Chinese Traditional","name":"粉碎"},{"language":"French","name":"Fracasser"},{"language":"German","name":"Zersplittern"},{"language":"Italian","name":"Distruggi Artefatto"},{"language":"Japanese","name":"粉砕"},{"language":"Korean","name":"산산조각"},{"language":"Portuguese (Brazil)","name":"Estilhaçar"},{"language":"Russian","name":"Раскол"},{"language":"Spanish","name":"Romper"}],"legalities":{"Standard":"Legal","Modern":"Legal","Scars of Mirrodin Block":"Legal","Mirrodin Block":"Legal","Tempest Block":"Legal","Ice Age Block":"Legal","Legacy":"Legal","Vintage":"Legal","Freeform":"Legal","Prismatic":"Legal","Tribal Wars Legacy":"Legal","Singleton 100":"Legal","Commander":"Legal"},"printings":["Limited Edition Alpha","Limited Edition Beta","Unlimited Edition","Revised Edition","Fourth Edition","Ice Age","Fifth Edition","Tempest","Classic Sixth Edition","Seventh Edition","Deckmasters","Eighth Edition","Mirrodin","Ninth Edition","Magic 2010","Scars of Mirrodin","Khans of Tarkir"],"number":"20"},{"layout":"normal","type":"Sorcery","types":["Sorcery"],"colors":["Black"],"name":"Soul Burn","originalType":"Sorcery","cmc":3,"rarity":"Special","artist":"Rob Alexander","manaCost":"{X}{2}{B}","text":"Spend only black and/or red mana on X.\nSoul Burn deals X damage to target creature or player. You gain life equal to the damage dealt, but not more than the amount of {B} spent on X, the player's life total before Soul Burn dealt damage, or the creature's toughness.","originalText":"Spend only black and/or red mana on X.\nSoul Burn deals X damage to target creature or player. You gain life equal to the damage dealt, but not more than the amount of {B} spent on X, the player's life total before Soul Burn dealt damage, or the creature's toughness.","rulings":[{"date":"2004-10-04","text":"Will give 1 life for each black mana used, but not more life than the amount of unprevented damage that is dealt."}],"imageName":"soul burn","foreignNames":[{"language":"French","name":"Brûlure des âmes"},{"language":"German","name":"Seelenfeuer"}],"legalities":{"Invasion Block":"Legal","Ice Age Block":"Legal","Legacy":"Legal","Vintage":"Legal","Freeform":"Legal","Prismatic":"Legal","Tribal Wars Legacy":"Legal","Singleton 100":"Legal","Commander":"Legal"},"printings":["Ice Age","Invasion","Deckmasters","Coldsnap Theme Decks"],"number":"9"},{"layout":"normal","type":"Creature — Human Cleric Shaman","types":["Creature"],"colors":["Red"],"name":"Storm Shaman","subtypes":["Human","Cleric","Shaman"],"originalType":"Creature — Cleric","cmc":3,"rarity":"Special","artist":"Carol Heyer","power":"0","toughness":"4","manaCost":"{2}{R}","text":"{R}: Storm Shaman gets +1/+0 until end of turn.","originalText":"{R}: Storm Shaman gets +1/+0 until end of turn.","flavor":"\"Embrace the storm. Its voice shall echo within you, and its fire shall become your touch!\"\n—Lovisa Coldeyes, Balduvian chieftain","imageName":"storm shaman","foreignNames":[{"language":"French","name":"Shamane de l'orage"},{"language":"German","name":"Sturmschamane"}],"legalities":{"Ice Age Block":"Legal","Legacy":"Legal","Vintage":"Legal","Freeform":"Legal","Prismatic":"Legal","Tribal Wars Legacy":"Legal","Singleton 100":"Legal","Commander":"Legal"},"printings":["Alliances","Seventh Edition","Deckmasters"],"number":"21a"},{"layout":"normal","type":"Land","types":["Land"],"name":"Sulfurous Springs","originalType":"Land","rarity":"Special","artist":"Phil Foglio","text":"{T}: Add {1} to your mana pool.\n{T}: Add {B} or {R} to your mana pool. Sulfurous Springs deals 1 damage to you.","originalText":"{T}: Add one colorless mana to your mana pool.\n{T}: Add {B} or {R} to your mana pool. Sulfurous Springs deals 1 damage to you.","imageName":"sulfurous springs","foreignNames":[{"language":"Chinese Simplified","name":"硫磺温泉"},{"language":"Chinese Traditional","name":"硫磺溫泉"},{"language":"French","name":"Sources sulfureuses"},{"language":"German","name":"Schwefelquellen"},{"language":"Italian","name":"Sorgenti Sulfuree"},{"language":"Japanese","name":"硫黄泉"},{"language":"Portuguese (Brazil)","name":"Fontes Sulfurosas"},{"language":"Russian","name":"Серные источники"},{"language":"Spanish","name":"Manantiales sulfurosos"}],"legalities":{"Modern":"Legal","Ice Age Block":"Legal","Legacy":"Legal","Vintage":"Legal","Freeform":"Legal","Prismatic":"Legal","Tribal Wars Legacy":"Legal","Singleton 100":"Legal","Commander":"Legal"},"printings":["Ice Age","Fifth Edition","Classic Sixth Edition","Seventh Edition","Deckmasters","Ninth Edition","Tenth Edition"],"number":"40"},{"layout":"normal","supertypes":["Basic"],"type":"Basic Land — Swamp","types":["Land"],"name":"Swamp","subtypes":["Swamp"],"originalType":"Land","rarity":"Basic Land","artist":"Douglas Shuler","originalText":"{B}","imageName":"swamp1","foreignNames":[{"language":"Chinese Simplified","name":"沼泽"},{"language":"Chinese Traditional","name":"沼澤"},{"language":"French","name":"Marais"},{"language":"German","name":"Sumpf"},{"language":"Italian","name":"Palude"},{"language":"Japanese","name":"沼"},{"language":"Korean","name":"늪"},{"language":"Portuguese (Brazil)","name":"Pântano"},{"language":"Russian","name":"Болото"},{"language":"Spanish","name":"Pantano"}],"legalities":{"Standard":"Legal","Modern":"Legal","Theros Block":"Legal","Return to Ravnica Block":"Legal","Innistrad Block":"Legal","Scars of Mirrodin Block":"Legal","Zendikar Block":"Legal","Shards of Alara Block":"Legal","Lorwyn-Shadowmoor Block":"Legal","Time Spiral Block":"Legal","Ravnica Block":"Legal","Kamigawa Block":"Legal","Mirrodin Block":"Legal","Onslaught Block":"Legal","Odyssey Block":"Legal","Invasion Block":"Legal","Masques Block":"Legal","Urza Block":"Legal","Tempest Block":"Legal","Mirage Block":"Legal","Ice Age Block":"Legal","Un-Sets":"Legal","Legacy":"Legal","Vintage":"Legal","Freeform":"Legal","Prismatic":"Legal","Tribal Wars Legacy":"Legal","Tribal Wars Standard":"Legal","Singleton 100":"Legal","Commander":"Legal"},"printings":["Limited Edition Alpha","Limited Edition Beta","Unlimited Edition","Revised Edition","Fourth Edition","Ice Age","Rivals Quick Start Set","Arena League","Mirage","Introductory Two-Player Set","Fifth Edition","Portal","Tempest","Judge Gift Program","Portal Second Age","Unglued","Asia Pacific Land Program","Urza's Saga","Anthologies","Classic Sixth Edition","Portal Three Kingdoms","Starter 1999","Guru","Mercadian Masques","Battle Royale Box Set","European Land Program","Starter 2000","Beatdown Box Set","Invasion","Seventh Edition","Odyssey","Deckmasters","Onslaught","Eighth Edition","Mirrodin","Champions of Kamigawa","Unhinged","Ninth Edition","Ravnica: City of Guilds","Coldsnap Theme Decks","Time Spiral","Tenth Edition","Masters Edition","Lorwyn","Shadowmoor","Shards of Alara","Duel Decks: Divine vs. Demonic","Magic 2010","Planechase","Masters Edition III","Zendikar","Duel Decks: Garruk vs. Liliana","Premium Deck Series: Slivers","Duel Decks: Phyrexia vs. the Coalition","Rise of the Eldrazi","Duels of the Planeswalkers","Archenemy","Magic 2011","Scars of Mirrodin","Mirrodin Besieged","New Phyrexia","Magic: The Gathering-Commander","Magic 2012","Duel Decks: Ajani vs. Nicol Bolas","Innistrad","Premium Deck Series: Graveborn","Avacyn Restored","Planechase 2012 Edition","Magic 2013","Duel Decks: Izzet vs. Golgari","Return to Ravnica","Duel Decks: Sorin vs. Tibalt","Magic 2014 Core Set","Theros","Commander 2013 Edition","Duel Decks: Jace vs. Vraska","Modern Event Deck 2014","Magic 2015 Core Set","Duel Decks: Speed vs. Cunning","Khans of Tarkir","Commander 2014","Fate Reforged"],"number":"42"},{"layout":"normal","supertypes":["Basic"],"type":"Basic Land — Swamp","types":["Land"],"name":"Swamp","subtypes":["Swamp"],"originalType":"Land","rarity":"Basic Land","artist":"Douglas Shuler","originalText":"{B}","imageName":"swamp2","foreignNames":[{"language":"Chinese Simplified","name":"沼泽"},{"language":"Chinese Traditional","name":"沼澤"},{"language":"French","name":"Marais"},{"language":"German","name":"Sumpf"},{"language":"Italian","name":"Palude"},{"language":"Japanese","name":"沼"},{"language":"Korean","name":"늪"},{"language":"Portuguese (Brazil)","name":"Pântano"},{"language":"Russian","name":"Болото"},{"language":"Spanish","name":"Pantano"}],"legalities":{"Standard":"Legal","Modern":"Legal","Theros Block":"Legal","Return to Ravnica Block":"Legal","Innistrad Block":"Legal","Scars of Mirrodin Block":"Legal","Zendikar Block":"Legal","Shards of Alara Block":"Legal","Lorwyn-Shadowmoor Block":"Legal","Time Spiral Block":"Legal","Ravnica Block":"Legal","Kamigawa Block":"Legal","Mirrodin Block":"Legal","Onslaught Block":"Legal","Odyssey Block":"Legal","Invasion Block":"Legal","Masques Block":"Legal","Urza Block":"Legal","Tempest Block":"Legal","Mirage Block":"Legal","Ice Age Block":"Legal","Un-Sets":"Legal","Legacy":"Legal","Vintage":"Legal","Freeform":"Legal","Prismatic":"Legal","Tribal Wars Legacy":"Legal","Tribal Wars Standard":"Legal","Singleton 100":"Legal","Commander":"Legal"},"printings":["Limited Edition Alpha","Limited Edition Beta","Unlimited Edition","Revised Edition","Fourth Edition","Ice Age","Rivals Quick Start Set","Arena League","Mirage","Introductory Two-Player Set","Fifth Edition","Portal","Tempest","Judge Gift Program","Portal Second Age","Unglued","Asia Pacific Land Program","Urza's Saga","Anthologies","Classic Sixth Edition","Portal Three Kingdoms","Starter 1999","Guru","Mercadian Masques","Battle Royale Box Set","European Land Program","Starter 2000","Beatdown Box Set","Invasion","Seventh Edition","Odyssey","Deckmasters","Onslaught","Eighth Edition","Mirrodin","Champions of Kamigawa","Unhinged","Ninth Edition","Ravnica: City of Guilds","Coldsnap Theme Decks","Time Spiral","Tenth Edition","Masters Edition","Lorwyn","Shadowmoor","Shards of Alara","Duel Decks: Divine vs. Demonic","Magic 2010","Planechase","Masters Edition III","Zendikar","Duel Decks: Garruk vs. Liliana","Premium Deck Series: Slivers","Duel Decks: Phyrexia vs. the Coalition","Rise of the Eldrazi","Duels of the Planeswalkers","Archenemy","Magic 2011","Scars of Mirrodin","Mirrodin Besieged","New Phyrexia","Magic: The Gathering-Commander","Magic 2012","Duel Decks: Ajani vs. Nicol Bolas","Innistrad","Premium Deck Series: Graveborn","Avacyn Restored","Planechase 2012 Edition","Magic 2013","Duel Decks: Izzet vs. Golgari","Return to Ravnica","Duel Decks: Sorin vs. Tibalt","Magic 2014 Core Set","Theros","Commander 2013 Edition","Duel Decks: Jace vs. Vraska","Modern Event Deck 2014","Magic 2015 Core Set","Duel Decks: Speed vs. Cunning","Khans of Tarkir","Commander 2014","Fate Reforged"],"number":"43"},{"layout":"normal","supertypes":["Basic"],"type":"Basic Land — Swamp","types":["Land"],"name":"Swamp","subtypes":["Swamp"],"originalType":"Land","rarity":"Basic Land","artist":"Douglas Shuler","originalText":"{B}","imageName":"swamp3","foreignNames":[{"language":"Chinese Simplified","name":"沼泽"},{"language":"Chinese Traditional","name":"沼澤"},{"language":"French","name":"Marais"},{"language":"German","name":"Sumpf"},{"language":"Italian","name":"Palude"},{"language":"Japanese","name":"沼"},{"language":"Korean","name":"늪"},{"language":"Portuguese (Brazil)","name":"Pântano"},{"language":"Russian","name":"Болото"},{"language":"Spanish","name":"Pantano"}],"legalities":{"Standard":"Legal","Modern":"Legal","Theros Block":"Legal","Return to Ravnica Block":"Legal","Innistrad Block":"Legal","Scars of Mirrodin Block":"Legal","Zendikar Block":"Legal","Shards of Alara Block":"Legal","Lorwyn-Shadowmoor Block":"Legal","Time Spiral Block":"Legal","Ravnica Block":"Legal","Kamigawa Block":"Legal","Mirrodin Block":"Legal","Onslaught Block":"Legal","Odyssey Block":"Legal","Invasion Block":"Legal","Masques Block":"Legal","Urza Block":"Legal","Tempest Block":"Legal","Mirage Block":"Legal","Ice Age Block":"Legal","Un-Sets":"Legal","Legacy":"Legal","Vintage":"Legal","Freeform":"Legal","Prismatic":"Legal","Tribal Wars Legacy":"Legal","Tribal Wars Standard":"Legal","Singleton 100":"Legal","Commander":"Legal"},"printings":["Limited Edition Alpha","Limited Edition Beta","Unlimited Edition","Revised Edition","Fourth Edition","Ice Age","Rivals Quick Start Set","Arena League","Mirage","Introductory Two-Player Set","Fifth Edition","Portal","Tempest","Judge Gift Program","Portal Second Age","Unglued","Asia Pacific Land Program","Urza's Saga","Anthologies","Classic Sixth Edition","Portal Three Kingdoms","Starter 1999","Guru","Mercadian Masques","Battle Royale Box Set","European Land Program","Starter 2000","Beatdown Box Set","Invasion","Seventh Edition","Odyssey","Deckmasters","Onslaught","Eighth Edition","Mirrodin","Champions of Kamigawa","Unhinged","Ninth Edition","Ravnica: City of Guilds","Coldsnap Theme Decks","Time Spiral","Tenth Edition","Masters Edition","Lorwyn","Shadowmoor","Shards of Alara","Duel Decks: Divine vs. Demonic","Magic 2010","Planechase","Masters Edition III","Zendikar","Duel Decks: Garruk vs. Liliana","Premium Deck Series: Slivers","Duel Decks: Phyrexia vs. the Coalition","Rise of the Eldrazi","Duels of the Planeswalkers","Archenemy","Magic 2011","Scars of Mirrodin","Mirrodin Besieged","New Phyrexia","Magic: The Gathering-Commander","Magic 2012","Duel Decks: Ajani vs. Nicol Bolas","Innistrad","Premium Deck Series: Graveborn","Avacyn Restored","Planechase 2012 Edition","Magic 2013","Duel Decks: Izzet vs. Golgari","Return to Ravnica","Duel Decks: Sorin vs. Tibalt","Magic 2014 Core Set","Theros","Commander 2013 Edition","Duel Decks: Jace vs. Vraska","Modern Event Deck 2014","Magic 2015 Core Set","Duel Decks: Speed vs. Cunning","Khans of Tarkir","Commander 2014","Fate Reforged"],"number":"44"},{"layout":"normal","type":"Land","types":["Land"],"name":"Underground River","originalType":"Land","rarity":"Special","artist":"NéNé Thomas","text":"{T}: Add {1} to your mana pool.\n{T}: Add {U} or {B} to your mana pool. Underground River deals 1 damage to you.","originalText":"{T}: Add one colorless mana to your mana pool.\n{T}: Add {U} or {B} to your mana pool. Underground River deals 1 damage to you.","imageName":"underground river","foreignNames":[{"language":"Chinese Simplified","name":"伏流"},{"language":"Chinese Traditional","name":"伏流"},{"language":"French","name":"Rivière souterraine"},{"language":"German","name":"Unterirdischer Fluss"},{"language":"Italian","name":"Fiume Sotterraneo"},{"language":"Japanese","name":"地底の大河"},{"language":"Portuguese (Brazil)","name":"Rio Subterrâneo"},{"language":"Russian","name":"Подземная река"},{"language":"Spanish","name":"Río subterráneo"}],"legalities":{"Modern":"Legal","Ice Age Block":"Legal","Legacy":"Legal","Vintage":"Legal","Freeform":"Legal","Prismatic":"Legal","Tribal Wars Legacy":"Legal","Singleton 100":"Legal","Commander":"Legal"},"printings":["Ice Age","Fifth Edition","Classic Sixth Edition","Seventh Edition","Deckmasters","Ninth Edition","Tenth Edition"],"number":"41"},{"layout":"normal","type":"Artifact Creature — Wall","types":["Artifact","Creature"],"name":"Walking Wall","subtypes":["Wall"],"originalType":"Artifact Creature","cmc":4,"rarity":"Special","artist":"Anthony S. Waters","power":"0","toughness":"6","manaCost":"{4}","text":"Defender\n{3}: Walking Wall gets +3/-1 until end of turn and can attack this turn as though it didn't have defender. Activate this ability only once each turn.","originalText":"(Walls can't attack.)\n{3}: Walking Wall gets +3/-1 until end of turn and may attack this turn as though it weren't a Wall. Play this ability only once each turn.","flavor":"\"The fortress is not what it seems.\"\n—Arcum Dagsson, Soldevi Machinist","imageName":"walking wall","legalities":{"Ice Age Block":"Legal","Legacy":"Legal","Vintage":"Legal","Freeform":"Legal","Prismatic":"Legal","Tribal Wars Legacy":"Legal","Singleton 100":"Legal","Commander":"Legal"},"printings":["Ice Age","Deckmasters","Masters Edition"],"number":"38"},{"layout":"normal","type":"Creature — Spider","types":["Creature"],"colors":["Green"],"name":"Woolly Spider","subtypes":["Spider"],"originalType":"Creature — Spider","cmc":3,"rarity":"Special","artist":"Daniel Gelon","power":"2","toughness":"3","manaCost":"{1}{G}{G}","text":"Reach (This creature can block creatures with flying.)\nWhenever Woolly Spider blocks a creature with flying, Woolly Spider gets +0/+2 until end of turn.","originalText":"Woolly Spider may block as though it had flying.\nWhenever Woolly Spider blocks a creature with flying, Woolly Spider gets +0/+2 until end of turn.","flavor":"\"We need not fear the forces of the air; I've yet to see a Spider without an appetite.\"\n—Taaveti of Kelsinko, Elvish Hunter","imageName":"woolly spider","legalities":{"Ice Age Block":"Legal","Legacy":"Legal","Vintage":"Legal","Freeform":"Legal","Prismatic":"Legal","Tribal Wars Legacy":"Legal","Singleton 100":"Legal","Commander":"Legal"},"printings":["Ice Age","Anthologies","Beatdown Box Set","Deckmasters","Masters Edition II"],"number":"30"},{"layout":"normal","type":"Creature — Treefolk","types":["Creature"],"colors":["Green"],"name":"Yavimaya Ancients","subtypes":["Treefolk"],"originalType":"Creature — Treefolk","cmc":5,"rarity":"Special","artist":"Quinton Hoover","power":"2","toughness":"7","manaCost":"{3}{G}{G}","text":"{G}: Yavimaya Ancients gets +1/-2 until end of turn.","originalText":"{G}: Yavimaya Ancients gets +1/-2 until end of turn.","flavor":"\"We orphans of Fyndhorn have found no welcome in this alient place.\"\n—Taaveti of Kelsinko, elvish hunter","imageName":"yavimaya ancients","legalities":{"Ice Age Block":"Legal","Legacy":"Legal","Vintage":"Legal","Freeform":"Legal","Prismatic":"Legal","Tribal Wars Legacy":"Legal","Singleton 100":"Legal","Commander":"Legal"},"printings":["Alliances","Deckmasters","Masters Edition II"],"number":"31a"},{"layout":"normal","type":"Creature — Insect","types":["Creature"],"colors":["Green"],"name":"Yavimaya Ants","subtypes":["Insect"],"originalType":"Creature — Swarm","cmc":4,"rarity":"Special","artist":"Pat Morrissey","power":"5","toughness":"1","manaCost":"{2}{G}{G}","text":"Trample, haste\nCumulative upkeep {G}{G} (At the beginning of your upkeep, put an age counter on this permanent, then sacrifice it unless you pay its upkeep cost for each age counter on it.)","originalText":"Trample; haste (This creature may attack and {T} the turn it comes under your control.)\nCumulative upkeep {G}{G} (At the beginning of your upkeep, put an age counter on this creature, then sacrifice it unless you pay {G}{G} for each age counter on it.)","flavor":"\"Few natural forces are as devastating as hunger.\"\n—Kaysa, Elder Druid of the Juniper Order","rulings":[{"date":"2008-10-01","text":"Paying cumulative upkeep is always optional. If it's not paid, the permanent with cumulative upkeep is sacrificed. Partial payments of the total cumulative upkeep cost can't be made. For example, if a permanent with \"cumulative upkeep {1}\" has three age counters on it when its cumulative upkeep ability triggers, it gets another age counter and then its controller chooses to either pay {4} or sacrifice the permanent."}],"imageName":"yavimaya ants","legalities":{"Ice Age Block":"Legal","Legacy":"Legal","Vintage":"Legal","Freeform":"Legal","Prismatic":"Legal","Tribal Wars Legacy":"Legal","Singleton 100":"Legal","Commander":"Legal"},"printings":["Alliances","Deckmasters","Masters Edition"],"number":"32"}]}