{"name":"From the Vault: Dragons","code":"DRB","releaseDate":"2008-08-29","border":"black","type":"from the vault","cards":[{"layout":"normal","supertypes":["Legendary"],"type":"Legendary Creature — Zombie Dragon","types":["Creature"],"colors":["Black","Red"],"multiverseid":178014,"name":"Bladewing the Risen","subtypes":["Zombie","Dragon"],"originalType":"Legendary Creature — Zombie Dragon","cmc":7,"rarity":"Rare","artist":"Kev Walker","power":"4","toughness":"4","manaCost":"{3}{B}{B}{R}{R}","text":"Flying\nWhen Bladewing the Risen enters the battlefield, you may return target Dragon permanent card from your graveyard to the battlefield.\n{B}{R}: Dragon creatures get +1/+1 until end of turn.","originalText":"Flying\nWhen Bladewing the Risen comes into play, you may return target Dragon permanent card from your graveyard to play.\n{B}{R}: Dragon creatures get +1/+1 until end of turn.","number":"1","imageName":"bladewing the risen","foreignNames":[{"language":"French","name":"Ailelame le Ressuscité"},{"language":"German","name":"Bladewing der Auferstandene"},{"language":"Italian","name":"Alaspada il Risorto"},{"language":"Japanese","name":"帰ってきた刃の翼"},{"language":"Portuguese (Brazil)","name":"Asas Laminadas, o Ressurgido"},{"language":"Spanish","name":"Alacortante el Resucitado"}],"legalities":{"Onslaught Block":"Legal","Legacy":"Legal","Vintage":"Legal","Freeform":"Legal","Prismatic":"Legal","Tribal Wars Legacy":"Legal","Singleton 100":"Legal","Commander":"Legal"},"printings":["Scourge","From the Vault: Dragons","Magic: The Gathering-Commander"]},{"layout":"normal","type":"Creature — Dragon","types":["Creature"],"colors":["Red"],"multiverseid":178017,"name":"Bogardan Hellkite","subtypes":["Dragon"],"originalType":"Creature — Dragon","cmc":8,"rarity":"Rare","artist":"Scott M. Fischer","power":"5","toughness":"5","manaCost":"{6}{R}{R}","text":"Flash\nFlying\nWhen Bogardan Hellkite enters the battlefield, it deals 5 damage divided as you choose among any number of target creatures and/or players.","originalText":"Flash\nFlying\nWhen Bogardan Hellkite comes into play, it deals 5 damage divided as you choose among any number of target creatures and/or players.","flavor":"Cleansing the world, one breath at a time.","number":"2","rulings":[{"date":"2009-10-01","text":"The number of targets chosen for the enters-the-battlefield ability must be at least 1 and at most 5. You divide the damage as you put the ability on the stack, not as it resolves. Each target must be assigned at least 1 damage."}],"imageName":"bogardan hellkite","foreignNames":[{"language":"Chinese Simplified","name":"博卡登残虐者"},{"language":"French","name":"Escouflenfer du Bogardân"},{"language":"German","name":"Bogardanischer Höllendrache"},{"language":"Italian","name":"Nibbio Infernale di Bogardan"},{"language":"Japanese","name":"ボガーダンのヘルカイト"},{"language":"Portuguese (Brazil)","name":"Dragão Avérneo de Bogardan"},{"language":"Russian","name":"Богарданский Змей"},{"language":"Spanish","name":"Engendro de Bogardan"}],"legalities":{"Modern":"Legal","Time Spiral Block":"Legal","Legacy":"Legal","Vintage":"Legal","Freeform":"Legal","Prismatic":"Legal","Tribal Wars Legacy":"Legal","Singleton 100":"Legal","Commander":"Legal"},"printings":["Time Spiral","From the Vault: Dragons","Magic 2010","Duel Decks: Knights vs. Dragons","Commander 2014"]},{"layout":"normal","type":"Artifact Creature — Dragon","types":["Artifact","Creature"],"multiverseid":178018,"name":"Draco","subtypes":["Dragon"],"originalType":"Artifact Creature — Dragon","cmc":16,"rarity":"Rare","artist":"Sam Wood","power":"9","toughness":"9","manaCost":"{16}","text":"Domain — Draco costs {2} less to cast for each basic land type among lands you control.\nFlying\nDomain — At the beginning of your upkeep, sacrifice Draco unless you pay {10}. This cost is reduced by {2} for each basic land type among lands you control.","originalText":"Draco costs {2} less to play for each basic land type among lands you control.\nFlying\nAt the beginning of your upkeep, sacrifice Draco unless you pay {10}. This cost is reduced by {2} for each basic land type among lands you control.","number":"3","rulings":[{"date":"2009-02-01","text":"To determine the number of basic land types among lands you control, look at the lands you have on the battlefield and ask yourself whether the subtypes Plains, Island, Swamp, Mountain, and Forest appear within that group. The number of times you say yes (topping out at five) tells you how powerful your domain abilities will be."},{"date":"2009-02-01","text":"How many lands you control of a particular basic land type is irrelevant to a domain ability, as long as that number is greater than zero. As far as domain is concerned, ten Forests is the same as one Forest."},{"date":"2009-02-01","text":"A number of nonbasic lands have basic land types. Domain abilities don't count the number of lands you control -- they count the number of basic land types among lands you control, even if that means checking the same land twice. For example, if you control a Tundra, an Overgrown Tomb, and a Madblind Mountain, you'll have a Plains, Island, Swamp, Mountain, and Forest among the lands you control. Your domain abilities will be maxed out."}],"imageName":"draco","legalities":{"Invasion Block":"Legal","Legacy":"Legal","Vintage":"Legal","Freeform":"Legal","Prismatic":"Legal","Tribal Wars Legacy":"Legal","Singleton 100":"Legal","Commander":"Legal"},"printings":["Planeshift","From the Vault: Dragons"]},{"layout":"normal","type":"Creature — Dragon","types":["Creature"],"colors":["Red"],"multiverseid":178019,"name":"Dragon Whelp","subtypes":["Dragon"],"originalType":"Creature — Dragon","cmc":4,"rarity":"Rare","artist":"Steven Belledin","power":"2","toughness":"3","manaCost":"{2}{R}{R}","text":"Flying\n{R}: Dragon Whelp gets +1/+0 until end of turn. If this ability has been activated four or more times this turn, sacrifice Dragon Whelp at the beginning of the next end step.","originalText":"Flying\n{R}: Dragon Whelp gets +1/+0 until end of turn. At end of turn, if this ability has been played four or more times this turn, sacrifice Dragon Whelp.","flavor":"Dragon whelps face few threats besides their own enthusiasm.","number":"4","rulings":[{"date":"2009-10-01","text":"The first three times Dragon Whelp's ability is activated in a turn will do nothing other than give it +1/+0 until end of turn. Any subsequent activations will also cause its delayed triggered ability to trigger. That means if you activate Dragon Whelp's ability five times, for example, two different delayed triggered abilities will trigger at the beginning of the next end step and cause you to sacrifice Dragon Whelp."},{"date":"2009-10-01","text":"If the fourth (or more) time Dragon Whelp's ability is activated during the same turn happens to be during that turn's end step, the delayed triggered ability won't trigger until the beginning of the next turn's end step. You'll have to sacrifice Dragon Whelp at that time."}],"imageName":"dragon whelp","foreignNames":[{"language":"Chinese Simplified","name":"幼龙"},{"language":"French","name":"Dragonnet"},{"language":"German","name":"Drachenjunges"},{"language":"Italian","name":"Cucciolo di Drago"},{"language":"Japanese","name":"チビ・ドラゴン"},{"language":"Portuguese (Brazil)","name":"Filhote de Dragão"},{"language":"Russian","name":"Детеныш Дракона"},{"language":"Spanish","name":"Cría de dragón"}],"legalities":{"Modern":"Legal","Time Spiral Block":"Legal","Legacy":"Legal","Vintage":"Legal","Freeform":"Legal","Prismatic":"Legal","Tribal Wars Legacy":"Legal","Singleton 100":"Legal","Commander":"Legal"},"printings":["Limited Edition Alpha","Limited Edition Beta","Unlimited Edition","Revised Edition","Fourth Edition","Time Spiral \"Timeshifted\"","From the Vault: Dragons","Magic 2010","Archenemy","Duel Decks: Knights vs. Dragons","Magic: The Gathering-Commander"]},{"layout":"normal","type":"Sorcery","types":["Sorcery"],"colors":["Red"],"multiverseid":178015,"name":"Dragonstorm","originalType":"Sorcery","cmc":9,"rarity":"Rare","artist":"Kev Walker","manaCost":"{8}{R}","text":"Search your library for a Dragon permanent card and put it onto the battlefield. Then shuffle your library.\nStorm (When you cast this spell, copy it for each spell cast before it this turn.)","originalText":"Search your library for a Dragon permanent card and put it into play. Then shuffle your library.\nStorm (When you play this spell, copy it for each spell played before it this turn.)","flavor":"Dragons come not in packs or in herds but in storms.","number":"5","rulings":[{"date":"2013-06-07","text":"The copies are put directly onto the stack. They aren't cast and won't be counted by other spells with storm cast later in the turn."},{"date":"2013-06-07","text":"Spells cast from zones other than a player's hand and spells that were countered are counted by the storm ability."},{"date":"2013-06-07","text":"A copy of a spell can be countered like any other spell, but it must be countered individually. Countering a spell with storm won't affect the copies."},{"date":"2013-06-07","text":"The triggered ability that creates the copies can itself be countered by anything that can counter a triggered ability. If it is countered, no copies will be put onto the stack."}],"imageName":"dragonstorm","foreignNames":[{"language":"Chinese Simplified","name":"龙群蔽空"},{"language":"French","name":"Orage des dragons"},{"language":"German","name":"Drachensturm"},{"language":"Italian","name":"Dracotempesta"},{"language":"Japanese","name":"ドラゴンの嵐"},{"language":"Portuguese (Brazil)","name":"Tempestade de Dragões"},{"language":"Russian","name":"Штурм Драконов"},{"language":"Spanish","name":"Tormenta de dragones"}],"legalities":{"Modern":"Legal","Time Spiral Block":"Legal","Onslaught Block":"Legal","Legacy":"Legal","Vintage":"Legal","Freeform":"Legal","Prismatic":"Legal","Tribal Wars Legacy":"Legal","Singleton 100":"Legal","Commander":"Legal"},"printings":["Scourge","Time Spiral \"Timeshifted\"","From the Vault: Dragons","Modern Masters"]},{"layout":"normal","type":"Creature — Dragon","types":["Creature"],"colors":["Black"],"multiverseid":178021,"name":"Ebon Dragon","subtypes":["Dragon"],"originalType":"Creature — Dragon","cmc":7,"rarity":"Rare","artist":"Donato Giancola","power":"5","toughness":"4","manaCost":"{5}{B}{B}","text":"Flying\nWhen Ebon Dragon enters the battlefield, you may have target opponent discard a card.","originalText":"Flying\nWhen Ebon Dragon comes into play, you may have target opponent discard a card.","flavor":"\"The dragon wing of night o'erspreads the earth.\"\n—Troilus and Cressida, William Shakespeare","number":"6","imageName":"ebon dragon","legalities":{"Legacy":"Legal","Vintage":"Legal","Prismatic":"Legal","Tribal Wars Legacy":"Legal","Singleton 100":"Legal","Commander":"Legal"},"printings":["Portal","From the Vault: Dragons","Masters Edition IV"]},{"layout":"normal","type":"Enchantment","types":["Enchantment"],"colors":["Red"],"multiverseid":178016,"name":"Form of the Dragon","originalType":"Enchantment","cmc":7,"rarity":"Rare","artist":"Daarken","manaCost":"{4}{R}{R}{R}","text":"At the beginning of your upkeep, Form of the Dragon deals 5 damage to target creature or player.\nAt the beginning of each end step, your life total becomes 5.\nCreatures without flying can't attack you.","originalText":"At the beginning of your upkeep, Form of the Dragon deals 5 damage to target creature or player.\nAt the end of each turn, your life total becomes 5.\nCreatures without flying can't attack you.","number":"7","rulings":[{"date":"2004-10-04","text":"If you life total was above 5 at end of turn, then you lose life to make your total 5. If it was less than 5, you gain life to bring it to 5."},{"date":"2004-10-04","text":"It sets your life total at the beginning of the end step of every player's turn, not just your own."},{"date":"2014-02-01","text":"Unless some effect explicitly says otherwise, a creature that can't attack you can still attack a planeswalker you control."}],"imageName":"form of the dragon","foreignNames":[{"language":"Chinese Simplified","name":"化身巨龙"},{"language":"French","name":"Forme du dragon"},{"language":"German","name":"Form des Drachens"},{"language":"Italian","name":"Forma del Drago"},{"language":"Japanese","name":"ドラゴン変化"},{"language":"Portuguese (Brazil)","name":"Forma do Dragão"},{"language":"Russian","name":"Обличье дракона"},{"language":"Spanish","name":"Forma del dragón"}],"legalities":{"Modern":"Legal","Onslaught Block":"Legal","Legacy":"Legal","Vintage":"Legal","Freeform":"Legal","Prismatic":"Legal","Tribal Wars Legacy":"Legal","Singleton 100":"Legal","Commander":"Legal"},"printings":["Scourge","Ninth Edition","From the Vault: Dragons"]},{"layout":"normal","type":"Creature — Dragon","types":["Creature"],"colors":["Black","Red","Green"],"multiverseid":178028,"name":"Hellkite Overlord","subtypes":["Dragon"],"originalType":"Creature — Dragon","cmc":8,"rarity":"Rare","artist":"Justin Sweet","power":"8","toughness":"8","manaCost":"{4}{B}{R}{R}{G}","text":"Flying, trample, haste\n{R}: Hellkite Overlord gets +1/+0 until end of turn.\n{B}{G}: Regenerate Hellkite Overlord.","originalText":"Flying, trample, haste\n{R}: Hellkite Overlord gets +1/+0 until end of turn.\n{B}{G}: Regenerate Hellkite Overlord.","flavor":"\"The dragon has no pretense of compassion, no false mask of civilization—just hunger, heat, and need.\"\n—Sarkhan Vol","number":"8","imageName":"hellkite overlord","foreignNames":[{"language":"Chinese Simplified","name":"王龙残虐者"},{"language":"French","name":"Suzerain escouflenfer"},{"language":"German","name":"Oberherr der Höllendrachen"},{"language":"Italian","name":"Signore Supremo dei Nibbi Infernali"},{"language":"Japanese","name":"ヘルカイトの首領"},{"language":"Portuguese (Brazil)","name":"Soberano Dragão Avérneo"},{"language":"Russian","name":"Змей-Повелитель"},{"language":"Spanish","name":"Engendro supremo"}],"legalities":{"Modern":"Legal","Shards of Alara Block":"Legal","Legacy":"Legal","Vintage":"Legal","Freeform":"Legal","Prismatic":"Legal","Tribal Wars Legacy":"Legal","Singleton 100":"Legal","Commander":"Legal"},"printings":["From the Vault: Dragons","Shards of Alara"]},{"layout":"normal","supertypes":["Legendary"],"type":"Legendary Creature — Dragon Spirit","types":["Creature"],"colors":["Black"],"multiverseid":178022,"name":"Kokusho, the Evening Star","subtypes":["Dragon","Spirit"],"originalType":"Legendary Creature — Dragon Spirit","cmc":6,"rarity":"Rare","artist":"Tsutomu Kawade","power":"5","toughness":"5","manaCost":"{4}{B}{B}","text":"Flying\nWhen Kokusho, the Evening Star dies, each opponent loses 5 life. You gain life equal to the life lost this way.","originalText":"Flying\nWhen Kokusho, the Evening Star is put into a graveyard from play, each opponent loses 5 life. You gain life equal to the life lost this way.","flavor":"The fall of the evening star never heralds a gentle dawn.","number":"9","imageName":"kokusho, the evening star","foreignNames":[{"language":"Chinese Simplified","name":"玄龙黑瘴"},{"language":"French","name":"Kokusho, l'étoile du soir"},{"language":"German","name":"Kokusho, der Abendstern"},{"language":"Italian","name":"Kokusho, la Stella della Sera"},{"language":"Japanese","name":"夜の星、黒瘴"},{"language":"Portuguese (Brazil)","name":"Kokusho, a Estrela Vespertina"},{"language":"Spanish","name":"Kokusho, la estrella del atardecer"}],"legalities":{"Modern":"Legal","Kamigawa Block":"Legal","Legacy":"Legal","Vintage":"Legal","Freeform":"Legal","Prismatic":"Legal","Tribal Wars Legacy":"Legal","Singleton 100":"Legal","Commander":"Legal"},"printings":["Champions of Kamigawa","From the Vault: Dragons","Modern Masters"]},{"layout":"normal","supertypes":["Legendary"],"type":"Legendary Creature — Elder Dragon","types":["Creature"],"colors":["Blue","Black","Red"],"multiverseid":178020,"name":"Nicol Bolas","subtypes":["Elder","Dragon"],"originalType":"Legendary Creature — Elder Dragon","cmc":8,"rarity":"Rare","artist":"D. Alexander Gregory","power":"7","toughness":"7","manaCost":"{2}{U}{U}{B}{B}{R}{R}","text":"Flying\nAt the beginning of your upkeep, sacrifice Nicol Bolas unless you pay {U}{B}{R}.\nWhenever Nicol Bolas deals damage to an opponent, that player discards his or her hand.","originalText":"Flying\nAt the beginning of your upkeep, sacrifice Nicol Bolas unless you pay {U}{B}{R}.\nWhenever Nicol Bolas deals damage to an opponent, that player discards his or her hand.","flavor":"Dominaria's most ancient evil.","number":"10","rulings":[{"date":"2009-10-01","text":"Nicol Bolas's third ability triggers whenever it deals damage to an opponent for any reason. It's not limited to combat damage."}],"imageName":"nicol bolas","foreignNames":[{"language":"Chinese Simplified","name":"尼可波拉斯"},{"language":"Japanese","name":"ニコル・ボーラス"},{"language":"Russian","name":"Никол Болас"}],"legalities":{"Modern":"Legal","Time Spiral Block":"Legal","Legacy":"Legal","Vintage":"Legal","Freeform":"Legal","Prismatic":"Legal","Tribal Wars Legacy":"Legal","Singleton 100":"Legal","Commander":"Legal"},"printings":["Legends","Chronicles","Time Spiral \"Timeshifted\"","From the Vault: Dragons","Masters Edition III"]},{"layout":"normal","supertypes":["Legendary"],"type":"Legendary Creature — Dragon Wizard","types":["Creature"],"colors":["Blue","Red"],"multiverseid":178023,"name":"Niv-Mizzet, the Firemind","subtypes":["Dragon","Wizard"],"originalType":"Legendary Creature — Dragon Wizard","cmc":6,"rarity":"Rare","artist":"Todd Lockwood","power":"4","toughness":"4","manaCost":"{2}{U}{U}{R}{R}","text":"Flying\nWhenever you draw a card, Niv-Mizzet, the Firemind deals 1 damage to target creature or player.\n{T}: Draw a card.","originalText":"Flying\nWhenever you draw a card, Niv-Mizzet, the Firemind deals 1 damage to target creature or player.\n{T}: Draw a card.","flavor":"As brilliant as a cut diamond, and with just as cruel an edge.","number":"11","imageName":"niv-mizzet, the firemind","foreignNames":[{"language":"Chinese Simplified","name":"炎灵尼米捷"},{"language":"French","name":"Niv-Mizzet, le Cérébropyre"},{"language":"German","name":"Niv-Mizzet, das Feuerhirn"},{"language":"Italian","name":"Niv-Mizzet, il Mentefiamma"},{"language":"Japanese","name":"火想者ニヴ＝ミゼット"},{"language":"Portuguese (Brazil)","name":"Niv-Mizzet, o Mente de Fogo"},{"language":"Russian","name":"Нив-Миззет, Огненный разум"},{"language":"Spanish","name":"Niv-Mízzet, la Mente ardiente"}],"legalities":{"Modern":"Legal","Ravnica Block":"Legal","Legacy":"Legal","Vintage":"Legal","Freeform":"Legal","Prismatic":"Legal","Tribal Wars Legacy":"Legal","Singleton 100":"Legal","Commander":"Legal"},"printings":["Guildpact","Champs and States","From the Vault: Dragons","Duel Decks: Izzet vs. Golgari"]},{"layout":"normal","supertypes":["Legendary"],"type":"Legendary Creature — Dragon","types":["Creature"],"colors":["White","Red","Green"],"multiverseid":178024,"name":"Rith, the Awakener","subtypes":["Dragon"],"originalType":"Legendary Creature — Dragon","cmc":6,"rarity":"Rare","artist":"Todd Lockwood","power":"6","toughness":"6","manaCost":"{3}{R}{G}{W}","text":"Flying\nWhenever Rith, the Awakener deals combat damage to a player, you may pay {2}{G}. If you do, choose a color, then put a 1/1 green Saproling creature token onto the battlefield for each permanent of that color.","originalText":"Flying\nWhenever Rith, the Awakener deals combat damage to a player, you may pay {2}{G}. If you do, choose a color. Put a 1/1 green Saproling creature token into play for each permanent of that color.","number":"12","rulings":[{"date":"2004-10-04","text":"You choose the color during resolution. This means your opponent does not get to react after knowing the color you chose."}],"imageName":"rith, the awakener","foreignNames":[{"language":"French","name":"Riss l'éveilleur"},{"language":"German","name":"Rith, der Erwecker"},{"language":"Japanese","name":"煽動するものリース"}],"legalities":{"Invasion Block":"Legal","Legacy":"Legal","Vintage":"Legal","Freeform":"Legal","Prismatic":"Legal","Tribal Wars Legacy":"Legal","Singleton 100":"Legal","Commander":"Legal"},"printings":["Invasion","From the Vault: Dragons","Duel Decks: Phyrexia vs. the Coalition"]},{"layout":"normal","type":"Creature — Dragon","types":["Creature"],"colors":["Red"],"multiverseid":178025,"name":"Shivan Dragon","subtypes":["Dragon"],"originalType":"Creature — Dragon","cmc":6,"rarity":"Rare","artist":"Justin Sweet","power":"5","toughness":"5","manaCost":"{4}{R}{R}","text":"Flying\n{R}: Shivan Dragon gets +1/+0 until end of turn.","originalText":"Flying\n{R}: Shivan Dragon gets +1/+0 until end of turn.","flavor":"The undisputed master of the mountains of Shiv.","number":"13","imageName":"shivan dragon","foreignNames":[{"language":"Chinese Simplified","name":"西瓦巨龙"},{"language":"Chinese Traditional","name":"西瓦巨龍"},{"language":"French","name":"Dragon shivân"},{"language":"German","name":"Shivan-Drache"},{"language":"Italian","name":"Drago di Shivan"},{"language":"Japanese","name":"シヴ山のドラゴン"},{"language":"Korean","name":"시바의 용"},{"language":"Portuguese (Brazil)","name":"Dragão de Shiva"},{"language":"Portuguese","name":"Dragão de Shiva"},{"language":"Russian","name":"Шиванский дракон"},{"language":"Spanish","name":"Dragón shivano"}],"legalities":{"Standard":"Legal","Modern":"Legal","Legacy":"Legal","Vintage":"Legal","Freeform":"Legal","Prismatic":"Legal","Tribal Wars Legacy":"Legal","Tribal Wars Standard":"Legal","Singleton 100":"Legal","Commander":"Legal"},"printings":["Limited Edition Alpha","Limited Edition Beta","Unlimited Edition","Revised Edition","Fourth Edition","Fifth Edition","Beatdown Box Set","Seventh Edition","Release Events","Eighth Edition","Ninth Edition","Tenth Edition","From the Vault: Dragons","Magic 2010","Duels of the Planeswalkers","Masters Edition IV","Magic 2014 Core Set","Magic 2015 Core Set"]},{"layout":"normal","type":"Creature — Dragon","types":["Creature"],"colors":["Red"],"multiverseid":178026,"name":"Thunder Dragon","subtypes":["Dragon"],"originalType":"Creature — Dragon","cmc":7,"rarity":"Rare","artist":"Chris Rahn","power":"5","toughness":"5","manaCost":"{5}{R}{R}","text":"Flying\nWhen Thunder Dragon enters the battlefield, it deals 3 damage to each creature without flying.","originalText":"Flying\nWhen Thunder Dragon comes into play, it deals 3 damage to each creature without flying.","flavor":"Sometimes primitive cultures attributed natural phenomena to monsters. Sometimes they were right.","number":"14","imageName":"thunder dragon","foreignNames":[{"language":"French","name":"Dragon du tonnerre"},{"language":"German","name":"Donnerdrache"},{"language":"Italian","name":"Drago Tonante"},{"language":"Spanish","name":"Dragón trueno"}],"legalities":{"Legacy":"Legal","Vintage":"Legal","Prismatic":"Legal","Tribal Wars Legacy":"Legal","Singleton 100":"Legal","Commander":"Legal"},"printings":["Starter 1999","From the Vault: Dragons","Masters Edition IV","Duel Decks: Knights vs. Dragons"]},{"layout":"normal","type":"Creature — Dragon","types":["Creature"],"colors":["Red"],"multiverseid":178027,"name":"Two-Headed Dragon","subtypes":["Dragon"],"originalType":"Creature — Dragon","cmc":6,"rarity":"Rare","artist":"Sam Wood","power":"4","toughness":"4","manaCost":"{4}{R}{R}","text":"Flying\n{1}{R}: Two-Headed Dragon gets +2/+0 until end of turn.\nTwo-Headed Dragon can't be blocked except by two or more creatures.\nTwo-Headed Dragon can block an additional creature.","originalText":"Flying\n{1}{R}: Two-Headed Dragon gets +2/+0 until end of turn.\nTwo-Headed Dragon can't be blocked except by two or more creatures.\nTwo-Headed Dragon may block an additional creature.","number":"15","imageName":"two-headed dragon","foreignNames":[{"language":"French","name":"Dragon à deux têtes"},{"language":"German","name":"Zweiköpfiger Drache"},{"language":"Italian","name":"Drago a Due Teste"},{"language":"Portuguese (Brazil)","name":"Dragão de Duas Cabeças"},{"language":"Spanish","name":"Dragón de dos cabezas"}],"legalities":{"Modern":"Legal","Masques Block":"Legal","Legacy":"Legal","Vintage":"Legal","Freeform":"Legal","Prismatic":"Legal","Tribal Wars Legacy":"Legal","Singleton 100":"Legal","Commander":"Legal"},"printings":["Mercadian Masques","Super Series","Eighth Edition","From the Vault: Dragons","Archenemy"]}]}