{"name":"Premium Deck Series: Slivers","code":"H09","releaseDate":"2009-11-20","border":"black","type":"premium deck","cards":[{"layout":"normal","type":"Creature — Sliver","types":["Creature"],"colors":["Black","Red"],"multiverseid":207897,"name":"Acidic Sliver","subtypes":["Sliver"],"originalType":"Creature — Sliver","cmc":2,"rarity":"Uncommon","artist":"Jeff Miracola","power":"2","toughness":"2","manaCost":"{B}{R}","text":"All Slivers have \"{2}, Sacrifice this permanent: This permanent deals 2 damage to target creature or player.\"","originalText":"All Slivers have \"{2}, Sacrifice this permanent: This permanent deals 2 damage to target creature or player.\"","flavor":"The first sliver burst against the cave wall, and others piled in behind to deepen the new tunnel.","number":"13","rulings":[{"date":"2013-07-01","text":"Abilities that Slivers grant, as well as power/toughness boosts, are cumulative. However, for some abilities, like flying, having more than one instance of the ability doesn’t provide any additional benefit."},{"date":"2013-07-01","text":"If the creature type of a Sliver changes so it’s no longer a Sliver, it will no longer be affected by its own ability. Its ability will continue to affect other Sliver creatures."}],"imageName":"acidic sliver","legalities":{"Tempest Block":"Legal","Legacy":"Legal","Vintage":"Legal","Commander":"Legal"},"printings":["Stronghold","Premium Deck Series: Slivers"]},{"layout":"normal","type":"Creature — Shapeshifter","types":["Creature"],"colors":["Blue"],"multiverseid":207921,"name":"Amoeboid Changeling","subtypes":["Shapeshifter"],"originalType":"Creature — Shapeshifter","cmc":2,"rarity":"Common","artist":"Nils Hamm","power":"1","toughness":"1","manaCost":"{1}{U}","text":"Changeling (This card is every creature type at all times.)\n{T}: Target creature gains all creature types until end of turn.\n{T}: Target creature loses all creature types until end of turn.","originalText":"Changeling (This card is every creature type at all times.)\n{T}: Target creature gains all creature types until end of turn.\n{T}: Target creature loses all creature types until end of turn.","number":"3","rulings":[{"date":"2007-10-01","text":"If a creature loses all creature types but then gains a new creature type later in the turn, it will be that new creature type."},{"date":"2013-07-01","text":"Examples of creature types include Sliver, Goblin, and Soldier. Creature types appear after the dash on the type line of creatures."}],"imageName":"amoeboid changeling","foreignNames":[{"language":"Chinese Traditional","name":"阿米巴化形"},{"language":"Chinese Simplified","name":"阿米巴化形"},{"language":"French","name":"Changelin amiboïde"},{"language":"German","name":"Amöboider Wandelwicht"},{"language":"Italian","name":"Cangiante Ameboide"},{"language":"Japanese","name":"アメーバの変わり身"},{"language":"Portuguese (Brazil)","name":"Morfolóide Amebóide"},{"language":"Russian","name":"Перевертыш-Амеба"},{"language":"Spanish","name":"Cambiaformas ameboide"}],"legalities":{"Modern":"Legal","Lorwyn-Shadowmoor Block":"Legal","Legacy":"Legal","Vintage":"Legal","Freeform":"Legal","Prismatic":"Legal","Tribal Wars Legacy":"Legal","Singleton 100":"Legal","Commander":"Legal"},"printings":["Lorwyn","Premium Deck Series: Slivers"]},{"layout":"normal","type":"Land","types":["Land"],"multiverseid":207930,"name":"Ancient Ziggurat","originalType":"Land","rarity":"Uncommon","artist":"John Avon","text":"{T}: Add one mana of any color to your mana pool. Spend this mana only to cast a creature spell.","originalText":"{T}: Add one mana of any color to your mana pool. Spend this mana only to cast creature spells.","flavor":"Built in honor of Alara's creatures, the ziggurat vanished long ago. When Progenitus awakened, the temple emerged again.","number":"31","rulings":[{"date":"2009-02-01","text":"Mana produced by Ancient Ziggurat can be spent on any part of a creature spell's total cost. This includes additional costs (such as kicker) and alternative costs (such as evoke or Worldheart Phoenix's alternative cost)."},{"date":"2009-02-01","text":"Mana produced by Ancient Ziggurat can't be spent on activated abilities that put a creature card directly onto the battlefield, such as unearth or ninjutsu."}],"imageName":"ancient ziggurat","foreignNames":[{"language":"Chinese Simplified","name":"远古金塔庙"},{"language":"French","name":"Ziggourat ancienne"},{"language":"German","name":"Uralte Zikkurat"},{"language":"Italian","name":"Ziggurat Ancestrale"},{"language":"Japanese","name":"古代の聖塔"},{"language":"Portuguese (Brazil)","name":"Zigurate Antigo"},{"language":"Russian","name":"Древний Зиккурат"},{"language":"Spanish","name":"Ziggurat antiguo"}],"legalities":{"Modern":"Legal","Shards of Alara Block":"Legal","Legacy":"Legal","Vintage":"Legal","Freeform":"Legal","Prismatic":"Legal","Tribal Wars Legacy":"Legal","Singleton 100":"Legal","Commander":"Legal"},"printings":["Friday Night Magic","Conflux","Premium Deck Series: Slivers"]},{"layout":"normal","type":"Sorcery","types":["Sorcery"],"colors":["Black"],"multiverseid":207925,"name":"Aphetto Dredging","originalType":"Sorcery","cmc":4,"rarity":"Common","artist":"Monte Michael Moore","manaCost":"{3}{B}","text":"Return up to three target creature cards of the creature type of your choice from your graveyard to your hand.","originalText":"Return up to three target creature cards of the creature type of your choice from your graveyard to your hand.","flavor":"Phage became both executioner and savior, helping others to the same rebirth she had found.","number":"28","rulings":[{"date":"2004-10-04","text":"You need to choose the creature type before choosing the targets."}],"imageName":"aphetto dredging","foreignNames":[{"language":"French","name":"Dragage d'Aphetto"},{"language":"German","name":"Aphettonische Grabpflege"},{"language":"Italian","name":"Dragaggio di Aphetto"},{"language":"Portuguese (Brazil)","name":"Dragagem de Aphetto"},{"language":"Spanish","name":"Dragado de Afetto"}],"legalities":{"Onslaught Block":"Legal","Legacy":"Legal","Vintage":"Legal","Freeform":"Legal","Prismatic":"Legal","Tribal Wars Legacy":"Legal","Singleton 100":"Legal","Commander":"Legal"},"printings":["Onslaught","Premium Deck Series: Slivers"]},{"layout":"normal","type":"Creature — Sliver","types":["Creature"],"colors":["White"],"multiverseid":207898,"name":"Armor Sliver","subtypes":["Sliver"],"originalType":"Creature — Sliver","cmc":3,"rarity":"Uncommon","artist":"Scott Kirschner","power":"2","toughness":"2","manaCost":"{2}{W}","text":"All Sliver creatures have \"{2}: This creature gets +0/+1 until end of turn.\"","originalText":"All Sliver creatures have \"{2}: This creature gets +0/+1 until end of turn.\"","flavor":"Hanna: \"We must learn how they protect each other.\"\nMirri: \"After they're done trying to kill us, all right?\"","number":"16","rulings":[{"date":"2013-07-01","text":"Abilities that Slivers grant, as well as power/toughness boosts, are cumulative. However, for some abilities, like flying, having more than one instance of the ability doesn’t provide any additional benefit."},{"date":"2013-07-01","text":"If the creature type of a Sliver changes so it’s no longer a Sliver, it will no longer be affected by its own ability. Its ability will continue to affect other Sliver creatures."}],"imageName":"armor sliver","legalities":{"Tempest Block":"Legal","Legacy":"Legal","Vintage":"Legal","Commander":"Legal"},"printings":["Tempest","Premium Deck Series: Slivers"]},{"layout":"normal","type":"Creature — Sliver","types":["Creature"],"colors":["Red"],"multiverseid":207899,"name":"Barbed Sliver","subtypes":["Sliver"],"originalType":"Creature — Sliver","cmc":3,"rarity":"Uncommon","artist":"Scott Kirschner","power":"2","toughness":"2","manaCost":"{2}{R}","text":"All Sliver creatures have \"{2}: This creature gets +1/+0 until end of turn.\"","originalText":"All Sliver creatures have \"{2}: This creature gets +1/+0 until end of turn.\"","flavor":"Spans of spines leapt from one sliver to the next, forming a deadly hedge around the Weatherlight.","number":"18","rulings":[{"date":"2013-07-01","text":"Abilities that Slivers grant, as well as power/toughness boosts, are cumulative. However, for some abilities, like flying, having more than one instance of the ability doesn’t provide any additional benefit."},{"date":"2013-07-01","text":"If the creature type of a Sliver changes so it’s no longer a Sliver, it will no longer be affected by its own ability. Its ability will continue to affect other Sliver creatures."}],"imageName":"barbed sliver","legalities":{"Tempest Block":"Legal","Legacy":"Legal","Vintage":"Legal","Commander":"Legal"},"printings":["Tempest","Premium Deck Series: Slivers"]},{"layout":"normal","type":"Creature — Sliver","types":["Creature"],"colors":["Green"],"multiverseid":208039,"name":"Brood Sliver","subtypes":["Sliver"],"originalType":"Creature — Sliver","cmc":5,"rarity":"Rare","artist":"Ron Spears","power":"3","toughness":"3","manaCost":"{4}{G}","text":"Whenever a Sliver deals combat damage to a player, its controller may put a 1/1 colorless Sliver creature token onto the battlefield.","originalText":"Whenever a Sliver deals combat damage to a player, its controller may put a 1/1 colorless Sliver creature token onto the battlefield.","flavor":"Within weeks, more slivers nested in Otaria than ever existed on Rath.","number":"22","rulings":[{"date":"2004-10-04","text":"This card's controller controls the triggered ability, but the controller of the Sliver that deals damage to a player decides whether or not to put the token onto the battlefield under their control."},{"date":"2013-07-01","text":"Abilities that Slivers grant, as well as power/toughness boosts, are cumulative. However, for some abilities, like flying, having more than one instance of the ability doesn’t provide any additional benefit."},{"date":"2013-07-01","text":"If the creature type of a Sliver changes so it’s no longer a Sliver, it will no longer be affected by its own ability. Its ability will continue to affect other Sliver creatures."}],"imageName":"brood sliver","foreignNames":[{"language":"French","name":"Slivoïde géniteur"},{"language":"German","name":"Brütender Remasuri"},{"language":"Italian","name":"Tramutante Covata"},{"language":"Portuguese (Brazil)","name":"Fractius da Ninhada"},{"language":"Spanish","name":"Fragmentado reproductor"}],"legalities":{"Onslaught Block":"Legal","Legacy":"Legal","Vintage":"Legal","Freeform":"Legal","Prismatic":"Legal","Tribal Wars Legacy":"Legal","Singleton 100":"Legal","Commander":"Legal"},"printings":["Legions","Premium Deck Series: Slivers"]},{"layout":"normal","type":"Creature — Sliver","types":["Creature"],"colors":["Black"],"multiverseid":207900,"name":"Clot Sliver","subtypes":["Sliver"],"originalType":"Creature — Sliver","cmc":2,"rarity":"Common","artist":"Jeff Laubenstein","power":"1","toughness":"1","manaCost":"{1}{B}","text":"All Slivers have \"{2}: Regenerate this permanent.\"","originalText":"All Slivers have \"{2}: Regenerate this permanent.\"","flavor":"\"One would think I would be accustomed to unexpected returns.\"\n—Hanna, Weatherlight navigator","number":"5","rulings":[{"date":"2013-07-01","text":"Abilities that Slivers grant, as well as power/toughness boosts, are cumulative. However, for some abilities, like flying, having more than one instance of the ability doesn’t provide any additional benefit."},{"date":"2013-07-01","text":"If the creature type of a Sliver changes so it’s no longer a Sliver, it will no longer be affected by its own ability. Its ability will continue to affect other Sliver creatures."}],"imageName":"clot sliver","legalities":{"Tempest Block":"Legal","Legacy":"Legal","Vintage":"Legal","Commander":"Legal"},"printings":["Tempest","Premium Deck Series: Slivers"]},{"layout":"normal","type":"Artifact","types":["Artifact"],"multiverseid":207927,"name":"Coat of Arms","originalType":"Artifact","cmc":5,"rarity":"Rare","artist":"Scott M. Fischer","manaCost":"{5}","text":"Each creature gets +1/+1 for each other creature on the battlefield that shares at least one creature type with it. (For example, if two Goblin Warriors and a Goblin Shaman are on the battlefield, each gets +2/+2.)","originalText":"Each creature gets +1/+1 for each other creature on the battlefield that shares at least one creature type with it.","flavor":"\"Hup, two, three, four,\nDunno how to count no more.\"\n—Mogg march","number":"29","rulings":[{"date":"2004-10-04","text":"If a creature has more than one creature type, and one of those types matches the creature you are calculating for, then count that creature. Only one type needs to match in order to get counted."},{"date":"2004-10-04","text":"If you have a creature with more than one creature type, count all creatures which have either creature type."},{"date":"2009-10-01","text":"Sharing multiple creature types doesn't give an additional bonus. Coat of Arms counts creatures, not creature types."}],"imageName":"coat of arms","foreignNames":[{"language":"Chinese Simplified","name":"武装外衣"},{"language":"Chinese Traditional","name":"武裝外衣"},{"language":"French","name":"Blason"},{"language":"German","name":"Waffenrock"},{"language":"Italian","name":"Stemma Araldico"},{"language":"Japanese","name":"旗印"},{"language":"Portuguese (Brazil)","name":"Escudo de Armas"},{"language":"Russian","name":"Гербовый щит"},{"language":"Spanish","name":"Escudo de armas"}],"legalities":{"Modern":"Legal","Tempest Block":"Legal","Legacy":"Legal","Vintage":"Legal","Freeform":"Legal","Prismatic":"Legal","Tribal Wars Legacy":"Legal","Singleton 100":"Legal","Commander":"Legal"},"printings":["Exodus","Seventh Edition","Eighth Edition","Ninth Edition","Tenth Edition","Magic 2010","Premium Deck Series: Slivers","Duels of the Planeswalkers"]},{"layout":"normal","type":"Creature — Sliver","types":["Creature"],"colors":["White","Blue"],"multiverseid":207901,"name":"Crystalline Sliver","subtypes":["Sliver"],"originalType":"Creature — Sliver","cmc":2,"rarity":"Uncommon","artist":"L. A. Williams","power":"2","toughness":"2","manaCost":"{W}{U}","text":"All Slivers have shroud. (They can't be the targets of spells or abilities.)","originalText":"All Slivers have shroud.","flavor":"Bred as living shields, these slivers have proven unruly—they know they cannot be caught.","number":"11","rulings":[{"date":"2004-10-04","text":"The ability only applies while this card is on the battlefield."},{"date":"2013-07-01","text":"Abilities that Slivers grant, as well as power/toughness boosts, are cumulative. However, for some abilities, like flying, having more than one instance of the ability doesn’t provide any additional benefit."},{"date":"2013-07-01","text":"If the creature type of a Sliver changes so it’s no longer a Sliver, it will no longer be affected by its own ability. Its ability will continue to affect other Sliver creatures."}],"imageName":"crystalline sliver","legalities":{"Tempest Block":"Legal","Legacy":"Legal","Vintage":"Legal","Commander":"Legal"},"printings":["Stronghold","Friday Night Magic","Premium Deck Series: Slivers"]},{"layout":"normal","type":"Sorcery","types":["Sorcery"],"colors":["Blue"],"multiverseid":207926,"name":"Distant Melody","originalType":"Sorcery","cmc":4,"rarity":"Common","artist":"Omar Rayyan","manaCost":"{3}{U}","text":"Choose a creature type. Draw a card for each permanent you control of that type.","originalText":"Choose a creature type. Draw a card for each permanent you control of that type.","flavor":"Oona's song is like a twisted dinner chime. All the faeries return home, but it is Oona who feasts—on the stolen dreams and rumors they serve her.","number":"27","rulings":[{"date":"2008-04-01","text":"Note that this spell counts the number of permanents you control of the chosen type, not just the number of creatures you control. It will also take your tribal permanents into account."}],"imageName":"distant melody","foreignNames":[{"language":"Chinese Traditional","name":"遙遠旋律"},{"language":"Chinese Simplified","name":"遥远旋律"},{"language":"French","name":"Mélodie lointaine"},{"language":"German","name":"Ferne Melodie"},{"language":"Italian","name":"Melodia Lontana"},{"language":"Japanese","name":"遠くの旋律"},{"language":"Portuguese (Brazil)","name":"Melodia Distante"},{"language":"Russian","name":"Далекая Мелодия"},{"language":"Spanish","name":"Melodía distante"}],"legalities":{"Modern":"Legal","Lorwyn-Shadowmoor Block":"Legal","Legacy":"Legal","Vintage":"Legal","Freeform":"Legal","Prismatic":"Legal","Tribal Wars Legacy":"Legal","Singleton 100":"Legal","Commander":"Legal"},"printings":["Morningtide","Premium Deck Series: Slivers"]},{"layout":"normal","supertypes":["Basic"],"type":"Basic Land — Forest","types":["Land"],"multiverseid":207934,"name":"Forest","subtypes":["Forest"],"originalType":"Basic Land — Forest","rarity":"Basic Land","artist":"Douglas Shuler","originalText":"G","number":"41","imageName":"forest","foreignNames":[{"language":"Chinese Simplified","name":"树林"},{"language":"Chinese Traditional","name":"樹林"},{"language":"French","name":"Forêt"},{"language":"German","name":"Wald"},{"language":"Italian","name":"Foresta"},{"language":"Japanese","name":"森"},{"language":"Korean","name":"숲"},{"language":"Portuguese (Brazil)","name":"Floresta"},{"language":"Russian","name":"Лес"},{"language":"Spanish","name":"Bosque"}],"legalities":{"Standard":"Legal","Modern":"Legal","Theros Block":"Legal","Return to Ravnica Block":"Legal","Innistrad Block":"Legal","Scars of Mirrodin Block":"Legal","Zendikar Block":"Legal","Shards of Alara Block":"Legal","Lorwyn-Shadowmoor Block":"Legal","Time Spiral Block":"Legal","Ravnica Block":"Legal","Kamigawa Block":"Legal","Mirrodin Block":"Legal","Onslaught Block":"Legal","Odyssey Block":"Legal","Invasion Block":"Legal","Masques Block":"Legal","Urza Block":"Legal","Tempest Block":"Legal","Mirage Block":"Legal","Ice Age Block":"Legal","Un-Sets":"Legal","Legacy":"Legal","Vintage":"Legal","Freeform":"Legal","Prismatic":"Legal","Tribal Wars Legacy":"Legal","Tribal Wars Standard":"Legal","Singleton 100":"Legal","Commander":"Legal"},"printings":["Limited Edition Alpha","Limited Edition Beta","Unlimited Edition","Revised Edition","Fourth Edition","Ice Age","Rivals Quick Start Set","Arena League","Mirage","Introductory Two-Player Set","Fifth Edition","Portal","Tempest","Judge Gift Program","Portal Second Age","Unglued","Asia Pacific Land Program","Urza's Saga","Anthologies","Classic Sixth Edition","Portal Three Kingdoms","Starter 1999","Guru","Mercadian Masques","Battle Royale Box Set","European Land Program","Starter 2000","Beatdown Box Set","Invasion","Seventh Edition","Odyssey","Deckmasters","Onslaught","Eighth Edition","Mirrodin","Champions of Kamigawa","Unhinged","Ninth Edition","Ravnica: City of Guilds","Coldsnap Theme Decks","Time Spiral","Tenth Edition","Masters Edition","Lorwyn","Duel Decks: Elves vs. Goblins","Shadowmoor","Shards of Alara","Magic 2010","Planechase","Masters Edition III","Zendikar","Duel Decks: Garruk vs. Liliana","Premium Deck Series: Slivers","Duel Decks: Phyrexia vs. the Coalition","Rise of the Eldrazi","Duels of the Planeswalkers","Archenemy","Magic 2011","Scars of Mirrodin","Mirrodin Besieged","Duel Decks: Knights vs. Dragons","New Phyrexia","Magic: The Gathering-Commander","Magic 2012","Duel Decks: Ajani vs. Nicol Bolas","Innistrad","Avacyn Restored","Planechase 2012 Edition","Magic 2013","Duel Decks: Izzet vs. Golgari","Return to Ravnica","Magic 2014 Core Set","Duel Decks: Heroes vs. Monsters","Theros","Commander 2013 Edition","Duel Decks: Jace vs. Vraska","Magic 2015 Core Set","Khans of Tarkir","Commander 2014","Fate Reforged"]},{"layout":"normal","type":"Creature — Sliver","types":["Creature"],"colors":["Black"],"multiverseid":207902,"name":"Frenzy Sliver","subtypes":["Sliver"],"originalType":"Creature — Sliver","cmc":2,"rarity":"Common","artist":"Glen Angus","power":"1","toughness":"1","manaCost":"{1}{B}","text":"All Sliver creatures have frenzy 1. (Whenever a Sliver attacks and isn't blocked, it gets +1/+0 until end of turn.)","originalText":"All Sliver creatures have frenzy 1. (Whenever a Sliver attacks and isn't blocked, it gets +1/+0 until end of turn.)","flavor":"The Arturan conjurers took the strange, alien fossil and patterned their own twisted creations in its image.","number":"6","rulings":[{"date":"2013-04-15","text":"An ability that triggers when something \"attacks and isn't blocked\" triggers in the declare blockers step after blockers are declared if (1) that creature is attacking and (2) no creatures are declared to block it. It will trigger even if that creature was put onto the battlefield attacking rather than having been declared as an attacker in the declare attackers step."},{"date":"2013-07-01","text":"Abilities that Slivers grant, as well as power/toughness boosts, are cumulative. However, for some abilities, like flying, having more than one instance of the ability doesn’t provide any additional benefit."},{"date":"2013-07-01","text":"If the creature type of a Sliver changes so it’s no longer a Sliver, it will no longer be affected by its own ability. Its ability will continue to affect other Sliver creatures."}],"imageName":"frenzy sliver","foreignNames":[{"language":"Chinese Simplified","name":"狂热裂片妖"},{"language":"French","name":"Slivoïde frénétique"},{"language":"German","name":"Kampfrauschremasuri"},{"language":"Italian","name":"Tramutante della Frenesia"},{"language":"Japanese","name":"激情スリヴァー"},{"language":"Portuguese (Brazil)","name":"Fractius Frenético"},{"language":"Russian","name":"Безумная Щепка"},{"language":"Spanish","name":"Fragmentado del frenesí"}],"legalities":{"Modern":"Legal","Time Spiral Block":"Legal","Legacy":"Legal","Vintage":"Legal","Freeform":"Legal","Prismatic":"Legal","Tribal Wars Legacy":"Legal","Singleton 100":"Legal","Commander":"Legal"},"printings":["Future Sight","Premium Deck Series: Slivers"]},{"layout":"normal","type":"Creature — Fungus Sliver","types":["Creature"],"colors":["Green"],"multiverseid":207903,"name":"Fungus Sliver","subtypes":["Fungus","Sliver"],"originalType":"Creature — Fungus Sliver","cmc":4,"rarity":"Rare","artist":"Daniel Gelon","power":"2","toughness":"2","manaCost":"{3}{G}","text":"All Sliver creatures have \"Whenever this creature is dealt damage, put a +1/+1 counter on it.\" (The damage is dealt before the counter is put on.)","originalText":"All Sliver creatures have \"Whenever this creature is dealt damage, put a +1/+1 counter on it.\"","flavor":"\"When a sliver of this breed enters the hive, the others claw each other in frenzied fits, thereby ensuring their rapid growth.\"\n—Rukarumel, field journal","number":"21","rulings":[{"date":"2013-07-01","text":"Abilities that Slivers grant, as well as power/toughness boosts, are cumulative. However, for some abilities, like flying, having more than one instance of the ability doesn’t provide any additional benefit."},{"date":"2013-07-01","text":"If the creature type of a Sliver changes so it’s no longer a Sliver, it will no longer be affected by its own ability. Its ability will continue to affect other Sliver creatures."}],"imageName":"fungus sliver","foreignNames":[{"language":"Chinese Simplified","name":"真菌裂片妖"},{"language":"French","name":"Slivoïde fongoïde"},{"language":"German","name":"Pilzremasuri"},{"language":"Italian","name":"Tramutante Fungus"},{"language":"Japanese","name":"菌類スリヴァー"},{"language":"Portuguese (Brazil)","name":"Fractius do Fungo"},{"language":"Russian","name":"Плесневая Щепка"},{"language":"Spanish","name":"Fragmentado fungoso"}],"legalities":{"Modern":"Legal","Time Spiral Block":"Legal","Legacy":"Legal","Vintage":"Legal","Freeform":"Legal","Prismatic":"Legal","Tribal Wars Legacy":"Legal","Singleton 100":"Legal","Commander":"Legal"},"printings":["Time Spiral","Premium Deck Series: Slivers"]},{"layout":"normal","type":"Creature — Sliver","types":["Creature"],"colors":["Red"],"multiverseid":207904,"name":"Fury Sliver","subtypes":["Sliver"],"originalType":"Creature — Sliver","cmc":6,"rarity":"Uncommon","artist":"Parente","power":"3","toughness":"3","manaCost":"{5}{R}","text":"All Sliver creatures have double strike.","originalText":"All Sliver creatures have double strike.","flavor":"\"A rift opened, and our arrows were abruptly stilled. To move was to push the world. But the sliver's claw still twitched, red wounds appeared in Thed's chest, and ribbons of blood hung in the air.\"\n—Adom Capashen, Benalish hero","number":"25","rulings":[{"date":"2013-07-01","text":"Abilities that Slivers grant, as well as power/toughness boosts, are cumulative. However, for some abilities, like flying, having more than one instance of the ability doesn’t provide any additional benefit."},{"date":"2013-07-01","text":"If the creature type of a Sliver changes so it’s no longer a Sliver, it will no longer be affected by its own ability. Its ability will continue to affect other Sliver creatures."}],"imageName":"fury sliver","foreignNames":[{"language":"Chinese Simplified","name":"怒火裂片妖"},{"language":"French","name":"Slivoïde furieux"},{"language":"German","name":"Wütender Remasuri"},{"language":"Italian","name":"Tramutante Furioso"},{"language":"Japanese","name":"憤怒スリヴァー"},{"language":"Portuguese (Brazil)","name":"Fractius da Fúria"},{"language":"Russian","name":"Яростная Щепка"},{"language":"Spanish","name":"Fragmentado de la furia"}],"legalities":{"Modern":"Legal","Time Spiral Block":"Legal","Legacy":"Legal","Vintage":"Legal","Freeform":"Legal","Prismatic":"Legal","Tribal Wars Legacy":"Legal","Singleton 100":"Legal","Commander":"Legal"},"printings":["Time Spiral","Premium Deck Series: Slivers"]},{"layout":"normal","type":"Creature — Sliver","types":["Creature"],"colors":["Green"],"multiverseid":207905,"name":"Gemhide Sliver","subtypes":["Sliver"],"originalType":"Creature — Sliver","cmc":2,"rarity":"Common","artist":"John Matson","power":"1","toughness":"1","manaCost":"{1}{G}","text":"All Slivers have \"{T}: Add one mana of any color to your mana pool.\"","originalText":"All Slivers have \"{T}: Add one mana of any color to your mana pool.\"","flavor":"\"The land is weary. Even Skyshroud is depleted. We must find another source of mana—one that is growing despite our withering world.\"\n—Freyalise","number":"8","rulings":[{"date":"2013-07-01","text":"Abilities that Slivers grant, as well as power/toughness boosts, are cumulative. However, for some abilities, like flying, having more than one instance of the ability doesn’t provide any additional benefit."},{"date":"2013-07-01","text":"If the creature type of a Sliver changes so it’s no longer a Sliver, it will no longer be affected by its own ability. Its ability will continue to affect other Sliver creatures."}],"imageName":"gemhide sliver","foreignNames":[{"language":"Chinese Simplified","name":"灿衣裂片妖"},{"language":"French","name":"Slivoïde cuirgemme"},{"language":"German","name":"Gemmenhautremasuri"},{"language":"Italian","name":"Tramutante Pelle di Gemma"},{"language":"Japanese","name":"宝革スリヴァー"},{"language":"Portuguese (Brazil)","name":"Fractius Pele Preciosa"},{"language":"Russian","name":"Щепка Цвета Самоцветов"},{"language":"Spanish","name":"Fragmentado piel de gemas"}],"legalities":{"Modern":"Legal","Time Spiral Block":"Legal","Legacy":"Legal","Vintage":"Legal","Freeform":"Legal","Prismatic":"Legal","Tribal Wars Legacy":"Legal","Singleton 100":"Legal","Commander":"Legal"},"printings":["Time Spiral","Premium Deck Series: Slivers"]},{"layout":"normal","type":"Creature — Sliver","types":["Creature"],"colors":["Red"],"multiverseid":207906,"name":"Heart Sliver","subtypes":["Sliver"],"originalType":"Creature — Sliver","cmc":2,"rarity":"Common","artist":"Ron Spencer","power":"1","toughness":"1","manaCost":"{1}{R}","text":"All Sliver creatures have haste.","originalText":"All Sliver creatures have haste.","flavor":"Gerrard looked all around for the source of the mysterious pulse, and at that moment the slivers boiled forth from the crevasses.","number":"7","rulings":[{"date":"2013-07-01","text":"Abilities that Slivers grant, as well as power/toughness boosts, are cumulative. However, for some abilities, like flying, having more than one instance of the ability doesn’t provide any additional benefit."},{"date":"2013-07-01","text":"If the creature type of a Sliver changes so it’s no longer a Sliver, it will no longer be affected by its own ability. Its ability will continue to affect other Sliver creatures."}],"imageName":"heart sliver","legalities":{"Tempest Block":"Legal","Legacy":"Legal","Vintage":"Legal","Commander":"Legal"},"printings":["Tempest","Premium Deck Series: Slivers"]},{"layout":"normal","type":"Artifact","types":["Artifact"],"multiverseid":207924,"name":"Heartstone","originalType":"Artifact","cmc":3,"rarity":"Uncommon","artist":"John Matson","manaCost":"{3}","text":"Activated abilities of creatures cost {1} less to activate. This effect can't reduce the amount of mana an ability costs to activate to less than one mana.","originalText":"Activated abilities of creatures cost {1} less to activate. This effect can't reduce the amount of mana an ability costs to activate to less than one mana.","flavor":"\"Finding a true heartstone is even harder than finding a true heart.\"\n—Hanna, Weatherlight navigator","number":"26","rulings":[{"date":"2004-10-04","text":"The cost reduction can be applied to additional costs."},{"date":"2004-10-04","text":"It will not add a {1} to abilities with no generic mana in their activation cost."},{"date":"2004-10-04","text":"It will never reduce any colored mana portion of an activation cost."},{"date":"2006-07-15","text":"Can't reduce Snow mana costs."},{"date":"2013-07-01","text":"Activated abilities contain a colon. They're generally written \"[Cost]: [Effect].\" Some keywords are activated abilities and will have colons in their reminder texts."}],"imageName":"heartstone","legalities":{"Tempest Block":"Legal","Legacy":"Legal","Vintage":"Legal","Commander":"Legal"},"printings":["Stronghold","Premium Deck Series: Slivers"]},{"layout":"normal","type":"Creature — Sliver","types":["Creature"],"colors":["Blue","Black"],"multiverseid":207907,"name":"Hibernation Sliver","subtypes":["Sliver"],"originalType":"Creature — Sliver","cmc":2,"rarity":"Uncommon","artist":"Scott Kirschner","power":"2","toughness":"2","manaCost":"{U}{B}","text":"All Slivers have \"Pay 2 life: Return this permanent to its owner's hand.\"","originalText":"All Slivers have \"Pay 2 life: Return this permanent to its owner's hand.\"","flavor":"Mogglings have been known to play ball with hibernating slivers, completely unaware of their true nature.","number":"12","rulings":[{"date":"2013-07-01","text":"Abilities that Slivers grant, as well as power/toughness boosts, are cumulative. However, for some abilities, like flying, having more than one instance of the ability doesn’t provide any additional benefit."},{"date":"2013-07-01","text":"If the creature type of a Sliver changes so it’s no longer a Sliver, it will no longer be affected by its own ability. Its ability will continue to affect other Sliver creatures."}],"imageName":"hibernation sliver","legalities":{"Tempest Block":"Legal","Legacy":"Legal","Vintage":"Legal","Commander":"Legal"},"printings":["Stronghold","Premium Deck Series: Slivers"]},{"layout":"normal","type":"Creature — Sliver","types":["Creature"],"colors":["Red"],"multiverseid":207908,"name":"Homing Sliver","subtypes":["Sliver"],"originalType":"Creature — Sliver","cmc":3,"rarity":"Common","artist":"Trevor Hairsine","power":"2","toughness":"2","manaCost":"{2}{R}","text":"Each Sliver card in each player's hand has slivercycling {3}.\nSlivercycling {3} ({3}, Discard this card: Search your library for a Sliver card, reveal it, and put it into your hand. Then shuffle your library.)","originalText":"Each Sliver card in each player's hand has slivercycling {3}.\nSlivercycling {3} ({3}, Discard this card: Search your library for a Sliver card, reveal it, and put it into your hand. Then shuffle your library.)","number":"19","rulings":[{"date":"2009-02-01","text":"Unlike the normal cycling ability, Slivercycling doesn't allow you to draw a card. Instead, it lets you search your library for a Sliver card. After you find a Sliver card in your library, you reveal it, put it into your hand, then shuffle your library."},{"date":"2009-02-01","text":"Slivercycling is a form of cycling. Any ability that triggers on a card being cycled also triggers on Slivercycling this card. Any ability that stops a cycling ability from being activated also stops Plainscycling from being activated."},{"date":"2009-02-01","text":"Slivercycling is an activated ability. Effects that interact with activated abilities (such as Stifle or Rings of Brighthearth) will interact with Slivercycling. Effects that interact with spells (such as Remove Soul or Faerie Tauntings) will not."},{"date":"2009-02-01","text":"You can choose to find any card with the Sliver creature type, even if it isn't a creature card. This includes, for example, Tribal cards with the Changeling ability. You can also choose not to find a card, even if there is a Sliver card in your graveyard."},{"date":"2013-07-01","text":"Abilities that Slivers grant, as well as power/toughness boosts, are cumulative. However, for some abilities, like flying, having more than one instance of the ability doesn’t provide any additional benefit."},{"date":"2013-07-01","text":"If the creature type of a Sliver changes so it’s no longer a Sliver, it will no longer be affected by its own ability. Its ability will continue to affect other Sliver creatures."}],"imageName":"homing sliver","foreignNames":[{"language":"Chinese Simplified","name":"返乡裂片妖"},{"language":"French","name":"Slivoïde chercheur"},{"language":"German","name":"Heimkehrender Remasuri"},{"language":"Italian","name":"Tramutante Puntatrice"},{"language":"Japanese","name":"誘導スリヴァー"},{"language":"Portuguese (Brazil)","name":"Fractius Migrante"},{"language":"Russian","name":"Следящая Щепка"},{"language":"Spanish","name":"Fragmentado teledirigido"}],"legalities":{"Modern":"Legal","Time Spiral Block":"Legal","Legacy":"Legal","Vintage":"Legal","Freeform":"Legal","Prismatic":"Legal","Tribal Wars Legacy":"Legal","Singleton 100":"Legal","Commander":"Legal"},"printings":["Future Sight","Premium Deck Series: Slivers"]},{"layout":"normal","supertypes":["Basic"],"type":"Basic Land — Island","types":["Land"],"multiverseid":207935,"name":"Island","subtypes":["Island"],"originalType":"Basic Land — Island","rarity":"Basic Land","artist":"Randy Gallegos","originalText":"U","number":"38","imageName":"island","foreignNames":[{"language":"Chinese Simplified","name":"海岛"},{"language":"Chinese Traditional","name":"海島"},{"language":"French","name":"Île"},{"language":"German","name":"Insel"},{"language":"Italian","name":"Isola"},{"language":"Japanese","name":"島"},{"language":"Korean","name":"섬"},{"language":"Portuguese (Brazil)","name":"Ilha"},{"language":"Russian","name":"Остров"},{"language":"Spanish","name":"Isla"}],"legalities":{"Standard":"Legal","Modern":"Legal","Theros Block":"Legal","Return to Ravnica Block":"Legal","Innistrad Block":"Legal","Scars of Mirrodin Block":"Legal","Zendikar Block":"Legal","Shards of Alara Block":"Legal","Lorwyn-Shadowmoor Block":"Legal","Time Spiral Block":"Legal","Ravnica Block":"Legal","Kamigawa Block":"Legal","Mirrodin Block":"Legal","Onslaught Block":"Legal","Odyssey Block":"Legal","Invasion Block":"Legal","Masques Block":"Legal","Urza Block":"Legal","Tempest Block":"Legal","Mirage Block":"Legal","Ice Age Block":"Legal","Un-Sets":"Legal","Legacy":"Legal","Vintage":"Legal","Freeform":"Legal","Prismatic":"Legal","Tribal Wars Legacy":"Legal","Tribal Wars Standard":"Legal","Singleton 100":"Legal","Commander":"Legal"},"printings":["Limited Edition Alpha","Limited Edition Beta","Unlimited Edition","Revised Edition","Fourth Edition","Ice Age","Rivals Quick Start Set","Arena League","Mirage","Introductory Two-Player Set","Fifth Edition","Portal","Tempest","Judge Gift Program","Portal Second Age","Unglued","Asia Pacific Land Program","Urza's Saga","Classic Sixth Edition","Portal Three Kingdoms","Starter 1999","Guru","Mercadian Masques","Battle Royale Box Set","European Land Program","Starter 2000","Beatdown Box Set","Invasion","Seventh Edition","Odyssey","Onslaught","Eighth Edition","Mirrodin","Champions of Kamigawa","Unhinged","Ninth Edition","Ravnica: City of Guilds","Coldsnap Theme Decks","Time Spiral","Tenth Edition","Masters Edition","Lorwyn","Shadowmoor","Shards of Alara","Duel Decks: Jace vs. Chandra","Magic 2010","Planechase","Masters Edition III","Zendikar","Premium Deck Series: Slivers","Duel Decks: Phyrexia vs. the Coalition","Rise of the Eldrazi","Duels of the Planeswalkers","Archenemy","Magic 2011","Duel Decks: Elspeth vs. Tezzeret","Scars of Mirrodin","Mirrodin Besieged","New Phyrexia","Magic: The Gathering-Commander","Magic 2012","Duel Decks: Ajani vs. Nicol Bolas","Innistrad","Duel Decks: Venser vs. Koth","Avacyn Restored","Planechase 2012 Edition","Magic 2013","Duel Decks: Izzet vs. Golgari","Return to Ravnica","Magic 2014 Core Set","Theros","Commander 2013 Edition","Duel Decks: Jace vs. Vraska","Magic 2015 Core Set","Duel Decks: Speed vs. Cunning","Khans of Tarkir","Commander 2014","Fate Reforged"]},{"layout":"normal","type":"Artifact Creature — Sliver","types":["Artifact","Creature"],"multiverseid":208040,"name":"Metallic Sliver","subtypes":["Sliver"],"originalType":"Artifact Creature — Sliver","cmc":1,"rarity":"Common","artist":"L. A. Williams","power":"1","toughness":"1","manaCost":"{1}","flavor":"When the clever counterfeit was accepted by the hive, Volrath's influence upon the slivers grew even stronger.","number":"1","rulings":[{"date":"2013-07-01","text":"Abilities that Slivers grant, as well as power/toughness boosts, are cumulative. However, for some abilities, like flying, having more than one instance of the ability doesn’t provide any additional benefit."},{"date":"2013-07-01","text":"If the creature type of a Sliver changes so it’s no longer a Sliver, it will no longer be affected by its own ability. Its ability will continue to affect other Sliver creatures."}],"imageName":"metallic sliver","legalities":{"Tempest Block":"Legal","Legacy":"Legal","Vintage":"Legal","Commander":"Legal"},"printings":["Tempest","Premium Deck Series: Slivers"]},{"layout":"normal","type":"Creature — Sliver","types":["Creature"],"colors":["Green"],"multiverseid":207910,"name":"Might Sliver","subtypes":["Sliver"],"originalType":"Creature — Sliver","cmc":5,"rarity":"Uncommon","artist":"Jeff Miracola","power":"2","toughness":"2","manaCost":"{4}{G}","text":"All Sliver creatures get +2/+2.","originalText":"All Sliver creatures get +2/+2.","flavor":"\"The colossal thing rumbled over the ridge, tree husks crumbling before it. The ones we were already fighting howled as it came, their muscles suddenly surging, and we knew it was time to flee.\"\n—Llanach, Skyshroud ranger","number":"23","rulings":[{"date":"2013-07-01","text":"Abilities that Slivers grant, as well as power/toughness boosts, are cumulative. However, for some abilities, like flying, having more than one instance of the ability doesn’t provide any additional benefit."},{"date":"2013-07-01","text":"If the creature type of a Sliver changes so it’s no longer a Sliver, it will no longer be affected by its own ability. Its ability will continue to affect other Sliver creatures."}],"imageName":"might sliver","foreignNames":[{"language":"Chinese Simplified","name":"瀚力裂片妖"},{"language":"French","name":"Slivoïde de puissance"},{"language":"German","name":"Machtremasuri"},{"language":"Italian","name":"Tramutante Possente"},{"language":"Japanese","name":"増力スリヴァー"},{"language":"Portuguese (Brazil)","name":"Fractius do Poder"},{"language":"Russian","name":"Могучая Щепка"},{"language":"Spanish","name":"Fragmentado del poder"}],"legalities":{"Modern":"Legal","Time Spiral Block":"Legal","Legacy":"Legal","Vintage":"Legal","Freeform":"Legal","Prismatic":"Legal","Tribal Wars Legacy":"Legal","Singleton 100":"Legal","Commander":"Legal"},"printings":["Time Spiral","Premium Deck Series: Slivers"]},{"layout":"normal","supertypes":["Basic"],"type":"Basic Land — Mountain","types":["Land"],"multiverseid":207936,"name":"Mountain","subtypes":["Mountain"],"originalType":"Basic Land — Mountain","rarity":"Basic Land","artist":"Mark Poole","originalText":"R","number":"40","imageName":"mountain","foreignNames":[{"language":"Chinese Simplified","name":"山脉"},{"language":"Chinese Traditional","name":"山脈"},{"language":"French","name":"Montagne"},{"language":"German","name":"Gebirge"},{"language":"Italian","name":"Montagna"},{"language":"Japanese","name":"山"},{"language":"Korean","name":"산"},{"language":"Portuguese (Brazil)","name":"Montanha"},{"language":"Russian","name":"Гора"},{"language":"Spanish","name":"Montaña"}],"legalities":{"Standard":"Legal","Modern":"Legal","Theros Block":"Legal","Return to Ravnica Block":"Legal","Innistrad Block":"Legal","Scars of Mirrodin Block":"Legal","Zendikar Block":"Legal","Shards of Alara Block":"Legal","Lorwyn-Shadowmoor Block":"Legal","Time Spiral Block":"Legal","Ravnica Block":"Legal","Kamigawa Block":"Legal","Mirrodin Block":"Legal","Onslaught Block":"Legal","Odyssey Block":"Legal","Invasion Block":"Legal","Masques Block":"Legal","Urza Block":"Legal","Tempest Block":"Legal","Mirage Block":"Legal","Ice Age Block":"Legal","Un-Sets":"Legal","Legacy":"Legal","Vintage":"Legal","Freeform":"Legal","Prismatic":"Legal","Tribal Wars Legacy":"Legal","Tribal Wars Standard":"Legal","Singleton 100":"Legal","Commander":"Legal"},"printings":["Limited Edition Alpha","Limited Edition Beta","Unlimited Edition","Arabian Nights","Revised Edition","Fourth Edition","Ice Age","Rivals Quick Start Set","Arena League","Mirage","Introductory Two-Player Set","Fifth Edition","Portal","Tempest","Judge Gift Program","Portal Second Age","Unglued","Asia Pacific Land Program","Urza's Saga","Anthologies","Classic Sixth Edition","Portal Three Kingdoms","Starter 1999","Guru","Mercadian Masques","Battle Royale Box Set","European Land Program","Starter 2000","Beatdown Box Set","Invasion","Seventh Edition","Odyssey","Deckmasters","Onslaught","Eighth Edition","Mirrodin","Champions of Kamigawa","Unhinged","Ninth Edition","Ravnica: City of Guilds","Coldsnap Theme Decks","Time Spiral","Tenth Edition","Masters Edition","Lorwyn","Duel Decks: Elves vs. Goblins","Shadowmoor","Shards of Alara","Duel Decks: Jace vs. Chandra","Magic 2010","Planechase","Masters Edition III","Zendikar","Premium Deck Series: Slivers","Duel Decks: Phyrexia vs. the Coalition","Rise of the Eldrazi","Duels of the Planeswalkers","Archenemy","Magic 2011","Scars of Mirrodin","Premium Deck Series: Fire and Lightning","Mirrodin Besieged","Duel Decks: Knights vs. Dragons","New Phyrexia","Magic: The Gathering-Commander","Magic 2012","Duel Decks: Ajani vs. Nicol Bolas","Innistrad","Duel Decks: Venser vs. Koth","Avacyn Restored","Planechase 2012 Edition","Magic 2013","Duel Decks: Izzet vs. Golgari","Return to Ravnica","Duel Decks: Sorin vs. Tibalt","Magic 2014 Core Set","Duel Decks: Heroes vs. Monsters","Theros","Commander 2013 Edition","Magic 2015 Core Set","Duel Decks: Speed vs. Cunning","Khans of Tarkir","Commander 2014","Fate Reforged"]},{"layout":"normal","type":"Creature — Sliver","types":["Creature"],"colors":["Green"],"multiverseid":207911,"name":"Muscle Sliver","subtypes":["Sliver"],"originalType":"Creature — Sliver","cmc":2,"rarity":"Common","artist":"Richard Kane Ferguson","power":"1","toughness":"1","manaCost":"{1}{G}","text":"All Sliver creatures get +1/+1.","originalText":"All Sliver creatures get +1/+1.","flavor":"The air was filled with the cracks and snaps of flesh hardening as the new sliver joined the battle.","number":"9","rulings":[{"date":"2004-10-04","text":"Yes, it does give the +1/+1 bonus to itself."},{"date":"2013-07-01","text":"Abilities that Slivers grant, as well as power/toughness boosts, are cumulative. However, for some abilities, like flying, having more than one instance of the ability doesn’t provide any additional benefit."},{"date":"2013-07-01","text":"If the creature type of a Sliver changes so it’s no longer a Sliver, it will no longer be affected by its own ability. Its ability will continue to affect other Sliver creatures."}],"imageName":"muscle sliver","legalities":{"Tempest Block":"Legal","Legacy":"Legal","Vintage":"Legal","Commander":"Legal"},"printings":["Tempest","Friday Night Magic","Premium Deck Series: Slivers"]},{"layout":"normal","type":"Creature — Sliver","types":["Creature"],"colors":["White","Black"],"multiverseid":207912,"name":"Necrotic Sliver","subtypes":["Sliver"],"originalType":"Creature — Sliver","cmc":3,"rarity":"Uncommon","artist":"Dave Allsop","power":"2","toughness":"2","manaCost":"{1}{W}{B}","text":"All Slivers have \"{3}, Sacrifice this permanent: Destroy target permanent.\"","originalText":"All Slivers have \"{3}, Sacrifice this permanent: Destroy target permanent.\"","flavor":"Though Volrath is long dead, the slivers have become everything he wanted them to be: mindless instruments of destruction and despair.","number":"20","rulings":[{"date":"2013-07-01","text":"Abilities that Slivers grant, as well as power/toughness boosts, are cumulative. However, for some abilities, like flying, having more than one instance of the ability doesn’t provide any additional benefit."},{"date":"2013-07-01","text":"If the creature type of a Sliver changes so it’s no longer a Sliver, it will no longer be affected by its own ability. Its ability will continue to affect other Sliver creatures."}],"imageName":"necrotic sliver","foreignNames":[{"language":"Chinese Simplified","name":"溃疽裂片妖"},{"language":"French","name":"Slivoïde nécrotique"},{"language":"German","name":"Nekrotischer Remasuri"},{"language":"Italian","name":"Tramutante Necrotico"},{"language":"Japanese","name":"壊死スリヴァー"},{"language":"Portuguese (Brazil)","name":"Fractius Necrótico"},{"language":"Russian","name":"Омертвелая Щепка"},{"language":"Spanish","name":"Fragmentado necrótico"}],"legalities":{"Modern":"Legal","Time Spiral Block":"Legal","Legacy":"Legal","Vintage":"Legal","Freeform":"Legal","Prismatic":"Legal","Tribal Wars Legacy":"Legal","Singleton 100":"Legal","Commander":"Legal"},"printings":["Planar Chaos","Premium Deck Series: Slivers"]},{"layout":"normal","supertypes":["Basic"],"type":"Basic Land — Plains","types":["Land"],"multiverseid":207937,"name":"Plains","subtypes":["Plains"],"originalType":"Basic Land — Plains","rarity":"Basic Land","artist":"Terese Nielsen","originalText":"W","number":"37","imageName":"plains","foreignNames":[{"language":"Chinese Simplified","name":"平原"},{"language":"Chinese Traditional","name":"平原"},{"language":"French","name":"Plaine"},{"language":"German","name":"Ebene"},{"language":"Italian","name":"Pianura"},{"language":"Japanese","name":"平地"},{"language":"Korean","name":"들"},{"language":"Portuguese (Brazil)","name":"Planície"},{"language":"Russian","name":"Равнины"},{"language":"Spanish","name":"Llanura"}],"legalities":{"Standard":"Legal","Modern":"Legal","Theros Block":"Legal","Return to Ravnica Block":"Legal","Innistrad Block":"Legal","Scars of Mirrodin Block":"Legal","Zendikar Block":"Legal","Shards of Alara Block":"Legal","Lorwyn-Shadowmoor Block":"Legal","Time Spiral Block":"Legal","Ravnica Block":"Legal","Kamigawa Block":"Legal","Mirrodin Block":"Legal","Onslaught Block":"Legal","Odyssey Block":"Legal","Invasion Block":"Legal","Masques Block":"Legal","Urza Block":"Legal","Tempest Block":"Legal","Mirage Block":"Legal","Ice Age Block":"Legal","Un-Sets":"Legal","Legacy":"Legal","Vintage":"Legal","Freeform":"Legal","Prismatic":"Legal","Tribal Wars Legacy":"Legal","Tribal Wars Standard":"Legal","Singleton 100":"Legal","Commander":"Legal"},"printings":["Limited Edition Alpha","Limited Edition Beta","Unlimited Edition","Revised Edition","Fourth Edition","Ice Age","Rivals Quick Start Set","Arena League","Mirage","Introductory Two-Player Set","Fifth Edition","Portal","Prerelease Events","Tempest","Portal Second Age","Judge Gift Program","Unglued","Asia Pacific Land Program","Urza's Saga","Anthologies","Classic Sixth Edition","Portal Three Kingdoms","Starter 1999","Guru","Mercadian Masques","Battle Royale Box Set","European Land Program","Starter 2000","Invasion","Seventh Edition","Odyssey","Onslaught","Eighth Edition","Mirrodin","Champions of Kamigawa","Unhinged","Ninth Edition","Ravnica: City of Guilds","Coldsnap Theme Decks","Time Spiral","Tenth Edition","Masters Edition","Lorwyn","Shadowmoor","Shards of Alara","Duel Decks: Divine vs. Demonic","Magic 2010","Planechase","Masters Edition III","Zendikar","Premium Deck Series: Slivers","Duel Decks: Phyrexia vs. the Coalition","Rise of the Eldrazi","Archenemy","Magic 2011","Duel Decks: Elspeth vs. Tezzeret","Scars of Mirrodin","Mirrodin Besieged","Duel Decks: Knights vs. Dragons","New Phyrexia","Magic: The Gathering-Commander","Magic 2012","Duel Decks: Ajani vs. Nicol Bolas","Innistrad","Duel Decks: Venser vs. Koth","Avacyn Restored","Planechase 2012 Edition","Magic 2013","Return to Ravnica","Duel Decks: Sorin vs. Tibalt","Magic 2014 Core Set","Duel Decks: Heroes vs. Monsters","Theros","Commander 2013 Edition","Modern Event Deck 2014","Magic 2015 Core Set","Duel Decks: Speed vs. Cunning","Khans of Tarkir","Commander 2014","Fate Reforged"]},{"layout":"normal","type":"Creature — Sliver","types":["Creature"],"colors":["Green"],"multiverseid":207913,"name":"Quick Sliver","subtypes":["Sliver"],"originalType":"Creature — Sliver","cmc":2,"rarity":"Common","artist":"John Avon","power":"1","toughness":"1","manaCost":"{1}{G}","text":"Flash\nAny player may play Sliver cards as though they had flash.","originalText":"Flash\nAny player may cast Sliver cards as though they had flash.","flavor":"The directors of the Riptide Project wanted instant results on the sliver experiments. They got their wish.","number":"10","rulings":[{"date":"2004-10-04","text":"The first ability applies when this card is not on the battlefield. The second ability applies when this card is on the battlefield."},{"date":"2013-07-01","text":"Abilities that Slivers grant, as well as power/toughness boosts, are cumulative. However, for some abilities, like flying, having more than one instance of the ability doesn’t provide any additional benefit."},{"date":"2013-07-01","text":"If the creature type of a Sliver changes so it’s no longer a Sliver, it will no longer be affected by its own ability. Its ability will continue to affect other Sliver creatures."}],"imageName":"quick sliver","foreignNames":[{"language":"French","name":"Slivoïde rapide"},{"language":"German","name":"Schneller Remasuri"},{"language":"Italian","name":"Tramutante Rapido"},{"language":"Portuguese (Brazil)","name":"Fractius Ligeiro"},{"language":"Spanish","name":"Fragmentado veloz"}],"legalities":{"Onslaught Block":"Legal","Legacy":"Legal","Vintage":"Legal","Freeform":"Legal","Prismatic":"Legal","Tribal Wars Legacy":"Legal","Singleton 100":"Legal","Commander":"Legal"},"printings":["Legions","Premium Deck Series: Slivers"]},{"layout":"normal","type":"Land","types":["Land"],"multiverseid":208042,"name":"Rootbound Crag","originalType":"Land","rarity":"Rare","artist":"Matt Stewart","text":"Rootbound Crag enters the battlefield tapped unless you control a Mountain or a Forest.\n{T}: Add {R} or {G} to your mana pool.","originalText":"Rootbound Crag enters the battlefield tapped unless you control a Mountain or a Forest.\n{T}: Add {R} or {G} to your mana pool.","number":"32","rulings":[{"date":"2009-10-01","text":"This checks for lands you control with the land type Mountain or Forest, not for lands named Mountain or Forest. The lands it checks for don't have to be basic lands. For example, if you control Temple Garden (a nonbasic land with the land types Forest and Plains), Rootbound Crag will enter the battlefield untapped."},{"date":"2009-10-01","text":"As this is entering the battlefield, it checks for lands that are already on the battlefield. It won't see lands that are entering the battlefield at the same time (due to Warp World, for example)."}],"imageName":"rootbound crag","foreignNames":[{"language":"Chinese Simplified","name":"盘根峭壁"},{"language":"Chinese Traditional","name":"盤根峭壁"},{"language":"French","name":"Mont enraciné"},{"language":"German","name":"Verwurzelter Felsen"},{"language":"Italian","name":"Dirupo delle Radici"},{"language":"Japanese","name":"根縛りの岩山"},{"language":"Korean","name":"나무뿌리 바위산"},{"language":"Portuguese (Brazil)","name":"Penhasco do Raizame"},{"language":"Russian","name":"Обвитая Корнями Скала"},{"language":"Spanish","name":"Risco enraizado"}],"legalities":{"Modern":"Legal","Legacy":"Legal","Vintage":"Legal","Freeform":"Legal","Prismatic":"Legal","Tribal Wars Legacy":"Legal","Tribal Wars Standard":"Legal","Singleton 100":"Legal","Commander":"Legal"},"printings":["Magic 2010","Premium Deck Series: Slivers","Magic 2011","Magic 2012","Magic 2013"]},{"layout":"normal","type":"Land","types":["Land"],"multiverseid":207933,"name":"Rupture Spire","originalType":"Land","rarity":"Common","artist":"Jaime Jones","text":"Rupture Spire enters the battlefield tapped.\nWhen Rupture Spire enters the battlefield, sacrifice it unless you pay {1}.\n{T}: Add one mana of any color to your mana pool.","originalText":"Rupture Spire enters the battlefield tapped.\nWhen Rupture Spire enters the battlefield, sacrifice it unless you pay {1}.\n{T}: Add one mana of any color to your mana pool.","number":"33","imageName":"rupture spire","foreignNames":[{"language":"Chinese Simplified","name":"破裂尖塔"},{"language":"French","name":"Tour de la Rupture"},{"language":"German","name":"Turm am Riss"},{"language":"Italian","name":"Cuspide Spaccata"},{"language":"Japanese","name":"断ち割る尖塔"},{"language":"Portuguese (Brazil)","name":"Cone da Ruptura"},{"language":"Russian","name":"Проломный Шпиль"},{"language":"Spanish","name":"Torre de la ruptura"}],"legalities":{"Modern":"Legal","Shards of Alara Block":"Legal","Legacy":"Legal","Vintage":"Legal","Freeform":"Legal","Prismatic":"Legal","Tribal Wars Legacy":"Legal","Singleton 100":"Legal","Commander":"Legal"},"printings":["Conflux","Premium Deck Series: Slivers","Magic: The Gathering-Commander","Duel Decks: Ajani vs. Nicol Bolas","Planechase 2012 Edition","Commander 2013 Edition"]},{"layout":"normal","supertypes":["Legendary"],"type":"Legendary Creature — Sliver Mutant","types":["Creature"],"colors":["White","Blue","Black","Red","Green"],"multiverseid":207915,"name":"Sliver Overlord","subtypes":["Sliver","Mutant"],"originalType":"Legendary Creature — Sliver Mutant","cmc":5,"rarity":"Mythic Rare","artist":"Tony Szczudlo","power":"7","toughness":"7","manaCost":"{W}{U}{B}{R}{G}","text":"{3}: Search your library for a Sliver card, reveal that card, and put it into your hand. Then shuffle your library.\n{3}: Gain control of target Sliver. (This effect lasts indefinitely.)","originalText":"{3}: Search your library for a Sliver card, reveal that card, and put it into your hand. Then shuffle your library.\n{3}: Gain control of target Sliver.","flavor":"The end of evolution.","number":"24","imageName":"sliver overlord","foreignNames":[{"language":"French","name":"Suzerain slivoïde"},{"language":"German","name":"Remasuri-Oberkommandant"},{"language":"Italian","name":"Signore Supremo dei Tramutanti"},{"language":"Portuguese (Brazil)","name":"Senhor dos Fractius"},{"language":"Spanish","name":"Jefe supremo fragmentado"}],"legalities":{"Onslaught Block":"Legal","Legacy":"Legal","Vintage":"Legal","Freeform":"Legal","Prismatic":"Legal","Tribal Wars Legacy":"Legal","Singleton 100":"Legal","Commander":"Legal"},"printings":["Scourge","Premium Deck Series: Slivers"]},{"layout":"normal","type":"Creature — Sliver Spirit","types":["Creature"],"colors":["Black"],"multiverseid":207916,"name":"Spectral Sliver","subtypes":["Sliver","Spirit"],"originalType":"Creature — Sliver Spirit","cmc":3,"rarity":"Uncommon","artist":"Pete Venters","power":"2","toughness":"2","manaCost":"{2}{B}","text":"All Sliver creatures have \"{2}: This creature gets +1/+1 until end of turn.\"","originalText":"All Sliver creatures have \"{2}: This creature gets +1/+1 until end of turn.\"","flavor":"\"Sure, I've seen agents of the Cabal here and there. Well, not here, and certainly not in any of the sliver labs. Oh dear, I've said too much.\"\n—Apprentice researcher","number":"17","rulings":[{"date":"2013-07-01","text":"Abilities that Slivers grant, as well as power/toughness boosts, are cumulative. However, for some abilities, like flying, having more than one instance of the ability doesn’t provide any additional benefit."},{"date":"2013-07-01","text":"If the creature type of a Sliver changes so it’s no longer a Sliver, it will no longer be affected by its own ability. Its ability will continue to affect other Sliver creatures."}],"imageName":"spectral sliver","foreignNames":[{"language":"French","name":"Slivoïde spectral"},{"language":"German","name":"Spektralremasuri"},{"language":"Italian","name":"Tramutante Spettrale"},{"language":"Portuguese (Brazil)","name":"Fractius Espectral"},{"language":"Spanish","name":"Fragmentado espectral"}],"legalities":{"Onslaught Block":"Legal","Legacy":"Legal","Vintage":"Legal","Freeform":"Legal","Prismatic":"Legal","Tribal Wars Legacy":"Legal","Singleton 100":"Legal","Commander":"Legal"},"printings":["Legions","Premium Deck Series: Slivers"]},{"layout":"normal","type":"Creature — Sliver","types":["Creature"],"colors":["Red","Green"],"multiverseid":208041,"name":"Spined Sliver","subtypes":["Sliver"],"originalType":"Creature — Sliver","cmc":2,"rarity":"Uncommon","artist":"Ron Spencer","power":"2","toughness":"2","manaCost":"{R}{G}","text":"Whenever a Sliver becomes blocked, that Sliver gets +1/+1 until end of turn for each creature blocking it.","originalText":"Whenever a Sliver becomes blocked, that Sliver gets +1/+1 until end of turn for each creature blocking it.","flavor":"\"Slivers are evil and slivers are sly;\nAnd if you get eaten, then no one will cry.\"\n—Mogg children's rhyme","number":"14","rulings":[{"date":"2004-10-04","text":"If two Spined Slivers are on the battlefield then each blocked sliver gets +2/+2 for each creature blocking it."},{"date":"2013-07-01","text":"Abilities that Slivers grant, as well as power/toughness boosts, are cumulative. However, for some abilities, like flying, having more than one instance of the ability doesn’t provide any additional benefit."},{"date":"2013-07-01","text":"If the creature type of a Sliver changes so it’s no longer a Sliver, it will no longer be affected by its own ability. Its ability will continue to affect other Sliver creatures."}],"imageName":"spined sliver","foreignNames":[{"language":"Chinese Simplified","name":"刺棘裂片妖"},{"language":"French","name":"Slivoïde à piquants"},{"language":"German","name":"Stachelremasuri"},{"language":"Italian","name":"Tramutante Spinato"},{"language":"Japanese","name":"針刺スリヴァー"},{"language":"Portuguese (Brazil)","name":"Fractius Espinhoso"},{"language":"Russian","name":"Колючая Щепка"},{"language":"Spanish","name":"Fragmentado espinoso"}],"legalities":{"Modern":"Legal","Time Spiral Block":"Legal","Tempest Block":"Legal","Legacy":"Legal","Vintage":"Legal","Freeform":"Legal","Prismatic":"Legal","Tribal Wars Legacy":"Legal","Singleton 100":"Legal","Commander":"Legal"},"printings":["Stronghold","Time Spiral \"Timeshifted\"","Premium Deck Series: Slivers"]},{"layout":"normal","supertypes":["Basic"],"type":"Basic Land — Swamp","types":["Land"],"multiverseid":207938,"name":"Swamp","subtypes":["Swamp"],"originalType":"Basic Land — Swamp","rarity":"Basic Land","artist":"Brom","originalText":"B","number":"39","imageName":"swamp","foreignNames":[{"language":"Chinese Simplified","name":"沼泽"},{"language":"Chinese Traditional","name":"沼澤"},{"language":"French","name":"Marais"},{"language":"German","name":"Sumpf"},{"language":"Italian","name":"Palude"},{"language":"Japanese","name":"沼"},{"language":"Korean","name":"늪"},{"language":"Portuguese (Brazil)","name":"Pântano"},{"language":"Russian","name":"Болото"},{"language":"Spanish","name":"Pantano"}],"legalities":{"Standard":"Legal","Modern":"Legal","Theros Block":"Legal","Return to Ravnica Block":"Legal","Innistrad Block":"Legal","Scars of Mirrodin Block":"Legal","Zendikar Block":"Legal","Shards of Alara Block":"Legal","Lorwyn-Shadowmoor Block":"Legal","Time Spiral Block":"Legal","Ravnica Block":"Legal","Kamigawa Block":"Legal","Mirrodin Block":"Legal","Onslaught Block":"Legal","Odyssey Block":"Legal","Invasion Block":"Legal","Masques Block":"Legal","Urza Block":"Legal","Tempest Block":"Legal","Mirage Block":"Legal","Ice Age Block":"Legal","Un-Sets":"Legal","Legacy":"Legal","Vintage":"Legal","Freeform":"Legal","Prismatic":"Legal","Tribal Wars Legacy":"Legal","Tribal Wars Standard":"Legal","Singleton 100":"Legal","Commander":"Legal"},"printings":["Limited Edition Alpha","Limited Edition Beta","Unlimited Edition","Revised Edition","Fourth Edition","Ice Age","Rivals Quick Start Set","Arena League","Mirage","Introductory Two-Player Set","Fifth Edition","Portal","Tempest","Judge Gift Program","Portal Second Age","Unglued","Asia Pacific Land Program","Urza's Saga","Anthologies","Classic Sixth Edition","Portal Three Kingdoms","Starter 1999","Guru","Mercadian Masques","Battle Royale Box Set","European Land Program","Starter 2000","Beatdown Box Set","Invasion","Seventh Edition","Odyssey","Deckmasters","Onslaught","Eighth Edition","Mirrodin","Champions of Kamigawa","Unhinged","Ninth Edition","Ravnica: City of Guilds","Coldsnap Theme Decks","Time Spiral","Tenth Edition","Masters Edition","Lorwyn","Shadowmoor","Shards of Alara","Duel Decks: Divine vs. Demonic","Magic 2010","Planechase","Masters Edition III","Zendikar","Duel Decks: Garruk vs. Liliana","Premium Deck Series: Slivers","Duel Decks: Phyrexia vs. the Coalition","Rise of the Eldrazi","Duels of the Planeswalkers","Archenemy","Magic 2011","Scars of Mirrodin","Mirrodin Besieged","New Phyrexia","Magic: The Gathering-Commander","Magic 2012","Duel Decks: Ajani vs. Nicol Bolas","Innistrad","Premium Deck Series: Graveborn","Avacyn Restored","Planechase 2012 Edition","Magic 2013","Duel Decks: Izzet vs. Golgari","Return to Ravnica","Duel Decks: Sorin vs. Tibalt","Magic 2014 Core Set","Theros","Commander 2013 Edition","Duel Decks: Jace vs. Vraska","Modern Event Deck 2014","Magic 2015 Core Set","Duel Decks: Speed vs. Cunning","Khans of Tarkir","Commander 2014","Fate Reforged"]},{"layout":"normal","type":"Land","types":["Land"],"multiverseid":207928,"name":"Terramorphic Expanse","originalType":"Land","rarity":"Common","artist":"Dan Scott","text":"{T}, Sacrifice Terramorphic Expanse: Search your library for a basic land card and put it onto the battlefield tapped. Then shuffle your library.","originalText":"{T}, Sacrifice Terramorphic Expanse: Search your library for a basic land card and put it onto the battlefield tapped. Then shuffle your library.","number":"34","imageName":"terramorphic expanse","foreignNames":[{"language":"Chinese Simplified","name":"地塑旷野"},{"language":"Chinese Traditional","name":"地塑曠野"},{"language":"French","name":"Immensité terramorphe"},{"language":"German","name":"Immerändernde Weite"},{"language":"Italian","name":"Distesa Terramorfica"},{"language":"Japanese","name":"広漠なる変幻地"},{"language":"Portuguese (Brazil)","name":"Vastidão Morfoterrena"},{"language":"Russian","name":"Просторы Преображенных Земель"},{"language":"Spanish","name":"Expansión terramórfica"}],"legalities":{"Modern":"Legal","Time Spiral Block":"Legal","Legacy":"Legal","Vintage":"Legal","Freeform":"Legal","Prismatic":"Legal","Tribal Wars Legacy":"Legal","Singleton 100":"Legal","Commander":"Legal"},"printings":["Time Spiral","Tenth Edition","Magic 2010","Planechase","Premium Deck Series: Slivers","Duel Decks: Phyrexia vs. the Coalition","Archenemy","Magic 2011","Magic: The Gathering-Commander","Duel Decks: Ajani vs. Nicol Bolas","Planechase 2012 Edition","Modern Masters","Commander 2013 Edition","Duel Decks: Speed vs. Cunning","Commander 2014"]},{"layout":"normal","type":"Creature — Sliver","types":["Creature"],"colors":["White","Green"],"multiverseid":207918,"name":"Victual Sliver","subtypes":["Sliver"],"originalType":"Creature — Sliver","cmc":2,"rarity":"Uncommon","artist":"Terese Nielsen","power":"2","toughness":"2","manaCost":"{G}{W}","text":"All Slivers have \"{2}, Sacrifice this permanent: You gain 4 life.\"","originalText":"All Slivers have \"{2}, Sacrifice this permanent: You gain 4 life.\"","flavor":"\"We are kinfolk,\" explained Karn to the sliver queen. \"Just as you need your progeny to complete you, so do I need the pieces of the Legacy to make me whole.\"","number":"15","rulings":[{"date":"2013-07-01","text":"Abilities that Slivers grant, as well as power/toughness boosts, are cumulative. However, for some abilities, like flying, having more than one instance of the ability doesn’t provide any additional benefit."},{"date":"2013-07-01","text":"If the creature type of a Sliver changes so it’s no longer a Sliver, it will no longer be affected by its own ability. Its ability will continue to affect other Sliver creatures."}],"imageName":"victual sliver","legalities":{"Tempest Block":"Legal","Legacy":"Legal","Vintage":"Legal","Commander":"Legal"},"printings":["Stronghold","Premium Deck Series: Slivers"]},{"layout":"normal","type":"Creature — Sliver","types":["Creature"],"colors":["Green"],"multiverseid":207919,"name":"Virulent Sliver","subtypes":["Sliver"],"originalType":"Creature — Sliver","cmc":1,"rarity":"Common","artist":"Franz Vohwinkel","power":"1","toughness":"1","manaCost":"{G}","text":"All Sliver creatures have poisonous 1. (Whenever a Sliver deals combat damage to a player, that player gets a poison counter. A player with ten or more poison counters loses the game.)","originalText":"All Sliver creatures have poisonous 1. (Whenever a Sliver deals combat damage to a player, that player gets a poison counter. A player with ten or more poison counters loses the game.)","number":"2","rulings":[{"date":"2013-07-01","text":"Abilities that Slivers grant, as well as power/toughness boosts, are cumulative. However, for some abilities, like flying, having more than one instance of the ability doesn’t provide any additional benefit."},{"date":"2013-07-01","text":"If the creature type of a Sliver changes so it’s no longer a Sliver, it will no longer be affected by its own ability. Its ability will continue to affect other Sliver creatures."}],"imageName":"virulent sliver","foreignNames":[{"language":"Chinese Simplified","name":"猛毒裂片妖"},{"language":"French","name":"Slivoïde virulent"},{"language":"German","name":"Virulenter Remasuri"},{"language":"Italian","name":"Tramutante Virulento"},{"language":"Japanese","name":"悪性スリヴァー"},{"language":"Portuguese (Brazil)","name":"Fractius Virulento"},{"language":"Russian","name":"Ядовитая Щепка"},{"language":"Spanish","name":"Fragmentado virulento"}],"legalities":{"Modern":"Legal","Time Spiral Block":"Legal","Legacy":"Legal","Vintage":"Legal","Freeform":"Legal","Prismatic":"Legal","Tribal Wars Legacy":"Legal","Singleton 100":"Legal","Commander":"Legal"},"printings":["Future Sight","Premium Deck Series: Slivers"]},{"layout":"normal","type":"Land","types":["Land"],"multiverseid":208043,"name":"Vivid Creek","originalType":"Land","rarity":"Uncommon","artist":"Fred Fields","text":"Vivid Creek enters the battlefield tapped with two charge counters on it.\n{T}: Add {U} to your mana pool.\n{T}, Remove a charge counter from Vivid Creek: Add one mana of any color to your mana pool.","originalText":"Vivid Creek enters the battlefield tapped with two charge counters on it.\n{T}: Add {U} to your mana pool.\n{T}, Remove a charge counter from Vivid Creek: Add one mana of any color to your mana pool.","number":"35","imageName":"vivid creek","foreignNames":[{"language":"Chinese Traditional","name":"虹霓小溪"},{"language":"Chinese Simplified","name":"虹霓小溪"},{"language":"French","name":"Ruisseau éclatant"},{"language":"German","name":"Munterer Bach"},{"language":"Italian","name":"Torrente Iridescente"},{"language":"Japanese","name":"鮮烈な小川"},{"language":"Portuguese (Brazil)","name":"Riacho Vívido"},{"language":"Russian","name":"Радужный Ручей"},{"language":"Spanish","name":"Arroyo vívido"}],"legalities":{"Modern":"Legal","Lorwyn-Shadowmoor Block":"Legal","Legacy":"Legal","Vintage":"Legal","Freeform":"Legal","Prismatic":"Legal","Tribal Wars Legacy":"Legal","Singleton 100":"Legal","Commander":"Legal"},"printings":["Lorwyn","Premium Deck Series: Slivers","Magic: The Gathering-Commander","Planechase 2012 Edition","Modern Masters","Commander 2013 Edition"]},{"layout":"normal","type":"Land","types":["Land"],"multiverseid":207922,"name":"Vivid Grove","originalType":"Land","rarity":"Uncommon","artist":"Howard Lyon","text":"Vivid Grove enters the battlefield tapped with two charge counters on it.\n{T}: Add {G} to your mana pool.\n{T}, Remove a charge counter from Vivid Grove: Add one mana of any color to your mana pool.","originalText":"Vivid Grove enters the battlefield tapped with two charge counters on it.\n{T}: Add {G} to your mana pool.\n{T}, Remove a charge counter from Vivid Grove: Add one mana of any color to your mana pool.","number":"36","imageName":"vivid grove","foreignNames":[{"language":"Chinese Traditional","name":"虹霓樹叢"},{"language":"Chinese Simplified","name":"虹霓树丛"},{"language":"French","name":"Bosquet éclatant"},{"language":"German","name":"Munterer Hain"},{"language":"Italian","name":"Boschetto Iridescente"},{"language":"Japanese","name":"鮮烈な林"},{"language":"Portuguese (Brazil)","name":"Bosque Vívido"},{"language":"Russian","name":"Радужная Роща"},{"language":"Spanish","name":"Arboleda vívida"}],"legalities":{"Modern":"Legal","Lorwyn-Shadowmoor Block":"Legal","Legacy":"Legal","Vintage":"Legal","Freeform":"Legal","Prismatic":"Legal","Tribal Wars Legacy":"Legal","Singleton 100":"Legal","Commander":"Legal"},"printings":["Lorwyn","Premium Deck Series: Slivers","Magic: The Gathering-Commander","Modern Masters","Commander 2013 Edition"]},{"layout":"normal","type":"Enchantment","types":["Enchantment"],"colors":["Green"],"multiverseid":207929,"name":"Wild Pair","originalType":"Enchantment","cmc":6,"rarity":"Rare","artist":"Mark Brill","manaCost":"{4}{G}{G}","text":"Whenever a creature enters the battlefield, if you cast it from your hand, you may search your library for a creature card with the same total power and toughness and put it onto the battlefield. If you do, shuffle your library.","originalText":"Whenever a creature enters the battlefield, if you cast it from your hand, you may search your library for a creature card with the same total power and toughness, put it onto the battlefield, then shuffle your library.","number":"30","rulings":[{"date":"2007-02-01","text":"If you cast a 2/2 Grizzly Bears, for example, you may then search for any creature with total power and toughness 4. It can be 0/4, 1/3, 2/2, or 3/1."},{"date":"2007-02-01","text":"The game checks the power and toughness of the creature that just entered the battlefield as it exists on the battlefield. That might mean it's impossible to get another copy of that same card. For example, a Triskelion on the battlefield is 4/4, but a Triskelion in your library is 1/1. The power and toughness might also have been affected while the triggered ability was on the stack (such as with Giant Growth, Sudden Death, or Ovinize)."},{"date":"2007-02-01","text":"If the creature that entered the battlefield has left the battlefield by the time the ability resolves, use the power and toughness of that creature as it last appeared before leaving the battlefield."},{"date":"2007-02-01","text":"If the total power and toughness of the creature that entered the battlefield is less than 0 (due to Bewilder or Sudden Death, for example), it is treated as 0 by Wild Pair. For example, if a creature was -2/1, you could search for a creature with total power and toughness of 0. If either the power or toughness is less than 0, but the total is greater than 0, use the actual total. For example, if the creature is -1/3, you could search for a creature with total power and toughness of 2."}],"imageName":"wild pair","foreignNames":[{"language":"Chinese Simplified","name":"野性搭档"},{"language":"French","name":"Paire sauvage"},{"language":"German","name":"Wildes Paar"},{"language":"Italian","name":"Coppia Selvaggia"},{"language":"Japanese","name":"野生のつがい"},{"language":"Portuguese (Brazil)","name":"Dupla Selvagem"},{"language":"Russian","name":"Дикая Пара"},{"language":"Spanish","name":"Pareja salvaje"}],"legalities":{"Modern":"Legal","Time Spiral Block":"Legal","Legacy":"Legal","Vintage":"Legal","Freeform":"Legal","Prismatic":"Legal","Tribal Wars Legacy":"Legal","Singleton 100":"Legal","Commander":"Legal"},"printings":["Planar Chaos","Premium Deck Series: Slivers"]},{"layout":"normal","type":"Creature — Sliver","types":["Creature"],"colors":["Blue"],"multiverseid":207920,"name":"Winged Sliver","subtypes":["Sliver"],"originalType":"Creature — Sliver","cmc":2,"rarity":"Common","artist":"Anthony S. Waters","power":"1","toughness":"1","manaCost":"{1}{U}","text":"All Sliver creatures have flying.","originalText":"All Sliver creatures have flying.","flavor":"\"Everything around here has cut a deal with gravity.\"\n—Gerrard of the Weatherlight","number":"4","rulings":[{"date":"2013-07-01","text":"Abilities that Slivers grant, as well as power/toughness boosts, are cumulative. However, for some abilities, like flying, having more than one instance of the ability doesn’t provide any additional benefit."},{"date":"2013-07-01","text":"If the creature type of a Sliver changes so it’s no longer a Sliver, it will no longer be affected by its own ability. Its ability will continue to affect other Sliver creatures."}],"imageName":"winged sliver","legalities":{"Tempest Block":"Legal","Legacy":"Legal","Vintage":"Legal","Commander":"Legal"},"printings":["Tempest","Premium Deck Series: Slivers"]}]}