{"name":"Modern Event Deck 2014","code":"MD1","releaseDate":"2014-05-30","border":"black","type":"box","cards":[{"layout":"normal","type":"Creature — Kithkin Wizard","types":["Creature"],"colors":["White"],"multiverseid":382179,"name":"Burrenton Forge-Tender","subtypes":["Kithkin","Wizard"],"originalType":"Creature — Kithkin Wizard","cmc":1,"rarity":"Uncommon","artist":"Chuck Lukacs","power":"1","toughness":"1","manaCost":"{W}","text":"Protection from red\nSacrifice Burrenton Forge-Tender: Prevent all damage a red source of your choice would deal this turn.","originalText":"Protection from red\nSacrifice Burrenton Forge-Tender: Prevent all damage a red source of your choice would deal this turn.","flavor":"\"We are a clachan of smiths. The forge is as comfortable to us as a small fire during a cool winter's evening.\"","number":"22","rulings":[{"date":"2007-10-01","text":"If the red source you chose changes colors before the damage is dealt, the damage-prevention effect doesn't apply."}],"imageName":"burrenton forge-tender","foreignNames":[{"language":"Chinese Traditional","name":"布連屯守爐師"},{"language":"Chinese Simplified","name":"布连屯守炉师"},{"language":"French","name":"Veilleuse de la forge de Burrenton"},{"language":"German","name":"Essenmann aus Burrenton"},{"language":"Italian","name":"Forgiatrice di Burrenton"},{"language":"Japanese","name":"ブレンタンの炉の世話人"},{"language":"Portuguese (Brazil)","name":"Atendente da Forja de Burrenton"},{"language":"Russian","name":"Хозяйка Беррентонской Кузницы"},{"language":"Spanish","name":"Cuida forja de Búrrenton"}],"legalities":{"Modern":"Legal","Lorwyn-Shadowmoor Block":"Legal","Legacy":"Legal","Vintage":"Legal","Freeform":"Legal","Prismatic":"Legal","Tribal Wars Legacy":"Legal","Singleton 100":"Legal","Commander":"Legal"},"printings":["Lorwyn","Modern Event Deck 2014"]},{"layout":"normal","type":"Land","types":["Land"],"multiverseid":382180,"name":"Caves of Koilos","originalType":"Land","rarity":"Rare","artist":"Jim Nelson","text":"{T}: Add {1} to your mana pool.\n{T}: Add {W} or {B} to your mana pool. Caves of Koilos deals 1 damage to you.","originalText":"{T}: Add {1} to your mana pool.\n{T}: Add {W} or {B} to your mana pool. Caves of Koilos deals 1 damage to you.","number":"14","imageName":"caves of koilos","foreignNames":[{"language":"Chinese Simplified","name":"喀洛斯洞窟"},{"language":"Chinese Traditional","name":"喀洛斯洞窟"},{"language":"French","name":"Cavernes de Koïlos"},{"language":"German","name":"Höhlen von Koilos"},{"language":"Italian","name":"Caverne di Koilos"},{"language":"Japanese","name":"コイロスの洞窟"},{"language":"Korean","name":"코일로스의 동굴"},{"language":"Portuguese (Brazil)","name":"Cavernas de Koilos"},{"language":"Russian","name":"Пещеры Койлоса"},{"language":"Spanish","name":"Cuevas de Koilos"}],"legalities":{"Standard":"Legal","Modern":"Legal","Invasion Block":"Legal","Legacy":"Legal","Vintage":"Legal","Freeform":"Legal","Prismatic":"Legal","Tribal Wars Legacy":"Legal","Singleton 100":"Legal","Commander":"Legal"},"printings":["Apocalypse","Ninth Edition","Tenth Edition","Modern Event Deck 2014","Magic 2015 Core Set"]},{"layout":"normal","type":"Land","types":["Land"],"multiverseid":382181,"name":"City of Brass","originalType":"Land","rarity":"Rare","artist":"Jung Park","text":"Whenever City of Brass becomes tapped, it deals 1 damage to you.\n{T}: Add one mana of any color to your mana pool.","originalText":"Whenever City of Brass becomes tapped, it deals 1 damage to you.\n{T}: Add one mana of any color to your mana pool.","flavor":"\"There is much to learn here, but few can endure the ringing of the spires.\"\n—Nulakam the Archivist","number":"15","rulings":[{"date":"2004-10-04","text":"The first ability triggers no matter how the land becomes tapped."},{"date":"2004-10-04","text":"If you tap City of Brass while you are casting a spell or activating an ability, its ability will trigger and wait. When you finish casting that spell or activating that ability, City of Brass's triggered ability is put on the stack on top of it. City of Brass's ability will resolve first."},{"date":"2004-10-04","text":"On the other hand, you can tap City of Brass, put its triggered ability on the stack, and then respond to that ability by casting an instant or activating an ability using that mana. In that case, the instant spell or activated ability will resolve first."}],"imageName":"city of brass","foreignNames":[{"language":"French","name":"Cité d'airain"},{"language":"German","name":"Messingstadt"},{"language":"Italian","name":"Città d'Ottone"},{"language":"Portuguese (Brazil)","name":"Cidade de Bronze"},{"language":"Spanish","name":"Ciudad de bronce"}],"legalities":{"Modern":"Legal","Legacy":"Legal","Vintage":"Legal","Freeform":"Legal","Prismatic":"Legal","Tribal Wars Legacy":"Legal","Singleton 100":"Legal","Commander":"Legal"},"printings":["Arabian Nights","Chronicles","Fifth Edition","Classic Sixth Edition","Super Series","Seventh Edition","Eighth Edition","Masters Edition IV","Modern Masters","Modern Event Deck 2014"]},{"layout":"normal","type":"Instant","types":["Instant"],"colors":["Black"],"multiverseid":382182,"name":"Dismember","originalType":"Instant","cmc":3,"rarity":"Uncommon","artist":"Terese Nielsen","manaCost":"{1}{B/P}{B/P}","text":"({B/P} can be paid with either {B} or 2 life.)\nTarget creature gets -5/-5 until end of turn.","originalText":"({B/P} can be paid with either {B} or 2 life.)\nTarget creature gets -5/-5 until end of turn.","flavor":"\"You serve Phyrexia. Your pieces would better serve Phyrexia elsewhere.\"\n—Azax-Azog, the Demon Thane","number":"25","rulings":[{"date":"2011-06-01","text":"A card with Phyrexian mana symbols in its mana cost is each color that appears in that mana cost, regardless of how that cost may have been paid."},{"date":"2011-06-01","text":"To calculate the converted mana cost of a card with Phyrexian mana symbols in its cost, count each Phyrexian mana symbol as 1."},{"date":"2011-06-01","text":"As you cast a spell or activate an activated ability with one or more Phyrexian mana symbols in its cost, you choose how to pay for each Phyrexian mana symbol at the same time you would choose modes or choose a value for X."},{"date":"2011-06-01","text":"If you're at 1 life or less, you can't pay 2 life."},{"date":"2011-06-01","text":"Phyrexian mana is not a new color. Players can't add Phyrexian mana to their mana pools."}],"imageName":"dismember","foreignNames":[{"language":"Chinese Traditional","name":"肢解"},{"language":"Chinese Simplified","name":"肢解"},{"language":"French","name":"Dislocation"},{"language":"German","name":"Zergliedern"},{"language":"Italian","name":"Smembrare"},{"language":"Japanese","name":"四肢切断"},{"language":"Portuguese (Brazil)","name":"Desmembrar"},{"language":"Russian","name":"Расчленить"},{"language":"Spanish","name":"Desmembrar"}],"legalities":{"Modern":"Legal","Scars of Mirrodin Block":"Legal","Legacy":"Legal","Vintage":"Legal","Freeform":"Legal","Prismatic":"Legal","Tribal Wars Legacy":"Legal","Singleton 100":"Legal","Commander":"Legal"},"printings":["Friday Night Magic","New Phyrexia","Modern Event Deck 2014"]},{"layout":"normal","type":"Sorcery","types":["Sorcery"],"colors":["Black"],"multiverseid":382183,"name":"Duress","originalType":"Sorcery","cmc":1,"rarity":"Common","artist":"Steven Belledin","manaCost":"{B}","text":"Target opponent reveals his or her hand. You choose a noncreature, nonland card from it. That player discards that card.","originalText":"Target opponent reveals his or her hand. You choose a noncreature, nonland card from it. That player discards that card.","flavor":"\"It hurts more if you think about it.\"\n—Hooks, Cabal torturer","number":"23","imageName":"duress","foreignNames":[{"language":"Chinese Simplified","name":"逼从"},{"language":"Chinese Traditional","name":"逼從"},{"language":"French","name":"Contrainte"},{"language":"German","name":"Zwang"},{"language":"Italian","name":"Costrizione"},{"language":"Japanese","name":"強迫"},{"language":"Korean","name":"구속"},{"language":"Portuguese","name":"Coagir"},{"language":"Portuguese (Brazil)","name":"Coergir"},{"language":"Russian","name":"Насилие"},{"language":"Spanish","name":"Coacción"}],"legalities":{"Modern":"Legal","Urza Block":"Legal","Legacy":"Legal","Vintage":"Legal","Freeform":"Legal","Prismatic":"Legal","Tribal Wars Legacy":"Legal","Tribal Wars Standard":"Legal","Singleton 100":"Legal","Commander":"Legal"},"printings":["Media Inserts","Arena League","Urza's Saga","Friday Night Magic","Seventh Edition","Duel Decks: Divine vs. Demonic","Magic 2010","Magic 2011","Premium Deck Series: Graveborn","Magic 2013","Magic 2014 Core Set","Modern Event Deck 2014"]},{"layout":"normal","type":"Planeswalker — Elspeth","types":["Planeswalker"],"colors":["White"],"multiverseid":382184,"name":"Elspeth, Knight-Errant","subtypes":["Elspeth"],"originalType":"Planeswalker — Elspeth","cmc":4,"rarity":"Mythic Rare","artist":"Volkan Baga","loyalty":4,"manaCost":"{2}{W}{W}","text":"+1: Put a 1/1 white Soldier creature token onto the battlefield.\n+1: Target creature gets +3/+3 and gains flying until end of turn.\n−8: You get an emblem with \"Artifacts, creatures, enchantments, and lands you control have indestructible.\"","originalText":"+1: Put a 1/1 white Soldier creature token onto the battlefield.\n+1: Target creature gets +3/+3 and gains flying until end of turn.\n-8: You get an emblem with \"Artifacts, creatures, enchantments, and lands you control have indestructible.\"","number":"13","rulings":[{"date":"2011-01-01","text":"Emblems behave similarly to enchantments: They have an ability that, in a general sense, continually affects the game. The primary difference between them is that emblems aren't permanents and don't exist on the battlefield. Nothing in the game can remove an emblem, simply because no other spell or ability references them. Once you get an emblem, you keep it for the rest of the game. Emblems have no color, name, card type, or other characteristics beyond the listed ability"},{"date":"2013-07-01","text":"Lethal damage and effects that say \"destroy\" won't cause a permanent with indestructible to be put into the graveyard. However, a permanent with indestructible can be put into the graveyard for a number of reasons. The most likely reasons are if it's sacrificed, if it's a creature whose toughness is 0 or less, or if it's an Aura that's either unattached or attached to something illegal."},{"date":"2013-07-01","text":"Planeswalkers are permanents. You can cast one at the time you could cast a sorcery. When your planeswalker spell resolves, it enters the battlefield under your control."},{"date":"2013-07-01","text":"Planeswalkers are not creatures. Spells and abilities that affect creatures won’t affect them."},{"date":"2013-07-01","text":"Planeswalkers have loyalty. A planeswalker enters the battlefield with a number of loyalty counters on it equal to the number printed in its lower right corner. Activating one of its abilities may cause it to gain or lose loyalty counters. Damage dealt to a planeswalker causes that many loyalty counters to be removed from it. If it has no loyalty counters on it, it’s put into its owner’s graveyard as a state-based action."},{"date":"2013-07-01","text":"Planeswalkers each have a number of activated abilities called “loyalty abilities.” You can activate a loyalty ability of a planeswalker you control only at the time you could cast a sorcery and only if you haven’t activated one of that planeswalker’s loyalty abilities yet that turn."},{"date":"2013-07-01","text":"The cost to activate a planeswalker’s loyalty ability is represented by a symbol with a number inside. Up-arrows contain positive numbers, such as “+1”; this means “Put one loyalty counter on this planeswalker.” Down-arrows contain negative numbers, such as “-7”; this means “Remove seven loyalty counters from this planeswalker.” A symbol with a “0” means “Put zero loyalty counters on this planeswalker.”"},{"date":"2013-07-01","text":"You can’t activate a planeswalker’s ability with a negative loyalty cost unless the planeswalker has at least that many loyalty counters on it."},{"date":"2013-07-01","text":"Planeswalkers can’t attack (unless an effect turns the planeswalker into a creature). However, they can be attacked. Each of your attacking creatures can attack your opponent or a planeswalker that player controls. You say which as you declare attackers."},{"date":"2013-07-01","text":"If your planeswalkers are being attacked, you can block the attackers as normal."},{"date":"2013-07-01","text":"If a creature that’s attacking a planeswalker isn’t blocked, it’ll deal its combat damage to that planeswalker. Damage dealt to a planeswalker causes that many loyalty counters to be removed from it."},{"date":"2013-07-01","text":"If a source you control would deal noncombat damage to an opponent, you may have that source deal that damage to a planeswalker that opponent controls instead. For example, although you can’t target a planeswalker with Shock, you can target your opponent with Shock, and then as Shock resolves, choose to have Shock deal its 2 damage to one of your opponent’s planeswalkers. (You can’t split up that damage between different players and/or planeswalkers.) If you have Shock deal its damage to a planeswalker, two loyalty counters are removed from it."},{"date":"2013-07-01","text":"If a player controls two or more planeswalkers that share a planeswalker type, that player chooses one of them and the rest are put into their owners’ graveyards as a state-based action."}],"imageName":"elspeth, knight-errant","foreignNames":[{"language":"Chinese Simplified","name":"游侠艾紫培"},{"language":"French","name":"Elspeth, chevalière errante"},{"language":"German","name":"Elspeth, fahrende Ritterin"},{"language":"Italian","name":"Elspeth, Cavaliera Errante"},{"language":"Japanese","name":"遍歴の騎士、エルズペス"},{"language":"Portuguese (Brazil)","name":"Elspeth, Cavaleira Errante"},{"language":"Russian","name":"Элспет, Рыцарь-Странница"},{"language":"Spanish","name":"Elspeth, Caballero Errante"}],"legalities":{"Modern":"Legal","Shards of Alara Block":"Legal","Legacy":"Legal","Vintage":"Legal","Freeform":"Legal","Prismatic":"Legal","Tribal Wars Legacy":"Legal","Singleton 100":"Legal","Commander":"Legal"},"printings":["Shards of Alara","Duel Decks: Elspeth vs. Tezzeret","Modern Masters","Modern Event Deck 2014"]},{"layout":"normal","type":"Land","types":["Land"],"multiverseid":382185,"name":"Ghost Quarter","originalType":"Land","rarity":"Uncommon","artist":"Peter Mohrbacher","text":"{T}: Add {1} to your mana pool.\n{T}, Sacrifice Ghost Quarter: Destroy target land. Its controller may search his or her library for a basic land card, put it onto the battlefield, then shuffle his or her library.","originalText":"{T}: Add {1} to your mana pool.\n{T}, Sacrifice Ghost Quarter: Destroy target land. Its controller may search his or her library for a basic land card, put it onto the battlefield, then shuffle his or her library.","flavor":"Deserted, but not uninhabited.","number":"26","rulings":[{"date":"2006-05-01","text":"If you target Ghost Quarter with its own ability, the ability will be countered because its target is no longer on the battlefield. You won't get to search for a land card."},{"date":"2011-09-22","text":"If the targeted land is an illegal target by the time Ghost Quarter's ability resolves, it will be countered and none of its effects will happen. The land's controller won't get to search for a basic land card."},{"date":"2013-07-01","text":"The target land's controller gets to search for a basic land card even if that land wasn't destroyed by Ghost Quarter's ability. This may happen because the land has indestructible or because it was regenerated."}],"imageName":"ghost quarter","foreignNames":[{"language":"Chinese Simplified","name":"魂魅城区"},{"language":"Chinese Traditional","name":"魂魅城區"},{"language":"French","name":"Quartier fantôme"},{"language":"German","name":"Geisterviertel"},{"language":"Italian","name":"Quartiere Fantasma"},{"language":"Japanese","name":"幽霊街"},{"language":"Portuguese (Brazil)","name":"Quarteirão Fantasma"},{"language":"Russian","name":"Обиталище духов"},{"language":"Spanish","name":"Cuartel fantasmal"}],"legalities":{"Modern":"Legal","Innistrad Block":"Legal","Ravnica Block":"Legal","Legacy":"Legal","Vintage":"Legal","Freeform":"Legal","Prismatic":"Legal","Tribal Wars Legacy":"Legal","Tribal Wars Standard":"Legal","Singleton 100":"Legal","Commander":"Legal"},"printings":["Dissension","Innistrad","Modern Event Deck 2014","Commander 2014"]},{"layout":"normal","type":"Enchantment","types":["Enchantment"],"colors":["White"],"multiverseid":382186,"name":"Honor of the Pure","originalType":"Enchantment","cmc":2,"rarity":"Rare","artist":"Greg Staples","manaCost":"{1}{W}","text":"White creatures you control get +1/+1.","originalText":"White creatures you control get +1/+1.","flavor":"Together the soldiers were like a golden blade, cutting down their enemies and scarring the darkness.","number":"6","imageName":"honor of the pure","foreignNames":[{"language":"Chinese Simplified","name":"纯净荣耀"},{"language":"Chinese Traditional","name":"純淨榮耀"},{"language":"French","name":"Honneur des purs"},{"language":"German","name":"Ehre der Reinen"},{"language":"Italian","name":"Onore dei Puri"},{"language":"Japanese","name":"清浄の名誉"},{"language":"Portuguese (Brazil)","name":"Honra do Puro"},{"language":"Russian","name":"Благородство Непорочных"},{"language":"Spanish","name":"El honor de los puros"}],"legalities":{"Modern":"Legal","Legacy":"Legal","Vintage":"Legal","Freeform":"Legal","Prismatic":"Legal","Tribal Wars Legacy":"Legal","Singleton 100":"Legal","Commander":"Legal"},"printings":["Media Inserts","Magic 2010","Magic 2011","Magic 2012","Modern Event Deck 2014"]},{"layout":"normal","type":"Sorcery","types":["Sorcery"],"colors":["Black"],"multiverseid":382187,"name":"Inquisition of Kozilek","originalType":"Sorcery","cmc":1,"rarity":"Uncommon","artist":"Tomasz Jedruszek","manaCost":"{B}","text":"Target player reveals his or her hand. You choose a nonland card from it with converted mana cost 3 or less. That player discards that card.","originalText":"Target player reveals his or her hand. You choose a nonland card from it with converted mana cost 3 or less. That player discards that card.","flavor":"You will scream out your innermost secrets just to make it stop.","number":"4","rulings":[{"date":"2014-02-01","text":"If you target yourself with this spell, you must reveal your entire hand to the other players just as any other player would."}],"imageName":"inquisition of kozilek","foreignNames":[{"language":"Chinese Simplified","name":"寇基雷的审讯"},{"language":"French","name":"Inquisition de Kozilek"},{"language":"German","name":"Kozileks Inquisition"},{"language":"Italian","name":"Indagini di Kozilek"},{"language":"Japanese","name":"コジレックの審問"},{"language":"Portuguese (Brazil)","name":"Inquisição de Kozilek"},{"language":"Russian","name":"Инквизиция Козилека"},{"language":"Spanish","name":"Inquisición de Kozilek"}],"legalities":{"Modern":"Legal","Zendikar Block":"Legal","Legacy":"Legal","Vintage":"Legal","Freeform":"Legal","Prismatic":"Legal","Tribal Wars Legacy":"Legal","Singleton 100":"Legal","Commander":"Legal"},"printings":["Rise of the Eldrazi","Modern Event Deck 2014"]},{"layout":"normal","type":"Enchantment","types":["Enchantment"],"colors":["White"],"multiverseid":382188,"name":"Intangible Virtue","originalType":"Enchantment","cmc":2,"rarity":"Uncommon","artist":"Clint Cearley","manaCost":"{1}{W}","text":"Creature tokens you control get +1/+1 and have vigilance.","originalText":"Creature tokens you control get +1/+1 and have vigilance.","flavor":"In life, they were a motley crew: farmers, lords, cutpurses, priests. In death, they are united in singular, benevolent purpose.","number":"7","imageName":"intangible virtue","foreignNames":[{"language":"Chinese Traditional","name":"無形美善"},{"language":"Chinese Simplified","name":"无形美善"},{"language":"French","name":"Vertu intangible"},{"language":"German","name":"Unangreifbare Tugend"},{"language":"Italian","name":"Virtù Intoccabile"},{"language":"Japanese","name":"無形の美徳"},{"language":"Portuguese (Brazil)","name":"Virtude Intangível"},{"language":"Russian","name":"Неосязаемая Добродетель"},{"language":"Spanish","name":"Virtud intangible"}],"legalities":{"Modern":"Legal","Innistrad Block":"Banned","Legacy":"Legal","Vintage":"Legal","Freeform":"Legal","Prismatic":"Legal","Tribal Wars Legacy":"Legal","Tribal Wars Standard":"Legal","Singleton 100":"Legal","Commander":"Legal"},"printings":["Innistrad","Modern Event Deck 2014","Magic: The Gathering—Conspiracy"]},{"layout":"normal","type":"Land","types":["Land"],"multiverseid":382189,"name":"Isolated Chapel","originalType":"Land","rarity":"Rare","artist":"Cliff Childs","text":"Isolated Chapel enters the battlefield tapped unless you control a Plains or a Swamp.\n{T}: Add {W} or {B} to your mana pool.","originalText":"Isolated Chapel enters the battlefield tapped unless you control a Plains or a Swamp.\n{T}: Add {W} or {B} to your mana pool.","flavor":"Not every church is a place of faith.","number":"16","imageName":"isolated chapel","foreignNames":[{"language":"Chinese Traditional","name":"孤立禮拜堂"},{"language":"Chinese Simplified","name":"孤立礼拜堂"},{"language":"French","name":"Chapelle isolée"},{"language":"German","name":"Isolierte Kapelle"},{"language":"Italian","name":"Cappella Isolata"},{"language":"Japanese","name":"孤立した礼拝堂"},{"language":"Portuguese (Brazil)","name":"Capela Isolada"},{"language":"Russian","name":"Уединенная Часовня"},{"language":"Spanish","name":"Capilla aislada"}],"legalities":{"Modern":"Legal","Innistrad Block":"Legal","Legacy":"Legal","Vintage":"Legal","Freeform":"Legal","Prismatic":"Legal","Tribal Wars Legacy":"Legal","Tribal Wars Standard":"Legal","Singleton 100":"Legal","Commander":"Legal"},"printings":["Innistrad","Modern Event Deck 2014"]},{"layout":"normal","supertypes":["Legendary"],"type":"Legendary Creature — Spirit","types":["Creature"],"colors":["White"],"multiverseid":382190,"name":"Kataki, War's Wage","subtypes":["Spirit"],"originalType":"Legendary Creature — Spirit","cmc":2,"rarity":"Rare","artist":"Matt Thompson","power":"2","toughness":"1","manaCost":"{1}{W}","text":"All artifacts have \"At the beginning of your upkeep, sacrifice this artifact unless you pay {1}.\"","originalText":"All artifacts have \"At the beginning of your upkeep, sacrifice this artifact unless you pay {1}.\"","flavor":"\"Before the war, we prayed to Kataki to sharpen our swords and harden our armor. Without his blessing our weapons are all but useless against the kami hordes.\"\n—Kenzo the Hardhearted","number":"24","imageName":"kataki, war's wage","foreignNames":[{"language":"Chinese Simplified","name":"战仇祸汰奇"},{"language":"French","name":"Kataki, tribut de la guerre"},{"language":"German","name":"Kataki, Preis des Krieges"},{"language":"Italian","name":"Kataki, Frutto della Guerra"},{"language":"Japanese","name":"戦争の報い、禍汰奇"},{"language":"Portuguese (Brazil)","name":"Kataki, Soldo de Guerra"},{"language":"Spanish","name":"Kataki, el precio de la guerra"}],"legalities":{"Modern":"Legal","Kamigawa Block":"Legal","Legacy":"Legal","Vintage":"Legal","Freeform":"Legal","Prismatic":"Legal","Tribal Wars Legacy":"Legal","Singleton 100":"Legal","Commander":"Legal"},"printings":["Saviors of Kamigawa","Modern Masters","Modern Event Deck 2014"]},{"layout":"normal","type":"Sorcery","types":["Sorcery"],"colors":["White"],"multiverseid":382191,"name":"Lingering Souls","originalType":"Sorcery","cmc":3,"rarity":"Uncommon","artist":"Bud Cook","manaCost":"{2}{W}","text":"Put two 1/1 white Spirit creature tokens with flying onto the battlefield.\nFlashback {1}{B} (You may cast this card from your graveyard for its flashback cost. Then exile it.)","originalText":"Put two 1/1 white Spirit creature tokens with flying onto the battlefield.\nFlashback {1}{B} (You may cast this card from your graveyard for its flashback cost. Then exile it.)","flavor":"The murdered inhabitants of Hollowhenge impart to the living the terror they felt in death.","number":"11","imageName":"lingering souls","foreignNames":[{"language":"Chinese Traditional","name":"徘徊靈魂"},{"language":"Chinese Simplified","name":"徘徊灵魂"},{"language":"French","name":"Âmes persistantes"},{"language":"German","name":"Verweilende Seelen"},{"language":"Italian","name":"Anime Indugianti"},{"language":"Japanese","name":"未練ある魂"},{"language":"Korean","name":"잔존하는 영혼들"},{"language":"Portuguese (Brazil)","name":"Almas Penadas"},{"language":"Russian","name":"Задержавшиеся Души"},{"language":"Spanish","name":"Almas persistentes"}],"legalities":{"Modern":"Legal","Innistrad Block":"Banned","Legacy":"Legal","Vintage":"Legal","Freeform":"Legal","Prismatic":"Legal","Tribal Wars Legacy":"Legal","Tribal Wars Standard":"Legal","Singleton 100":"Legal","Commander":"Legal"},"printings":["Friday Night Magic","Dark Ascension","Duel Decks: Sorin vs. Tibalt","Modern Event Deck 2014"]},{"layout":"normal","type":"Instant","types":["Instant"],"colors":["White"],"multiverseid":382192,"name":"Path to Exile","originalType":"Instant","cmc":1,"rarity":"Uncommon","artist":"Todd Lockwood","manaCost":"{W}","text":"Exile target creature. Its controller may search his or her library for a basic land card, put that card onto the battlefield tapped, then shuffle his or her library.","originalText":"Exile target creature. Its controller may search his or her library for a basic land card, put that card onto the battlefield tapped, then shuffle his or her library.","number":"3","rulings":[{"date":"2009-02-01","text":"If the targeted creature becomes an illegal target by the time Path to Exile would resolve, the entire spell is countered. The creature's controller won't get to search for a basic land card."}],"imageName":"path to exile","foreignNames":[{"language":"Chinese Simplified","name":"流放之径"},{"language":"French","name":"Chemin vers l'exil"},{"language":"German","name":"Weg ins Exil"},{"language":"Italian","name":"Sentiero dell'Esilio"},{"language":"Japanese","name":"流刑への道"},{"language":"Portuguese (Brazil)","name":"Caminho para o Exílio"},{"language":"Russian","name":"Дорога Изгнания"},{"language":"Spanish","name":"Camino al exilio"}],"legalities":{"Modern":"Legal","Shards of Alara Block":"Legal","Legacy":"Legal","Vintage":"Legal","Freeform":"Legal","Prismatic":"Legal","Tribal Wars Legacy":"Legal","Singleton 100":"Legal","Commander":"Legal"},"printings":["WPN and Gateway","Conflux","Archenemy","Magic: The Gathering-Commander","Duel Decks: Venser vs. Koth","Modern Masters","Modern Event Deck 2014"]},{"layout":"normal","supertypes":["Basic"],"type":"Basic Land — Plains","types":["Land"],"multiverseid":382193,"name":"Plains","subtypes":["Plains"],"originalType":"Basic Land — Plains","rarity":"Basic Land","artist":"Adam Paquette","originalText":"W","number":"19","imageName":"plains","foreignNames":[{"language":"Chinese Simplified","name":"平原"},{"language":"Chinese Traditional","name":"平原"},{"language":"French","name":"Plaine"},{"language":"German","name":"Ebene"},{"language":"Italian","name":"Pianura"},{"language":"Japanese","name":"平地"},{"language":"Korean","name":"들"},{"language":"Portuguese (Brazil)","name":"Planície"},{"language":"Russian","name":"Равнины"},{"language":"Spanish","name":"Llanura"}],"legalities":{"Standard":"Legal","Modern":"Legal","Theros Block":"Legal","Return to Ravnica Block":"Legal","Innistrad Block":"Legal","Scars of Mirrodin Block":"Legal","Zendikar Block":"Legal","Shards of Alara Block":"Legal","Lorwyn-Shadowmoor Block":"Legal","Time Spiral Block":"Legal","Ravnica Block":"Legal","Kamigawa Block":"Legal","Mirrodin Block":"Legal","Onslaught Block":"Legal","Odyssey Block":"Legal","Invasion Block":"Legal","Masques Block":"Legal","Urza Block":"Legal","Tempest Block":"Legal","Mirage Block":"Legal","Ice Age Block":"Legal","Un-Sets":"Legal","Legacy":"Legal","Vintage":"Legal","Freeform":"Legal","Prismatic":"Legal","Tribal Wars Legacy":"Legal","Tribal Wars Standard":"Legal","Singleton 100":"Legal","Commander":"Legal"},"printings":["Limited Edition Alpha","Limited Edition Beta","Unlimited Edition","Revised Edition","Fourth Edition","Ice Age","Rivals Quick Start Set","Arena League","Mirage","Introductory Two-Player Set","Fifth Edition","Portal","Prerelease Events","Tempest","Portal Second Age","Judge Gift Program","Unglued","Asia Pacific Land Program","Urza's Saga","Anthologies","Classic Sixth Edition","Portal Three Kingdoms","Starter 1999","Guru","Mercadian Masques","Battle Royale Box Set","European Land Program","Starter 2000","Invasion","Seventh Edition","Odyssey","Onslaught","Eighth Edition","Mirrodin","Champions of Kamigawa","Unhinged","Ninth Edition","Ravnica: City of Guilds","Coldsnap Theme Decks","Time Spiral","Tenth Edition","Masters Edition","Lorwyn","Shadowmoor","Shards of Alara","Duel Decks: Divine vs. Demonic","Magic 2010","Planechase","Masters Edition III","Zendikar","Premium Deck Series: Slivers","Duel Decks: Phyrexia vs. the Coalition","Rise of the Eldrazi","Archenemy","Magic 2011","Duel Decks: Elspeth vs. Tezzeret","Scars of Mirrodin","Mirrodin Besieged","Duel Decks: Knights vs. Dragons","New Phyrexia","Magic: The Gathering-Commander","Magic 2012","Duel Decks: Ajani vs. Nicol Bolas","Innistrad","Duel Decks: Venser vs. Koth","Avacyn Restored","Planechase 2012 Edition","Magic 2013","Return to Ravnica","Duel Decks: Sorin vs. Tibalt","Magic 2014 Core Set","Duel Decks: Heroes vs. Monsters","Theros","Commander 2013 Edition","Modern Event Deck 2014","Magic 2015 Core Set","Duel Decks: Speed vs. Cunning","Khans of Tarkir","Commander 2014","Fate Reforged"]},{"layout":"normal","type":"Instant","types":["Instant"],"colors":["White"],"multiverseid":382194,"name":"Raise the Alarm","originalType":"Instant","cmc":2,"rarity":"Common","artist":"John Matson","manaCost":"{1}{W}","text":"Put two 1/1 white Soldier creature tokens onto the battlefield.","originalText":"Put two 1/1 white Soldier creature tokens onto the battlefield.","flavor":"\"The nim raid our homes without warning. We must defend our homes without hesitation.\"","number":"8","imageName":"raise the alarm","foreignNames":[{"language":"Chinese Simplified","name":"扬起警报"},{"language":"Chinese Traditional","name":"揚起警報"},{"language":"French","name":"Sonner l'alerte"},{"language":"German","name":"Alarmschlagen"},{"language":"Italian","name":"Dare l'Allarme"},{"language":"Japanese","name":"急報"},{"language":"Korean","name":"경보 발동"},{"language":"Portuguese (Brazil)","name":"Soar o Alarme"},{"language":"Russian","name":"Поднять Тревогу"},{"language":"Spanish","name":"Dar la alarma"}],"legalities":{"Standard":"Legal","Modern":"Legal","Mirrodin Block":"Legal","Legacy":"Legal","Vintage":"Legal","Freeform":"Legal","Prismatic":"Legal","Tribal Wars Legacy":"Legal","Singleton 100":"Legal","Commander":"Legal"},"printings":["Mirrodin","Duel Decks: Elspeth vs. Tezzeret","Modern Event Deck 2014","Magic 2015 Core Set"]},{"layout":"normal","type":"Artifact","types":["Artifact"],"multiverseid":382195,"name":"Relic of Progenitus","originalType":"Artifact","cmc":1,"rarity":"Uncommon","artist":"Jean-Sébastien Rossbach","manaCost":"{1}","text":"{T}: Target player exiles a card from his or her graveyard.\n{1}, Exile Relic of Progenitus: Exile all cards from all graveyards. Draw a card.","originalText":"{T}: Target player exiles a card from his or her graveyard.\n{1}, Exile Relic of Progenitus: Exile all cards from all graveyards. Draw a card.","flavor":"Elves believe the hydra-god Progenitus sleeps beneath Naya, feeding on forgotten magics.","number":"21","rulings":[{"date":"2008-10-01","text":"If you activate the first ability, the targeted player chooses which card to exile. The choice is made as the ability resolves."},{"date":"2008-10-01","text":"You can activate the second ability even if no players have any cards in their graveyards. You'll still draw a card."}],"imageName":"relic of progenitus","foreignNames":[{"language":"Chinese Simplified","name":"祖神兽遗宝"},{"language":"French","name":"Relique de Progénitus"},{"language":"German","name":"Reliquie von Progenitus"},{"language":"Italian","name":"Reliquia del Progenitus"},{"language":"Japanese","name":"大祖始の遺産"},{"language":"Portuguese (Brazil)","name":"Relíquia de Progenitus"},{"language":"Russian","name":"Реликт Прародителя"},{"language":"Spanish","name":"Reliquia de Progenitus"}],"legalities":{"Modern":"Legal","Shards of Alara Block":"Legal","Legacy":"Legal","Vintage":"Legal","Freeform":"Legal","Prismatic":"Legal","Tribal Wars Legacy":"Legal","Singleton 100":"Legal","Commander":"Legal"},"printings":["Shards of Alara","Planechase","Modern Masters","Modern Event Deck 2014"]},{"layout":"normal","type":"Artifact","types":["Artifact"],"multiverseid":382196,"name":"Shrine of Loyal Legions","originalType":"Artifact","cmc":2,"rarity":"Uncommon","artist":"Igor Kieryluk","manaCost":"{2}","text":"At the beginning of your upkeep or whenever you cast a white spell, put a charge counter on Shrine of Loyal Legions.\n{3}, {T}, Sacrifice Shrine of Loyal Legions: Put a 1/1 colorless Myr artifact creature token onto the battlefield for each charge counter on Shrine of Loyal Legions.","originalText":"At the beginning of your upkeep or whenever you cast a white spell, put a charge counter on Shrine of Loyal Legions.\n{3}, {T}, Sacrifice Shrine of Loyal Legions: Put a 1/1 colorless Myr artifact creature token onto the battlefield for each charge counter on Shrine of Loyal Legions.","number":"5","imageName":"shrine of loyal legions","foreignNames":[{"language":"Chinese Traditional","name":"忠貞軍團祭祠"},{"language":"Chinese Simplified","name":"忠贞军团祭祠"},{"language":"French","name":"Reliquaire des Loyales légions"},{"language":"German","name":"Schrein der loyalen Legionen"},{"language":"Italian","name":"Santuario delle Legioni Fedeli"},{"language":"Japanese","name":"忠実な軍勢の祭殿"},{"language":"Portuguese (Brazil)","name":"Santuário das Legiões Leais"},{"language":"Russian","name":"Святыня Верных Легионов"},{"language":"Spanish","name":"Altar de las legiones leales"}],"legalities":{"Modern":"Legal","Scars of Mirrodin Block":"Legal","Legacy":"Legal","Vintage":"Legal","Freeform":"Legal","Prismatic":"Legal","Tribal Wars Legacy":"Legal","Singleton 100":"Legal","Commander":"Legal"},"printings":["New Phyrexia","Modern Event Deck 2014"]},{"layout":"normal","type":"Creature — Human Cleric","types":["Creature"],"colors":["White"],"multiverseid":382197,"name":"Soul Warden","subtypes":["Human","Cleric"],"originalType":"Creature — Human Cleric","cmc":1,"rarity":"Common","artist":"Randy Gallegos","power":"1","toughness":"1","manaCost":"{W}","text":"Whenever another creature enters the battlefield, you gain 1 life.","originalText":"Whenever another creature enters the battlefield, you gain 1 life.","flavor":"\"One does not question the size or shape of the grains of sand in an hourglass. Nor do I question the temperament of the souls under my guidance.\"","number":"1","rulings":[{"date":"2004-10-04","text":"Does not trigger on a card on the battlefield being changed into a creature."},{"date":"2004-10-04","text":"The ability will not trigger on itself entering the battlefield, but it will trigger on any other creature that is put onto the battlefield at the same time."},{"date":"2005-08-01","text":"Two Soul Wardens entering the battlefield at the same time will each cause the other's ability to trigger."},{"date":"2005-08-01","text":"The life gain is mandatory."}],"imageName":"soul warden","foreignNames":[{"language":"Chinese Simplified","name":"护灵师"},{"language":"Chinese Traditional","name":"護靈師"},{"language":"French","name":"Garde des âmes"},{"language":"German","name":"Seelenwächter"},{"language":"Italian","name":"Guardiano dell'Anima"},{"language":"Japanese","name":"魂の管理人"},{"language":"Portuguese (Brazil)","name":"Encarregado das Almas"},{"language":"Russian","name":"Страж души"},{"language":"Spanish","name":"Protectora de almas"}],"legalities":{"Modern":"Legal","Tempest Block":"Legal","Legacy":"Legal","Vintage":"Legal","Freeform":"Legal","Prismatic":"Legal","Tribal Wars Legacy":"Legal","Singleton 100":"Legal","Commander":"Legal"},"printings":["Exodus","Battle Royale Box Set","Ninth Edition","Tenth Edition","Magic 2010","Planechase","Modern Event Deck 2014"]},{"layout":"normal","type":"Sorcery","types":["Sorcery"],"colors":["White"],"multiverseid":382198,"name":"Spectral Procession","originalType":"Sorcery","cmc":6,"rarity":"Uncommon","artist":"Tomasz Jedruszek","manaCost":"{2/W}{2/W}{2/W}","text":"Put three 1/1 white Spirit creature tokens with flying onto the battlefield.","originalText":"Put three 1/1 white Spirit creature tokens with flying onto the battlefield.","flavor":"\"I need never remember my past associates, my victims, my mistakes. Innistrad preserves them all for me.\"\n—Sorin Markov","number":"12","rulings":[{"date":"2008-05-01","text":"If an effect reduces the cost to cast a spell by an amount of generic mana, it applies to a monocolored hybrid spell only if you've chosen a method of paying for it that includes generic mana."},{"date":"2008-05-01","text":"A card with a monocolored hybrid mana symbol in its mana cost is each of the colors that appears in its mana cost, regardless of what mana was spent to cast it. Thus, Spectral Procession is white even if you spend six blue mana to cast it."},{"date":"2008-05-01","text":"A card with monocolored hybrid mana symbols in its mana cost has a converted mana cost equal to the highest possible cost it could be cast for. Its converted mana cost never changes. Thus, Spectral Procession has a converted mana cost of 6, even if you spend {W}{W}{W} to cast it."},{"date":"2008-05-01","text":"If a cost includes more than one monocolored hybrid mana symbol, you can choose a different way to pay for each symbol. For example, you can pay for Spectral Procession by spending {W}{W}{W}, {2}{W}{W}, {4}{W}, or {6}."}],"imageName":"spectral procession","foreignNames":[{"language":"Chinese Simplified","name":"幽灵行列"},{"language":"French","name":"Procession spectrale"},{"language":"German","name":"Geisterprozession"},{"language":"Italian","name":"Processione Spettrale"},{"language":"Japanese","name":"幽体の行列"},{"language":"Portuguese (Brazil)","name":"Procissão Espectral"},{"language":"Russian","name":"Призрачная Процессия"},{"language":"Spanish","name":"Procesión espectral"}],"legalities":{"Modern":"Legal","Lorwyn-Shadowmoor Block":"Legal","Legacy":"Legal","Vintage":"Legal","Freeform":"Legal","Prismatic":"Legal","Tribal Wars Legacy":"Legal","Singleton 100":"Legal","Commander":"Legal"},"printings":["Shadowmoor","Duel Decks: Sorin vs. Tibalt","Modern Event Deck 2014","Commander 2014"]},{"layout":"normal","supertypes":["Basic"],"type":"Basic Land — Swamp","types":["Land"],"multiverseid":382199,"name":"Swamp","subtypes":["Swamp"],"originalType":"Basic Land — Swamp","rarity":"Basic Land","artist":"Adam Paquette","originalText":"B","number":"20","imageName":"swamp","foreignNames":[{"language":"Chinese Simplified","name":"沼泽"},{"language":"Chinese Traditional","name":"沼澤"},{"language":"French","name":"Marais"},{"language":"German","name":"Sumpf"},{"language":"Italian","name":"Palude"},{"language":"Japanese","name":"沼"},{"language":"Korean","name":"늪"},{"language":"Portuguese (Brazil)","name":"Pântano"},{"language":"Russian","name":"Болото"},{"language":"Spanish","name":"Pantano"}],"legalities":{"Standard":"Legal","Modern":"Legal","Theros Block":"Legal","Return to Ravnica Block":"Legal","Innistrad Block":"Legal","Scars of Mirrodin Block":"Legal","Zendikar Block":"Legal","Shards of Alara Block":"Legal","Lorwyn-Shadowmoor Block":"Legal","Time Spiral Block":"Legal","Ravnica Block":"Legal","Kamigawa Block":"Legal","Mirrodin Block":"Legal","Onslaught Block":"Legal","Odyssey Block":"Legal","Invasion Block":"Legal","Masques Block":"Legal","Urza Block":"Legal","Tempest Block":"Legal","Mirage Block":"Legal","Ice Age Block":"Legal","Un-Sets":"Legal","Legacy":"Legal","Vintage":"Legal","Freeform":"Legal","Prismatic":"Legal","Tribal Wars Legacy":"Legal","Tribal Wars Standard":"Legal","Singleton 100":"Legal","Commander":"Legal"},"printings":["Limited Edition Alpha","Limited Edition Beta","Unlimited Edition","Revised Edition","Fourth Edition","Ice Age","Rivals Quick Start Set","Arena League","Mirage","Introductory Two-Player Set","Fifth Edition","Portal","Tempest","Judge Gift Program","Portal Second Age","Unglued","Asia Pacific Land Program","Urza's Saga","Anthologies","Classic Sixth Edition","Portal Three Kingdoms","Starter 1999","Guru","Mercadian Masques","Battle Royale Box Set","European Land Program","Starter 2000","Beatdown Box Set","Invasion","Seventh Edition","Odyssey","Deckmasters","Onslaught","Eighth Edition","Mirrodin","Champions of Kamigawa","Unhinged","Ninth Edition","Ravnica: City of Guilds","Coldsnap Theme Decks","Time Spiral","Tenth Edition","Masters Edition","Lorwyn","Shadowmoor","Shards of Alara","Duel Decks: Divine vs. Demonic","Magic 2010","Planechase","Masters Edition III","Zendikar","Duel Decks: Garruk vs. Liliana","Premium Deck Series: Slivers","Duel Decks: Phyrexia vs. the Coalition","Rise of the Eldrazi","Duels of the Planeswalkers","Archenemy","Magic 2011","Scars of Mirrodin","Mirrodin Besieged","New Phyrexia","Magic: The Gathering-Commander","Magic 2012","Duel Decks: Ajani vs. Nicol Bolas","Innistrad","Premium Deck Series: Graveborn","Avacyn Restored","Planechase 2012 Edition","Magic 2013","Duel Decks: Izzet vs. Golgari","Return to Ravnica","Duel Decks: Sorin vs. Tibalt","Magic 2014 Core Set","Theros","Commander 2013 Edition","Duel Decks: Jace vs. Vraska","Modern Event Deck 2014","Magic 2015 Core Set","Duel Decks: Speed vs. Cunning","Khans of Tarkir","Commander 2014","Fate Reforged"]},{"layout":"normal","type":"Artifact — Equipment","types":["Artifact"],"multiverseid":382200,"name":"Sword of Feast and Famine","subtypes":["Equipment"],"originalType":"Artifact — Equipment","cmc":3,"rarity":"Mythic Rare","artist":"Chris Rahn","manaCost":"{3}","text":"Equipped creature gets +2/+2 and has protection from black and from green.\nWhenever equipped creature deals combat damage to a player, that player discards a card and you untap all lands you control.\nEquip {2}","originalText":"Equipped creature gets +2/+2 and has protection from black and from green.\nWhenever equipped creature deals combat damage to a player, that player discards a card and you untap all lands you control.\nEquip {2}","number":"10","rulings":[{"date":"2011-06-01","text":"You'll untap all lands you control even if the player doesn't discard a card."}],"imageName":"sword of feast and famine","foreignNames":[{"language":"Chinese Traditional","name":"豐饉劍"},{"language":"Chinese Simplified","name":"丰馑剑"},{"language":"French","name":"Épée de Festin et de Famine"},{"language":"German","name":"Schwert aus Schmaus und Hunger"},{"language":"Italian","name":"Spada di Abbondanza e Carestia"},{"language":"Japanese","name":"饗宴と飢餓の剣"},{"language":"Portuguese (Brazil)","name":"Espada de Banquete e Fome"},{"language":"Russian","name":"Меч Пиршества и Голода"},{"language":"Spanish","name":"Espada de abundancia y escasez"}],"legalities":{"Modern":"Legal","Scars of Mirrodin Block":"Legal","Legacy":"Legal","Vintage":"Legal","Freeform":"Legal","Prismatic":"Legal","Tribal Wars Legacy":"Legal","Singleton 100":"Legal","Commander":"Legal"},"printings":["Judge Gift Program","Mirrodin Besieged","Modern Event Deck 2014"]},{"layout":"normal","type":"Artifact Creature — Zombie","types":["Artifact","Creature"],"colors":["White","Black"],"multiverseid":382201,"name":"Tidehollow Sculler","subtypes":["Zombie"],"originalType":"Artifact Creature — Zombie","cmc":2,"rarity":"Uncommon","artist":"rk post","power":"2","toughness":"2","manaCost":"{W}{B}","text":"When Tidehollow Sculler enters the battlefield, target opponent reveals his or her hand and you choose a nonland card from it. Exile that card.\nWhen Tidehollow Sculler leaves the battlefield, return the exiled card to its owner's hand.","originalText":"When Tidehollow Sculler enters the battlefield, target opponent reveals his or her hand and you choose a nonland card from it. Exile that card.\nWhen Tidehollow Sculler leaves the battlefield, return the exiled card to its owner's hand.","number":"2","rulings":[{"date":"2013-06-07","text":"If Tidehollow Sculler leaves the battlefield before its first ability has resolved, its second ability will trigger. This ability will do nothing when it resolves. Then its first ability will resolve and exile the chosen card forever."}],"imageName":"tidehollow sculler","foreignNames":[{"language":"Chinese Simplified","name":"潮窟渡船夫"},{"language":"French","name":"Passeur de la Mer creuse"},{"language":"German","name":"Ruderer der Gezeitenleere"},{"language":"Italian","name":"Rematore di Mareacava"},{"language":"Japanese","name":"潮の虚ろの漕ぎ手"},{"language":"Portuguese (Brazil)","name":"Remador da Grota das Marés"},{"language":"Russian","name":"Кормчий Приливных Пещер"},{"language":"Spanish","name":"Barquero de Marea Hueca"}],"legalities":{"Modern":"Legal","Shards of Alara Block":"Legal","Legacy":"Legal","Vintage":"Legal","Freeform":"Legal","Prismatic":"Legal","Tribal Wars Legacy":"Legal","Singleton 100":"Legal","Commander":"Legal"},"printings":["Friday Night Magic","Shards of Alara","Modern Masters","Modern Event Deck 2014"]},{"layout":"normal","type":"Land","types":["Land"],"multiverseid":382202,"name":"Vault of the Archangel","originalType":"Land","rarity":"Rare","artist":"John Avon","text":"{T}: Add {1} to your mana pool.\n{2}{W}{B}, {T}: Creatures you control gain deathtouch and lifelink until end of turn.","originalText":"{T}: Add {1} to your mana pool.\n{2}{W}{B}, {T}: Creatures you control gain deathtouch and lifelink until end of turn.","flavor":"\"For centuries my creation kept this world in balance. Now only her shadow remains.\"\n—Sorin Markov","number":"17","rulings":[{"date":"2011-01-22","text":"Vault of the Archangel's last ability affects only creatures you control when that ability resolves. It won't affect creatures that come under your control later in the turn."},{"date":"2011-01-22","text":"Multiple instances of deathtouch or lifelink on the same creature are redundant."}],"imageName":"vault of the archangel","foreignNames":[{"language":"Chinese Simplified","name":"大天使地窖"},{"language":"Chinese Traditional","name":"大天使地窖"},{"language":"French","name":"Caveau de l'archange"},{"language":"German","name":"Gruft des Erzengels"},{"language":"Italian","name":"Cripta dell'Arcangelo"},{"language":"Japanese","name":"大天使の霊堂"},{"language":"Korean","name":"대천사의 지하실"},{"language":"Portuguese (Brazil)","name":"Câmara do Arcanjo"},{"language":"Russian","name":"Подземелье Архангела"},{"language":"Spanish","name":"Bóveda del arcángel"}],"legalities":{"Modern":"Legal","Innistrad Block":"Legal","Legacy":"Legal","Vintage":"Legal","Freeform":"Legal","Prismatic":"Legal","Tribal Wars Legacy":"Legal","Tribal Wars Standard":"Legal","Singleton 100":"Legal","Commander":"Legal"},"printings":["Dark Ascension","Modern Event Deck 2014"]},{"layout":"normal","type":"Land","types":["Land"],"multiverseid":382203,"name":"Windbrisk Heights","originalType":"Land","rarity":"Rare","artist":"Omar Rayyan","text":"Hideaway (This land enters the battlefield tapped. When it does, look at the top four cards of your library, exile one face down, then put the rest on the bottom of your library.)\n{T}: Add {W} to your mana pool.\n{W}, {T}: You may play the exiled card without paying its mana cost if you attacked with three or more creatures this turn.","originalText":"Hideaway (This land enters the battlefield tapped. When it does, look at the top four cards of your library, exile one face down, then put the rest on the bottom of your library.)\n{T}: Add {W} to your mana pool.\n{W}, {T}: You may play the exiled card without paying its mana cost if you attacked with three or more creatures this turn.","number":"18","rulings":[{"date":"2007-10-01","text":"At the time the ability resolves, you'll get to play the card if you declared three different creatures as attackers at any point in the turn. A creature declared as an attacker in two different attack phases counts only once. A creature that entered the battlefield attacking (such as a token created by Militia's Pride) doesn't count because you never attacked with it."}],"imageName":"windbrisk heights","foreignNames":[{"language":"Chinese Traditional","name":"迅風高地"},{"language":"Chinese Simplified","name":"迅风高地"},{"language":"French","name":"Hauts de Ventabrupt"},{"language":"German","name":"Hurtigwindhöhen"},{"language":"Italian","name":"Alture di Vento Pungente"},{"language":"Japanese","name":"風立ての高地"},{"language":"Portuguese (Brazil)","name":"Cumes dos Ventos Velozes"},{"language":"Russian","name":"Высоты Свежего Ветра"},{"language":"Spanish","name":"Cumbres viento vigorizante"}],"legalities":{"Modern":"Legal","Lorwyn-Shadowmoor Block":"Legal","Legacy":"Legal","Vintage":"Legal","Freeform":"Legal","Prismatic":"Legal","Tribal Wars Legacy":"Legal","Singleton 100":"Legal","Commander":"Legal"},"printings":["Lorwyn","From the Vault: Realms","Modern Event Deck 2014"]},{"layout":"normal","type":"Instant","types":["Instant"],"colors":["White","Black"],"multiverseid":382204,"name":"Zealous Persecution","originalType":"Instant","cmc":2,"rarity":"Uncommon","artist":"Christopher Moeller","manaCost":"{W}{B}","text":"Until end of turn, creatures you control get +1/+1 and creatures your opponents control get -1/-1.","originalText":"Until end of turn, creatures you control get +1/+1 and creatures your opponents control get -1/-1.","flavor":"\"Jharic returned from Grixis changed, a haunted look in her eyes. She destroyed them with an unholy glee that made me shudder.\"\n—Knight-Captain Wyhorn","number":"9","imageName":"zealous persecution","foreignNames":[{"language":"Chinese Simplified","name":"狂热压迫"},{"language":"French","name":"Persécution zélée"},{"language":"German","name":"Fanatische Verfolgung"},{"language":"Italian","name":"Persecuzione Zelante"},{"language":"Japanese","name":"盲信的迫害"},{"language":"Portuguese (Brazil)","name":"Perseguição Fervorosa"},{"language":"Russian","name":"Ярое Гонение"},{"language":"Spanish","name":"Persecusión ferviente"}],"legalities":{"Modern":"Legal","Shards of Alara Block":"Legal","Legacy":"Legal","Vintage":"Legal","Freeform":"Legal","Prismatic":"Legal","Tribal Wars Legacy":"Legal","Singleton 100":"Legal","Commander":"Legal"},"printings":["Alara Reborn","Duel Decks: Sorin vs. Tibalt","Modern Event Deck 2014"]}]}