{"name":"Multiverse Gift Box","code":"MGB","magicRaritiesCodes":"145-rarities-multiverse-gift-box-cards","releaseDate":"1996-11-01","border":"black","type":"box","cards":[{"layout":"normal","type":"Creature — Elephant","types":["Creature"],"colors":["Green"],"name":"Bull Elephant","rarity":"Special","subtypes":["Elephant"],"power":"4","toughness":"4","cmc":4,"manaCost":"{3}{G}","text":"When Bull Elephant enters the battlefield, sacrifice it unless you return two Forests you control to their owner's hand.","flavor":"Four gray trees and a long, coiling snake. What am I? —Zhalfirin riddle","artist":"Steve White","legalities":{"Mirage Block":"Legal","Legacy":"Legal","Vintage":"Legal","Freeform":"Legal","Prismatic":"Legal","Tribal Wars Legacy":"Legal","Singleton 100":"Legal","Commander":"Legal"},"imageName":"bull elephant","printings":["Multiverse Gift Box","Visions"]},{"layout":"normal","type":"Enchantment — Aura","types":["Enchantment"],"colors":["Black"],"name":"Dark Privilege","rarity":"Special","subtypes":["Aura"],"cmc":2,"manaCost":"{1}{B}","text":"Enchant creature\nEnchanted creature gets +1/+1.\nSacrifice a creature: Regenerate enchanted creature.","flavor":"\"As you breathe your last, understand why I accept such forbidden gifts.\"\n—Purraj of Urborg","artist":"Tom Kyffin","legalities":{"Mirage Block":"Legal","Legacy":"Legal","Vintage":"Legal","Freeform":"Legal","Prismatic":"Legal","Tribal Wars Legacy":"Legal","Singleton 100":"Legal","Commander":"Legal"},"imageName":"dark privilege","printings":["Multiverse Gift Box","Visions"]},{"layout":"normal","type":"Creature — Cat","types":["Creature"],"colors":["Green"],"name":"King Cheetah","rarity":"Special","subtypes":["Cat"],"power":"3","toughness":"2","cmc":4,"manaCost":"{3}{G}","text":"Flash","flavor":"If you find yourself and a friend being chased by a king cheetah, you have but one chance: Trip your friend. —Suq'Ata wisdom","artist":"Terese Nielsen","rulings":[{"date":"2005-08-01","text":"King Cheetah is always a Creature spell, never an instant, regardless of when you cast it."}],"legalities":{"Modern":"Legal","Mirage Block":"Legal","Legacy":"Legal","Vintage":"Legal","Freeform":"Legal","Prismatic":"Legal","Tribal Wars Legacy":"Legal","Singleton 100":"Legal","Commander":"Legal"},"foreignNames":[{"language":"Chinese Simplified","name":"帝王猎豹"},{"language":"French","name":"Guépard royal"},{"language":"German","name":"Königsgepard"},{"language":"Italian","name":"Ghepardo Reale"},{"language":"Japanese","name":"キング・チータ"},{"language":"Portuguese (Brazil)","name":"Guepardo Rei"},{"language":"Russian","name":"Король гепардов"},{"language":"Spanish","name":"Rey guepardo"}],"imageName":"king cheetah","printings":["Multiverse Gift Box","Visions","Ninth Edition"]},{"layout":"normal","type":"Creature — Zombie Giant","types":["Creature"],"colors":["Black"],"name":"Necrosavant","rarity":"Special","subtypes":["Zombie","Giant"],"power":"5","toughness":"5","cmc":6,"manaCost":"{3}{B}{B}{B}","text":"{3}{B}{B}, Sacrifice a creature: Return Necrosavant from your graveyard to the battlefield. Activate this ability only during your upkeep.","flavor":"\"Ah, I remember my first death.\"\n—Zarkuu, necrosavant","artist":"John Coulthart","rulings":[{"date":"2004-10-04","text":"The ability is activated while this card is in the graveyard."}],"legalities":{"Mirage Block":"Legal","Legacy":"Legal","Vintage":"Legal","Freeform":"Legal","Prismatic":"Legal","Tribal Wars Legacy":"Legal","Singleton 100":"Legal","Commander":"Legal"},"imageName":"necrosavant","printings":["Multiverse Gift Box","Visions","Classic Sixth Edition"]},{"layout":"normal","type":"Creature — Human Wizard","types":["Creature"],"colors":["Blue"],"name":"Ovinomancer","rarity":"Special","subtypes":["Human","Wizard"],"power":"0","toughness":"1","cmc":3,"manaCost":"{2}{U}","text":"When Ovinomancer enters the battlefield, sacrifice it unless you return three basic lands you control to their owner's hand.\n{T}, Return Ovinomancer to its owner's hand: Destroy target creature. It can't be regenerated. That creature's controller puts a 0/1 green Sheep creature token onto the battlefield.","artist":"Kevin Walker","rulings":[{"date":"2004-10-04","text":"Can target itself. This will cause it to be returned to your hand during announcement and will result in no sheep since it will not be on the battlefield at resolution so the effect fails since it target is illegal."}],"legalities":{"Modern":"Legal","Time Spiral Block":"Legal","Mirage Block":"Legal","Legacy":"Legal","Vintage":"Legal","Freeform":"Legal","Prismatic":"Legal","Tribal Wars Legacy":"Legal","Singleton 100":"Legal","Commander":"Legal"},"foreignNames":[{"language":"Chinese Simplified","name":"羊化术师"},{"language":"French","name":"Ovinomancien"},{"language":"German","name":"Hammelpriester"},{"language":"Italian","name":"Ovinomante"},{"language":"Japanese","name":"羊術師"},{"language":"Portuguese (Brazil)","name":"Ovinomante"},{"language":"Russian","name":"Маг Овцевод"},{"language":"Spanish","name":"Ovinomante"}],"imageName":"ovinomancer","printings":["Multiverse Gift Box","Visions","Time Spiral \"Timeshifted\""]},{"layout":"normal","type":"Sorcery","types":["Sorcery"],"colors":["White"],"name":"Peace Talks","rarity":"Special","cmc":2,"manaCost":"{1}{W}","text":"This turn and next turn, creatures can't attack, and players and permanents can't be the targets of spells or activated abilities.","flavor":"\"By the tongues of a thousand serpents, this time I do not lie.\"\n—Ahmahz il Kin, Suq'Ata diplomat","artist":"Roger Raupp","rulings":[{"date":"2004-10-04","text":"Can be cast after your attack."},{"date":"2004-10-04","text":"It affects the current turn and the next turn. This could affect the same player twice if they have two turns in a row, or it could affect different players. In a multiplayer game it affects exactly two turns, not a full round of turns."},{"date":"2006-02-01","text":"Doesn't skip the Combat Phase, just renders creatures unable to attack."},{"date":"2013-07-01","text":"Activated abilities contain a colon. They're generally written \"[Cost]: [Effect].\" Some keywords are activated abilities and will have colons in their reminder texts."}],"legalities":{"Mirage Block":"Legal","Legacy":"Legal","Vintage":"Legal","Freeform":"Legal","Prismatic":"Legal","Tribal Wars Legacy":"Legal","Singleton 100":"Legal","Commander":"Legal"},"imageName":"peace talks","printings":["Multiverse Gift Box","Visions"]},{"layout":"normal","type":"Creature — Horror","types":["Creature"],"colors":["Black"],"name":"Urborg Mindsucker","rarity":"Special","subtypes":["Horror"],"power":"2","toughness":"2","cmc":3,"manaCost":"{2}{B}","text":"{B}, Sacrifice Urborg Mindsucker: Target opponent discards a card at random. Activate this ability only any time you could cast a sorcery.","flavor":"\"My pet will pick the ripe fruit from your tortured brain as if it were hanging from a vine.\"\n—Kaervek","artist":"Tony Diterlizzi","rulings":[{"date":"2013-04-15","text":"If you cast this as normal during your main phase, it will enter the battlefield and you'll receive priority. If no abilities trigger because of this, you can activate its ability immediately, before any other player has a chance to remove it from the battlefield."}],"legalities":{"Mirage Block":"Legal","Legacy":"Legal","Vintage":"Legal","Freeform":"Legal","Prismatic":"Legal","Tribal Wars Legacy":"Legal","Singleton 100":"Legal","Commander":"Legal"},"imageName":"urborg mindsucker","printings":["Multiverse Gift Box","Visions"]},{"layout":"normal","type":"Enchantment — Aura","types":["Enchantment"],"colors":["Black"],"name":"Vampirism","rarity":"Special","subtypes":["Aura"],"cmc":2,"manaCost":"{1}{B}","text":"Enchant creature\nWhen Vampirism enters the battlefield, draw a card at the beginning of the next turn's upkeep.\nEnchanted creature gets +1/+1 for each other creature you control.\nOther creatures you control get -1/-1.","artist":"Gary Leach","legalities":{"Mirage Block":"Legal","Legacy":"Legal","Vintage":"Legal","Freeform":"Legal","Prismatic":"Legal","Tribal Wars Legacy":"Legal","Singleton 100":"Legal","Commander":"Legal"},"imageName":"vampirism","printings":["Multiverse Gift Box","Visions"]},{"layout":"normal","type":"Creature — Viashino Warrior","types":["Creature"],"colors":["Red"],"name":"Viashino Sandstalker","rarity":"Special","subtypes":["Viashino","Warrior"],"power":"4","toughness":"2","cmc":3,"manaCost":"{1}{R}{R}","text":"Haste (This creature can attack the turn it comes under your control.)\nAt the beginning of the end step, return Viashino Sandstalker to its owner's hand. (Return it only if it's on the battlefield.)","flavor":"\"Some believe sandstalkers to be illusions; those with scars know better.\"\n—Zhalfirin Guide to the Desert","artist":"Andrew Robinson","rulings":[{"date":"2004-10-04","text":"It is returned to its owner's hand at the end of any turn in which it is on the battlefield."}],"legalities":{"Modern":"Legal","Mirage Block":"Legal","Legacy":"Legal","Vintage":"Legal","Freeform":"Legal","Prismatic":"Legal","Tribal Wars Legacy":"Legal","Singleton 100":"Legal","Commander":"Legal"},"foreignNames":[{"language":"Chinese Simplified","name":"凡尔西诺沙潜者"},{"language":"French","name":"Pisteur des sables viashino"},{"language":"German","name":"Viashino-Sandläufer"},{"language":"Italian","name":"Cacciatore delle Sabbie Viashino"},{"language":"Japanese","name":"ヴィーアシーノの砂漠の狩人"},{"language":"Portuguese (Brazil)","name":"Caçador das Areias Viashino"},{"language":"Russian","name":"Песчаный странник Виашино"},{"language":"Spanish","name":"Cazador de la arena viashino"}],"imageName":"viashino sandstalker","printings":["Multiverse Gift Box","Visions","Eighth Edition","Ninth Edition"]},{"layout":"normal","type":"Instant","types":["Instant"],"colors":["Black"],"name":"Wicked Reward","rarity":"Special","cmc":2,"manaCost":"{1}{B}","text":"As an additional cost to cast Wicked Reward, sacrifice a creature.\nTarget creature gets +4/+2 until end of turn.","flavor":"\"The blood on my hands is merely proof of my ambition.\"\n—Kaervek","artist":"D. Alexander Gregory","rulings":[{"date":"2013-04-15","text":"You must sacrifice exactly one creature to cast this spell; you cannot cast it without sacrificing a creature, and you cannot sacrifice additional creatures."},{"date":"2013-04-15","text":"Players can only respond once this spell has been cast and all its costs have been paid. No one can try to destroy the creature you sacrificed to prevent you from casting this spell."}],"legalities":{"Mirage Block":"Legal","Legacy":"Legal","Vintage":"Legal","Freeform":"Legal","Prismatic":"Legal","Tribal Wars Legacy":"Legal","Singleton 100":"Legal","Commander":"Legal"},"imageName":"wicked reward","printings":["Multiverse Gift Box","Visions"]}]}