{"name":"15th Anniversary","code":"p15A","magicRaritiesCodes":"178-rarities-mtg-15th-anniversary","releaseDate":"2008-04-01","border":"black","type":"promo","cards":[{"layout":"normal","type":"Instant","types":["Instant"],"colors":["Red"],"name":"Char","rarity":"Special","cmc":3,"manaCost":"{2}{R}","text":"Char deals 4 damage to target creature or player and 2 damage to you.","flavor":"If you've never choked on the embers of your own spell, you aren't casting it hard enough.","artist":"Dave Dorman","legalities":{"Modern":"Legal","Ravnica Block":"Legal","Legacy":"Legal","Vintage":"Legal","Freeform":"Legal","Prismatic":"Legal","Tribal Wars Legacy":"Legal","Singleton 100":"Legal","Commander":"Legal"},"number":"1","foreignNames":[{"language":"Chinese Simplified","name":"烤焦"},{"language":"French","name":"Carboniser"},{"language":"German","name":"Verkohlen"},{"language":"Italian","name":"Ardere"},{"language":"Japanese","name":"黒焦げ"},{"language":"Portuguese (Brazil)","name":"Carbonizar"},{"language":"Russian","name":"Головешка"},{"language":"Spanish","name":"Quemar"}],"imageName":"char","printings":["Ravnica: City of Guilds","15th Anniversary","From the Vault: Twenty"],"source":"Comic Con Magic Fifteenth Anniversary Tournament","releaseDate":"2008-04"},{"layout":"normal","supertypes":["Legendary"],"type":"Legendary Creature — Human Barbarian","types":["Creature"],"colors":["Red"],"name":"Kamahl, Pit Fighter","rarity":"Special","subtypes":["Human","Barbarian"],"power":"6","toughness":"1","cmc":6,"manaCost":"{4}{R}{R}","text":"Haste (This creature can attack and {T} as soon as it comes under your control.)\n{T}: Kamahl, Pit Fighter deals 3 damage to target creature or player.","flavor":"In times when freedom seems lost, great souls arise to reclaim it.","artist":"Kev Walker","rulings":[{"date":"2004-10-04","text":"The Legend rule only applies to two legendary permanents with identical names. If the names are different, even if they depict the same character, the rule does not apply."}],"legalities":{"Modern":"Legal","Odyssey Block":"Legal","Legacy":"Legal","Vintage":"Legal","Freeform":"Legal","Prismatic":"Legal","Tribal Wars Legacy":"Legal","Singleton 100":"Legal","Commander":"Legal"},"number":"2","foreignNames":[{"language":"Chinese Traditional","name":"死鬥戰士卡馬爾"},{"language":"Chinese Simplified","name":"死斗战士卡马尔"},{"language":"French","name":"Kamahl, sangrahbaire"},{"language":"German","name":"Kamahl, der Grubenkämpfer"},{"language":"Italian","name":"Kamahl, Combattente dell'Arena"},{"language":"Japanese","name":"ピット・ファイター、カマール"},{"language":"Portuguese (Brazil)","name":"Kamahl, Lutador da Liça"},{"language":"Russian","name":"Камаль, Боец Ямы"},{"language":"Spanish","name":"Kamahl, luchador del foso"}],"imageName":"kamahl, pit fighter","printings":["Odyssey","Tenth Edition","15th Anniversary","Duels of the Planeswalkers","Duel Decks: Heroes vs. Monsters"],"source":"15th Anniversary starter 10Th Edition","releaseDate":"2008"}]}