{"name":"Two-Headed Giant Tournament","code":"p2HG","magicRaritiesCodes":"13-rarities-two-headed-giant","releaseDate":"2005-12-09","border":"black","type":"promo","cards":[{"layout":"normal","type":"Enchantment","types":["Enchantment"],"colors":["Black"],"name":"Underworld Dreams","rarity":"Special","cmc":3,"manaCost":"{B}{B}{B}","text":"Whenever an opponent draws a card, Underworld Dreams deals 1 damage to him or her.","flavor":"\"In the drowsy dark cave of the mind, dreams build their nest with fragments dropped from day's caravan.\"\n—Rabindranath Tagore","artist":"Julie Baroh","rulings":[{"date":"2004-10-04","text":"If multiple cards are drawn at once, this card triggers once for each card drawn."},{"date":"2004-10-04","text":"In a multi-player game, it affects all opponents."}],"legalities":{"Modern":"Legal","Legacy":"Legal","Vintage":"Legal","Freeform":"Legal","Prismatic":"Legal","Tribal Wars Legacy":"Legal","Singleton 100":"Legal","Commander":"Legal"},"number":"1","foreignNames":[{"language":"Chinese Simplified","name":"地底幻梦"},{"language":"Chinese Traditional","name":"地底幻夢"},{"language":"French","name":"Rêves du monde souterrain"},{"language":"German","name":"Unterweltstraum"},{"language":"Italian","name":"Sogni del Mondo Sotterraneo"},{"language":"Japanese","name":"地獄界の夢"},{"language":"Portuguese (Brazil)","name":"Sonhos do Submundo"},{"language":"Russian","name":"Сны подземелья"},{"language":"Spanish","name":"Sueños del infierno"}],"imageName":"underworld dreams","printings":["Legends","Eighth Edition","Ninth Edition","Two-Headed Giant Tournament","Tenth Edition","Magic 2010","Duels of the Planeswalkers"],"source":"Two-Headed Giant Tournament","releaseDate":"2005-12-09"}]}