{"name":"Celebration","code":"pCEL","magicRaritiesCodes":["353-rarities-unique-cards","352-rarities-garfield-event-cards","798-rarities-special-guest-gift-cards"],"releaseDate":"1996-08-14","border":"black","type":"promo","cards":[{"layout":"normal","type":"Summon — Legend","types":["Summon"],"colors":["White","Blue","Black","Red","Green"],"name":"1996 World Champion","rarity":"Special","subtypes":["Legend"],"power":"*","toughness":"*","cmc":5,"manaCost":"{W}{U}{B}{R}{G}","text":"Cannot be the targets of spells or effects. World Champion has power and toughness equal to the life totals of target opponent. {0}: Discard your hand to search your library for 1996 World Champion and reveal it to all players. Shuffle your library and put 1996 World Champion on top of it. Use this ability only at the beginning of your upkeep, and only if 1996 World Champion is in your library.","flavor":"It takes great sacrifice to make it to the top.","artist":"Christopher Rush","number":"1","source":"Winner card of the 1996 World Championship","imageName":"1996 world champion","printings":["Celebration"],"releaseDate":"1996-08-14","legalities":{"Vintage":"Legal"}},{"layout":"normal","type":"Sorcery","types":["Sorcery"],"colors":["Blue"],"name":"Fraternal Exaltation","rarity":"Special","cmc":4,"manaCost":"{U}{U}{U}{U}","text":"","flavor":"... and when you want to go explore, the number you should have is four. —Sandra Boynton","artist":"Susan Garfield","number":"5","source":"Birth announcement addition of Garfield's second child, Schuyler","imageName":"fraternal exaltation","printings":["Celebration"],"releaseDate":"1999","legalities":{"Vintage":"Legal"}},{"layout":"normal","type":"Sorcery","types":["Sorcery"],"colors":["White"],"name":"Proposal","rarity":"Special","cmc":4,"manaCost":"{W}{W}{W}{W}","text":"","artist":"Quinton Hoover","number":"3","source":"Part of Garfield's marriage proposal deck","imageName":"proposal","printings":["Celebration"],"releaseDate":"1993-11","legalities":{"Vintage":"Legal"}},{"layout":"normal","type":"Artifact Creature — Chicken Construct","types":["Artifact","Creature"],"name":"Robot Chicken","rarity":"Special","subtypes":["Chicken","Construct"],"power":"2","toughness":"2","cmc":4,"manaCost":"{4}","text":"Whenever you cast a spell, put a 0/1 colorless Egg artifact creature token onto the battlefield.\nWhenever an Egg you control is put into a graveyard from the battlefield, destroy target artifact or creature.","flavor":"Why did the chicken cross the road? To die in the name of science.","artist":"Robot Chicken","number":"6","source":"Special Guest Gift Card Pro Tour San Diego","imageName":"robot chicken","printings":["Celebration"],"releaseDate":"2010-02-20","legalities":{"Vintage":"Legal"}},{"layout":"normal","type":"Summon — Dragon","types":["Summon"],"colors":["Red"],"name":"Shichifukujin Dragon","rarity":"Special","subtypes":["Dragon"],"power":"0","toughness":"0","cmc":9,"manaCost":"{6}{R}{R}{R}","text":"When Shichifukujin Dragon comes into play, put seven +1/+1 counters on it. {R}{R}{R}, Remove two +1/+1 counters: Put three +1/+1 counters on Shichifukujin Dragon at end of turn. Play this ability as a sorcery.","artist":"Christopher Rush","number":"2","source":"Celebration card of the Japan DCI Tournament Center","imageName":"shichifukujin dragon","printings":["Celebration"],"releaseDate":"1996","legalities":{"Vintage":"Legal"}},{"layout":"normal","type":"Sorcery","types":["Sorcery"],"colors":["Green"],"name":"Splendid Genesis","rarity":"Special","cmc":4,"manaCost":"{G}{G}{G}{G}","text":"","flavor":"She discovered with great delight that one does not love one's children because they are one's children but because of the friendship formed while raising them. Gabriel Garciá Márquez","artist":"Monique Thirifay","number":"4","source":"Birth announcement addition of Garfield's first child, Terry","imageName":"splendid genesis","printings":["Celebration"],"releaseDate":"1997-09","legalities":{"Vintage":"Legal"}}]}