{"name":"Champs and States","code":"pCMP","magicRaritiesCodes":"54-rarities-champs-cards","releaseDate":"2006-03-18","border":"black","type":"promo","cards":[{"layout":"normal","type":"Creature — Human Knight","types":["Creature"],"colors":["Red"],"name":"Blood Knight","rarity":"Special","subtypes":["Human","Knight"],"power":"2","toughness":"2","cmc":2,"manaCost":"{R}{R}","text":"First strike, protection from white","artist":"Matt Cavotta","rulings":[{"date":"2007-02-01","text":"This is the timeshifted version of Black Knight."}],"legalities":{"Modern":"Legal","Time Spiral Block":"Legal","Legacy":"Legal","Vintage":"Legal","Freeform":"Legal","Prismatic":"Legal","Tribal Wars Legacy":"Legal","Singleton 100":"Legal","Commander":"Legal"},"number":"7","foreignNames":[{"language":"Chinese Simplified","name":"血红骑士"},{"language":"French","name":"Chevalier sanglant"},{"language":"German","name":"Blutritter"},{"language":"Italian","name":"Cavaliere Sanguinario"},{"language":"Japanese","name":"血騎士"},{"language":"Portuguese (Brazil)","name":"Cavaleiro Sangüinário"},{"language":"Russian","name":"Кровавый Рыцарь"},{"language":"Spanish","name":"Caballero de sangre"}],"source":"CHAMPS/STATES Tournament participation bonus","imageName":"blood knight","printings":["Champs and States","Planar Chaos"],"releaseDate":"2007"},{"layout":"normal","type":"Creature — Elf Warrior","types":["Creature"],"colors":["Green"],"name":"Bramblewood Paragon","rarity":"Special","subtypes":["Elf","Warrior"],"power":"2","toughness":"2","cmc":2,"manaCost":"{1}{G}","text":"Each other Warrior creature you control enters the battlefield with an additional +1/+1 counter on it.\nEach creature you control with a +1/+1 counter on it has trample.","artist":"Jim Murray","rulings":[{"date":"2008-04-01","text":"If a Warrior would normally enter the battlefield with a certain number of +1/+1 counters on it, it enters the battlefield with that many +1/+1 counters plus one on it instead. If a Warrior would normally enter the battlefield with no +1/+1 counters on it, it enters the battlefield with one +1/+1 counter on it instead."},{"date":"2008-04-01","text":"The creature gets the counter if it would enter the battlefield under your control. It doesn't matter who owns the creature or what zone it enters the battlefield from (such as your opponent's graveyard, for example)."},{"date":"2008-04-01","text":"The creature gets the counter if its copiable characteristics as it would exist on the battlefield include the specified creature type. For example, say you control Conspiracy, and the chosen creature type is Warrior. If you put a creature onto the battlefield that isn't normally a Warrior, it won't get a counter from Bramblewood Paragon."},{"date":"2008-04-01","text":"The effects from more than one Bramblewood Paragon are cumulative. That is, if you have more than one Bramblewood Paragon on the battlefield, Warrior creatures you control enter the battlefield with that many additional +1/+1 counters on them."},{"date":"2008-04-01","text":"If Bramblewood Paragon enters the battlefield at the same time as another Warrior (due to Living End, for example), that creature doesn't get a +1/+1 counter."}],"legalities":{"Modern":"Legal","Lorwyn-Shadowmoor Block":"Legal","Legacy":"Legal","Vintage":"Legal","Freeform":"Legal","Prismatic":"Legal","Tribal Wars Legacy":"Legal","Singleton 100":"Legal","Commander":"Legal"},"number":"11","foreignNames":[{"language":"Chinese Traditional","name":"竹林美範"},{"language":"Chinese Simplified","name":"竹林美范"},{"language":"French","name":"Parangon de boisronce"},{"language":"German","name":"Brombeerholz-Vorbild"},{"language":"Italian","name":"Esemplare di Boscodirovo"},{"language":"Japanese","name":"茨森の模範"},{"language":"Portuguese (Brazil)","name":"Paradigma da Floresta de Arbustos"},{"language":"Russian","name":"Эталон Брамблвуда"},{"language":"Spanish","name":"Ejemplar de Maderazarza"}],"source":"CHAMPS Tournament participation bonus","imageName":"bramblewood paragon","printings":["Champs and States","Morningtide"],"releaseDate":"2008-03-29"},{"layout":"normal","supertypes":["Legendary"],"type":"Legendary Creature — Treefolk Shaman","types":["Creature"],"colors":["White","Black","Green"],"name":"Doran, the Siege Tower","rarity":"Special","subtypes":["Treefolk","Shaman"],"power":"0","toughness":"5","cmc":3,"manaCost":"{B}{G}{W}","text":"Each creature assigns combat damage equal to its toughness rather than its power.","artist":"Mark Zug","rulings":[{"date":"2007-10-01","text":"Doran's ability means, for example, that a 2/3 creature will assign 3 damage in combat instead of 2."},{"date":"2007-10-01","text":"Doran's ability doesn't actually change creatures' power; it changes only the value of the combat damage they assign. All other rules and effects that check power or toughness use the real values."},{"date":"2007-10-01","text":"This effect is mandatory and affects all creatures."}],"legalities":{"Modern":"Legal","Lorwyn-Shadowmoor Block":"Legal","Legacy":"Legal","Vintage":"Legal","Freeform":"Legal","Prismatic":"Legal","Tribal Wars Legacy":"Legal","Singleton 100":"Legal","Commander":"Legal"},"number":"10","foreignNames":[{"language":"Chinese Traditional","name":"攻城塔杜藍"},{"language":"Chinese Simplified","name":"攻城塔杜蓝"},{"language":"French","name":"Doran, la Tour de siège"},{"language":"German","name":"Doran, der Belagerungsturm"},{"language":"Italian","name":"Doran, la Torre d'Assedio"},{"language":"Japanese","name":"包囲の搭、ドラン"},{"language":"Portuguese (Brazil)","name":"Doran, a Torre de Cerco"},{"language":"Russian","name":"Доран, Осадная Башня"},{"language":"Spanish","name":"Dóran, la torre de asedio"}],"source":"CHAMPS/STATES Prize for Top 8.Plus Four players chosen randomly","imageName":"doran, the siege tower","printings":["Champs and States","Lorwyn","From the Vault: Legends"],"releaseDate":"2007-10-27"},{"layout":"normal","type":"Instant","types":["Instant"],"colors":["Blue","Red"],"name":"Electrolyze","rarity":"Special","cmc":3,"manaCost":"{1}{U}{R}","text":"Electrolyze deals 2 damage divided as you choose among one or two target creatures and/or players.\nDraw a card.","artist":"Zoltan Boros & Gabor Szikszai","rulings":[{"date":"2006-02-01","text":"If all chosen targets are illegal as Electrolyze tries to resolve, it will be countered and none of its effects will happen. No damage will be dealt and you won't draw a card."}],"legalities":{"Modern":"Legal","Ravnica Block":"Legal","Legacy":"Legal","Vintage":"Legal","Freeform":"Legal","Prismatic":"Legal","Tribal Wars Legacy":"Legal","Singleton 100":"Legal","Commander":"Legal"},"number":"1","foreignNames":[{"language":"Chinese Simplified","name":"电解"},{"language":"French","name":"Électrolyse"},{"language":"German","name":"Elektrolysieren"},{"language":"Italian","name":"Elettrolisi"},{"language":"Japanese","name":"電解"},{"language":"Portuguese (Brazil)","name":"Eletrolisar"},{"language":"Russian","name":"Электролиз"},{"language":"Spanish","name":"Electrolizar"}],"source":"CHAMPS Tournament participation bonus.","imageName":"electrolyze","printings":["Media Inserts","Guildpact","Champs and States","Magic: The Gathering-Commander","Modern Masters"],"releaseDate":"2006-03-18"},{"layout":"normal","type":"Creature — Elemental","types":["Creature"],"colors":["Green"],"name":"Groundbreaker","rarity":"Special","subtypes":["Elemental"],"power":"6","toughness":"1","cmc":3,"manaCost":"{G}{G}{G}","text":"Trample, haste\nAt the beginning of the end step, sacrifice Groundbreaker.","artist":"Matt Cavotta","rulings":[{"date":"2007-02-01","text":"This is the timeshifted version of Ball Lightning."},{"date":"2007-02-01","text":"The creature is sacrificed at the end of every turn in which it is on the battlefield. There is no choice about what turn to sacrifice it."}],"legalities":{"Modern":"Legal","Time Spiral Block":"Legal","Legacy":"Legal","Vintage":"Legal","Freeform":"Legal","Prismatic":"Legal","Tribal Wars Legacy":"Legal","Singleton 100":"Legal","Commander":"Legal"},"number":"8","foreignNames":[{"language":"Chinese Simplified","name":"撼地灵"},{"language":"French","name":"Concasseur"},{"language":"German","name":"Umpflüger"},{"language":"Italian","name":"Solcaterra"},{"language":"Japanese","name":"地壊し"},{"language":"Portuguese (Brazil)","name":"Perfuratriz"},{"language":"Russian","name":"Землелом"},{"language":"Spanish","name":"Alzatierras"}],"source":"CHAMPS/STATES  Prize for Top 4","imageName":"groundbreaker","printings":["Champs and States","Planar Chaos"],"releaseDate":"2007"},{"layout":"normal","type":"Creature — Elf Warrior","types":["Creature"],"colors":["Green"],"name":"Imperious Perfect","rarity":"Special","subtypes":["Elf","Warrior"],"power":"2","toughness":"2","cmc":3,"manaCost":"{2}{G}","text":"Other Elf creatures you control get +1/+1.\n{G}, {T}: Put a 1/1 green Elf Warrior creature token onto the battlefield.","artist":"Scott M. Fischer","legalities":{"Modern":"Legal","Lorwyn-Shadowmoor Block":"Legal","Legacy":"Legal","Vintage":"Legal","Freeform":"Legal","Prismatic":"Legal","Tribal Wars Legacy":"Legal","Singleton 100":"Legal","Commander":"Legal"},"number":"9","foreignNames":[{"language":"Chinese Traditional","name":"驕傲至美"},{"language":"Chinese Simplified","name":"骄傲至美"},{"language":"French","name":"Parfaite impérieuse"},{"language":"German","name":"Gebieterischer Perfekter"},{"language":"Italian","name":"Perfetta Autoritaria"},{"language":"Japanese","name":"傲慢な完全者"},{"language":"Portuguese (Brazil)","name":"Perfeita Imperiosa"},{"language":"Russian","name":"Совершенная Повелительница"},{"language":"Spanish","name":"Perfecta arrogante"}],"source":"CHAMPS/STATES Tournament participation bonus","imageName":"imperious perfect","printings":["Champs and States","Lorwyn","Duel Decks: Elves vs. Goblins","Duels of the Planeswalkers","Commander 2014"],"releaseDate":"2007-10-27"},{"layout":"normal","type":"Land","types":["Land"],"name":"Mutavault","rarity":"Special","text":"{T}: Add {1} to your mana pool.\n{1}: Mutavault becomes a 2/2 creature with all creature types until end of turn. It's still a land.","artist":"Fred Fields","rulings":[{"date":"2008-04-01","text":"Although Mutavault has all creature types while it's animated, it does not have the changeling keyword ability."},{"date":"2008-08-01","text":"A noncreature permanent that turns into a creature can attack, and its {T} abilities can be activated, only if its controller has continuously controlled that permanent since the beginning of his or her most recent turn. It doesn't matter how long the permanent has been a creature."},{"date":"2013-07-01","text":"Examples of creature types include Sliver, Goblin, and Soldier. Creature types appear after the dash on the type line of creatures."}],"legalities":{"Modern":"Legal","Lorwyn-Shadowmoor Block":"Legal","Legacy":"Legal","Vintage":"Legal","Freeform":"Legal","Prismatic":"Legal","Tribal Wars Legacy":"Legal","Tribal Wars Standard":"Legal","Singleton 100":"Legal","Commander":"Legal"},"number":"12","foreignNames":[{"language":"Chinese Traditional","name":"易形地窖"},{"language":"Chinese Simplified","name":"易形地窖"},{"language":"French","name":"Mutecaveau"},{"language":"German","name":"Ändergewölbe"},{"language":"Italian","name":"Grotta Mutevole"},{"language":"Japanese","name":"変わり谷"},{"language":"Korean","name":"변이의 방"},{"language":"Portuguese","name":"Caverna Mutável"},{"language":"Portuguese (Brazil)","name":"Caverna Mutável"},{"language":"Russian","name":"Преображающаяся Пещера"},{"language":"Spanish","name":"Mutabóveda"}],"source":"CHAMPS Prize for Top 4.","imageName":"mutavault","printings":["Champs and States","Morningtide","Magic 2014 Core Set"],"releaseDate":"2008-03-29"},{"layout":"normal","supertypes":["Legendary"],"type":"Legendary Creature — Dragon Wizard","types":["Creature"],"colors":["Blue","Red"],"name":"Niv-Mizzet, the Firemind","rarity":"Special","subtypes":["Dragon","Wizard"],"power":"4","toughness":"4","cmc":6,"manaCost":"{2}{U}{U}{R}{R}","text":"Flying\nWhenever you draw a card, Niv-Mizzet, the Firemind deals 1 damage to target creature or player.\n{T}: Draw a card.","artist":"Todd Lockwood","legalities":{"Modern":"Legal","Ravnica Block":"Legal","Legacy":"Legal","Vintage":"Legal","Freeform":"Legal","Prismatic":"Legal","Tribal Wars Legacy":"Legal","Singleton 100":"Legal","Commander":"Legal"},"number":"2","foreignNames":[{"language":"Chinese Simplified","name":"炎灵尼米捷"},{"language":"French","name":"Niv-Mizzet, le Cérébropyre"},{"language":"German","name":"Niv-Mizzet, das Feuerhirn"},{"language":"Italian","name":"Niv-Mizzet, il Mentefiamma"},{"language":"Japanese","name":"火想者ニヴ＝ミゼット"},{"language":"Portuguese (Brazil)","name":"Niv-Mizzet, o Mente de Fogo"},{"language":"Russian","name":"Нив-Миззет, Огненный разум"},{"language":"Spanish","name":"Niv-Mízzet, la Mente ardiente"}],"source":"CHAMPS Prize for 4th place or better (team).","imageName":"niv-mizzet, the firemind","printings":["Guildpact","Champs and States","From the Vault: Dragons","Duel Decks: Izzet vs. Golgari"],"releaseDate":"2006-03-18"},{"layout":"normal","type":"Creature — Zombie Shaman","types":["Creature"],"colors":["Black","Red"],"name":"Rakdos Guildmage","rarity":"Special","subtypes":["Zombie","Shaman"],"power":"2","toughness":"2","cmc":2,"manaCost":"{B/R}{B/R}","text":"({B/R} can be paid with either {B} or {R}.)\n{3}{B}, Discard a card: Target creature gets -2/-2 until end of turn.\n{3}{R}: Put a 2/1 red Goblin creature token with haste onto the battlefield. Exile it at the beginning of the next end step.","artist":"Jeremy Jarvis","rulings":[{"date":"2006-05-01","text":"If the second ability is activated during the End step, the token won't be exiled until the following turn's End step."}],"legalities":{"Modern":"Legal","Ravnica Block":"Legal","Legacy":"Legal","Vintage":"Legal","Freeform":"Legal","Prismatic":"Legal","Tribal Wars Legacy":"Legal","Singleton 100":"Legal","Commander":"Legal"},"number":"3","foreignNames":[{"language":"Chinese Simplified","name":"拉铎司公会法师"},{"language":"French","name":"Ghildmage de Rakdos"},{"language":"German","name":"Rakdos-Gildenmagier"},{"language":"Italian","name":"Mago della Gilda Rakdos"},{"language":"Japanese","name":"ラクドスのギルド魔道士"},{"language":"Portuguese (Brazil)","name":"Mago da Guilda Rakdos"},{"language":"Russian","name":"Маг гильдии Ракдосов"},{"language":"Spanish","name":"Mago del Gremio Rakdos"}],"source":"CHAMPS Tournament participation bonus.","imageName":"rakdos guildmage","printings":["Champs and States","Dissension","Archenemy"],"releaseDate":"2006-06-24"},{"layout":"normal","type":"Creature — Angel","types":["Creature"],"colors":["White"],"name":"Serra Avenger","rarity":"Special","subtypes":["Angel"],"power":"3","toughness":"3","cmc":2,"manaCost":"{W}{W}","text":"You can't cast Serra Avenger during your first, second, or third turns of the game.\nFlying\nVigilance (Attacking doesn't cause this creature to tap.)","artist":"Scott M. Fisher","rulings":[{"date":"2006-09-25","text":"You can cast Serra Avenger during another player's first, second, or third turns of the game if some other effect (such as Vedalken Orrery) enables that."},{"date":"2012-07-01","text":"Serra Avenger cares about how many turns you have taken, not necessarily how many turns the game has had, in case you take an extra turn."},{"date":"2012-07-01","text":"If the game is restarted (by Karn Liberated), you can't cast Serra Avenger in your first, second, or third turn in the new game."}],"legalities":{"Modern":"Legal","Time Spiral Block":"Legal","Legacy":"Legal","Vintage":"Legal","Freeform":"Legal","Prismatic":"Legal","Tribal Wars Legacy":"Legal","Tribal Wars Standard":"Legal","Singleton 100":"Legal","Commander":"Legal"},"number":"6","foreignNames":[{"language":"Chinese Simplified","name":"撒拉复仇者"},{"language":"Chinese Traditional","name":"撒拉復仇者"},{"language":"French","name":"Vengeresse de Serra"},{"language":"German","name":"Serras Rächer"},{"language":"Italian","name":"Vendicatrice di Serra"},{"language":"Japanese","name":"セラの報復者"},{"language":"Korean","name":"세라 응징자"},{"language":"Portuguese (Brazil)","name":"Vingador de Serra"},{"language":"Russian","name":"Мститель из Серры"},{"language":"Spanish","name":"Vengadora de Serra"}],"source":"CHAMPS Prize for 8th place or better.","imageName":"serra avenger","printings":["Champs and States","Time Spiral","Magic 2013"],"releaseDate":"2006-10-21"},{"layout":"normal","type":"Land — Urza’s","types":["Land"],"name":"Urza's Factory","rarity":"Special","subtypes":["Urza’s"],"text":"{T}: Add {1} to your mana pool.\n{7}, {T}: Put a 2/2 colorless Assembly-Worker artifact creature token onto the battlefield.","artist":"Mark Tedin","rulings":[{"date":"2006-09-25","text":"Although Urza's Factory has the Urza's land type, it doesn't interact with Urza's Tower, Urza's Mine, or Urza's Power Plant."}],"legalities":{"Modern":"Legal","Time Spiral Block":"Legal","Legacy":"Legal","Vintage":"Legal","Freeform":"Legal","Prismatic":"Legal","Tribal Wars Legacy":"Legal","Singleton 100":"Legal","Commander":"Legal"},"number":"5","foreignNames":[{"language":"Chinese Simplified","name":"克撒的工厂"},{"language":"French","name":"Usine d'Urza"},{"language":"German","name":"Urzas Fabrik"},{"language":"Italian","name":"Fabbrica di Urza"},{"language":"Japanese","name":"ウルザの工廠"},{"language":"Portuguese (Brazil)","name":"Fábrica de Urza"},{"language":"Russian","name":"Фабрика Урзы"},{"language":"Spanish","name":"Factoría de Urza"}],"source":"CHAMPS Tournament participation bonus.","imageName":"urza's factory","printings":["Champs and States","Time Spiral","Commander 2013 Edition"],"releaseDate":"2006-10-21"},{"layout":"normal","type":"Instant","types":["Instant"],"colors":["Blue","Green"],"name":"Voidslime","rarity":"Special","cmc":3,"manaCost":"{G}{U}{U}","text":"Counter target spell, activated ability, or triggered ability. (Mana abilities can't be targeted.)","artist":"Jim Murray","rulings":[{"date":"2013-07-01","text":"Activated abilities contain a colon. They're generally written \"[Cost]: [Effect].\" Some keywords are activated abilities and will have colons in their reminder texts."}],"legalities":{"Modern":"Legal","Ravnica Block":"Legal","Legacy":"Legal","Vintage":"Legal","Freeform":"Legal","Prismatic":"Legal","Tribal Wars Legacy":"Legal","Singleton 100":"Legal","Commander":"Legal"},"number":"4","foreignNames":[{"language":"Chinese Simplified","name":"虚空黏泞"},{"language":"French","name":"Vide gluant"},{"language":"German","name":"Auflösender Schleim"},{"language":"Italian","name":"Sviscisvuota"},{"language":"Japanese","name":"虚空粘"},{"language":"Portuguese (Brazil)","name":"Gosmanuladora"},{"language":"Russian","name":"Отрицающая слизь"},{"language":"Spanish","name":"Babanuladora"}],"source":"CHAMPS Prize for 8th place or better.","imageName":"voidslime","printings":["Champs and States","Dissension"],"releaseDate":"2006-06-24"}]}