{"name":"Premium Deck Series: Fire and Lightning","code":"PD2","releaseDate":"2010-11-19","border":"black","type":"premium deck","cards":[{"layout":"normal","type":"Creature — Elemental","types":["Creature"],"colors":["Red"],"multiverseid":234722,"name":"Ball Lightning","subtypes":["Elemental"],"originalType":"Creature — Elemental","cmc":3,"rarity":"Rare","artist":"Trevor Claxton","power":"6","toughness":"1","manaCost":"{R}{R}{R}","text":"Trample (If this creature would assign enough damage to its blockers to destroy them, you may have it assign the rest of its damage to defending player or planeswalker.)\nHaste (This creature can attack and {T} as soon as it comes under your control.)\nAt the beginning of the end step, sacrifice Ball Lightning.","originalText":"Trample, haste\nAt the beginning of the end step, sacrifice Ball Lightning.","number":"12","rulings":[{"date":"2007-02-01","text":"The creature is sacrificed at the end of every turn in which it is on the battlefield. There is no choice about what turn to sacrifice it."}],"imageName":"ball lightning","foreignNames":[{"language":"Chinese Simplified","name":"爆雷炼球"},{"language":"French","name":"Boule fulgurante"},{"language":"German","name":"Kugelblitz"},{"language":"Italian","name":"Fulmine Globulare"},{"language":"Japanese","name":"ボール・ライトニング"},{"language":"Portuguese (Brazil)","name":"Esfera de Raios"},{"language":"Russian","name":"Шаровая Молния"},{"language":"Spanish","name":"Bola de rayos"}],"legalities":{"Modern":"Legal","Legacy":"Legal","Vintage":"Legal","Freeform":"Legal","Prismatic":"Legal","Tribal Wars Legacy":"Legal","Singleton 100":"Legal","Commander":"Legal"},"printings":["The Dark","Fourth Edition","Fifth Edition","Judge Gift Program","Beatdown Box Set","Masters Edition","Magic 2010","Premium Deck Series: Fire and Lightning"]},{"layout":"normal","type":"Land","types":["Land"],"multiverseid":234737,"name":"Barbarian Ring","originalType":"Land","rarity":"Uncommon","artist":"John Avon","text":"{T}: Add {R} to your mana pool. Barbarian Ring deals 1 damage to you.\nThreshold — {R}, {T}, Sacrifice Barbarian Ring: Barbarian Ring deals 2 damage to target creature or player. Activate this ability only if seven or more cards are in your graveyard.","originalText":"{T}: Add {R} to your mana pool. Barbarian Ring deals 1 damage to you.\nThreshold — {R}, {T}, Sacrifice Barbarian Ring: Barbarian Ring deals 2 damage to target creature or player. Activate this ability only if seven or more cards are in your graveyard.","number":"28","imageName":"barbarian ring","foreignNames":[{"language":"French","name":"Cercle des barbares"},{"language":"German","name":"Barbaren-Kampfring"},{"language":"Italian","name":"Ring dei Barbari"},{"language":"Portuguese (Brazil)","name":"Ringue dos Bárbaros"},{"language":"Spanish","name":"Arena bárbara"}],"legalities":{"Odyssey Block":"Legal","Legacy":"Legal","Vintage":"Legal","Freeform":"Legal","Prismatic":"Legal","Tribal Wars Legacy":"Legal","Singleton 100":"Legal","Commander":"Legal"},"printings":["Odyssey","Premium Deck Series: Fire and Lightning"]},{"layout":"normal","type":"Creature — Goblin Warrior","types":["Creature"],"colors":["Red","Green"],"multiverseid":234723,"name":"Boggart Ram-Gang","subtypes":["Goblin","Warrior"],"originalType":"Creature — Goblin Warrior","cmc":3,"rarity":"Uncommon","artist":"Dave Allsop","power":"3","toughness":"3","manaCost":"{R/G}{R/G}{R/G}","text":"Haste\nWither (This deals damage to creatures in the form of -1/-1 counters.)","originalText":"Haste\nWither (This deals damage to creatures in the form of -1/-1 counters.)","flavor":"\"We're going to need a bigger gate.\"\n—Bowen, Barrenton guardcaptain","number":"13","imageName":"boggart ram-gang","foreignNames":[{"language":"Chinese Simplified","name":"波尬攻城组"},{"language":"French","name":"Gang du bélier boggart"},{"language":"German","name":"Boggart-Rammbande"},{"language":"Italian","name":"Squadra d'Assalto Boggart"},{"language":"Japanese","name":"ボガートの突撃隊"},{"language":"Portuguese (Brazil)","name":"Gangue do Aríete Papão"},{"language":"Russian","name":"Боггарты-Таранщики"},{"language":"Spanish","name":"Arieteros boggart"}],"legalities":{"Modern":"Legal","Lorwyn-Shadowmoor Block":"Legal","Legacy":"Legal","Vintage":"Legal","Freeform":"Legal","Prismatic":"Legal","Tribal Wars Legacy":"Legal","Singleton 100":"Legal","Commander":"Legal"},"printings":["WPN and Gateway","Shadowmoor","Premium Deck Series: Fire and Lightning"]},{"layout":"normal","type":"Sorcery","types":["Sorcery"],"colors":["Red"],"multiverseid":234712,"name":"Browbeat","originalType":"Sorcery","cmc":3,"rarity":"Uncommon","artist":"Mark Tedin","manaCost":"{2}{R}","text":"Any player may have Browbeat deal 5 damage to him or her. If no one does, target player draws three cards.","originalText":"Any player may have Browbeat deal 5 damage to him or her. If no one does, target player draws three cards.","flavor":"\"Even the threat of power has power.\"\n—Jeska, warrior adept","number":"21","imageName":"browbeat","foreignNames":[{"language":"Chinese Simplified","name":"威胁恫吓"},{"language":"French","name":"Rudoiement"},{"language":"German","name":"Tyrannisieren"},{"language":"Italian","name":"Tiranneggiare"},{"language":"Japanese","name":"怒鳴りつけ"},{"language":"Portuguese (Brazil)","name":"Intimidar"},{"language":"Russian","name":"Застращать"},{"language":"Spanish","name":"Amedrentar"}],"legalities":{"Modern":"Legal","Time Spiral Block":"Legal","Odyssey Block":"Legal","Legacy":"Legal","Vintage":"Legal","Freeform":"Legal","Prismatic":"Legal","Tribal Wars Legacy":"Legal","Singleton 100":"Legal","Commander":"Legal"},"printings":["Friday Night Magic","Judgment","Time Spiral \"Timeshifted\"","Planechase","Premium Deck Series: Fire and Lightning","Duel Decks: Sorin vs. Tibalt"]},{"layout":"normal","type":"Sorcery","types":["Sorcery"],"colors":["Red"],"multiverseid":217977,"name":"Chain Lightning","originalType":"Sorcery","cmc":1,"rarity":"Common","artist":"Christopher Moeller","manaCost":"{R}","text":"Chain Lightning deals 3 damage to target creature or player. Then that player or that creature's controller may pay {R}{R}. If the player does, he or she may copy this spell and may choose a new target for that copy.","originalText":"Chain Lightning deals 3 damage to target creature or player. Then that player or that creature's controller may pay {R}{R}. If the player does, he or she may copy this spell and may choose a new target for that copy.","number":"16","rulings":[{"date":"2004-10-04","text":"The copy is a spell, so it can be targeted by other spells and abilities that target a spell."},{"date":"2004-10-04","text":"The player putting the copy spell on the stack controls that spell."},{"date":"2004-10-04","text":"The spell copy has all the text and can result in itself being copied."},{"date":"2009-10-01","text":"As Chain Lightning resolves, the targeted player, or the controller of the targeted creature, may copy it. The copy has the same text, target, and color of the resolving spell, though the player who's copying it may choose a new target for it. Once that copy is created (or not), the resolving Chain Lightning has finished resolving and leaves the stack."},{"date":"2009-10-01","text":"If the targeted creature or player is an illegal target by the time Chain Lightning resolves, the spell is countered. It won't be copied."}],"imageName":"chain lightning","legalities":{"Legacy":"Legal","Vintage":"Legal","Freeform":"Legal","Prismatic":"Legal","Commander":"Legal"},"printings":["Legends","Masters Edition III","Premium Deck Series: Fire and Lightning","Vintage Masters"]},{"layout":"normal","type":"Creature — Elemental Shaman","types":["Creature"],"colors":["Red"],"multiverseid":234717,"name":"Cinder Pyromancer","subtypes":["Elemental","Shaman"],"originalType":"Creature — Elemental Shaman","cmc":3,"rarity":"Common","artist":"Greg Staples","power":"0","toughness":"1","manaCost":"{2}{R}","text":"{T}: Cinder Pyromancer deals 1 damage to target player.\nWhenever you cast a red spell, you may untap Cinder Pyromancer.","originalText":"{T}: Cinder Pyromancer deals 1 damage to target player.\nWhenever you cast a red spell, you may untap Cinder Pyromancer.","flavor":"\"If the whole world burns, I'll never grow cold.\"","number":"9","imageName":"cinder pyromancer","foreignNames":[{"language":"Chinese Simplified","name":"烬身烈焰术士"},{"language":"French","name":"Pyromancien scoriacé"},{"language":"German","name":"Rußwesen-Feuerkundler"},{"language":"Italian","name":"Piromante Cinereo"},{"language":"Japanese","name":"燃えがらの紅蓮術士"},{"language":"Portuguese (Brazil)","name":"Piromante Cinzeríneo"},{"language":"Russian","name":"Золовик-Пиромант"},{"language":"Spanish","name":"Piromante ceniciento"}],"legalities":{"Modern":"Legal","Lorwyn-Shadowmoor Block":"Legal","Legacy":"Legal","Vintage":"Legal","Freeform":"Legal","Prismatic":"Legal","Tribal Wars Legacy":"Legal","Singleton 100":"Legal","Commander":"Legal"},"printings":["Eventide","Duels of the Planeswalkers","Premium Deck Series: Fire and Lightning"]},{"layout":"normal","type":"Creature — Kithkin","types":["Creature"],"colors":["White","Red"],"multiverseid":236456,"name":"Figure of Destiny","subtypes":["Kithkin"],"originalType":"Creature — Kithkin","cmc":1,"rarity":"Rare","artist":"Scott M. Fischer","power":"1","toughness":"1","manaCost":"{R/W}","text":"{R/W}: Figure of Destiny becomes a Kithkin Spirit with base power and toughness 2/2.\n{R/W}{R/W}{R/W}: If Figure of Destiny is a Spirit, it becomes a Kithkin Spirit Warrior with base power and toughness 4/4.\n{R/W}{R/W}{R/W}{R/W}{R/W}{R/W}: If Figure of Destiny is a Warrior, it becomes a Kithkin Spirit Warrior Avatar with base power and toughness 8/8, flying, and first strike.","originalText":"{R/W}: Figure of Destiny becomes a 2/2 Kithkin Spirit.\n{R/W}{R/W}{R/W}: If Figure of Destiny is a Spirit, it becomes a 4/4 Kithkin Spirit Warrior.\n{R/W}{R/W}{R/W}{R/W}{R/W}{R/W}: If Figure of Destiny is a Warrior, it becomes an 8/8 Kithkin Spirit Warrior Avatar with flying and first strike.","number":"5","rulings":[{"date":"2008-08-01","text":"None of these abilities has a duration. If one of them resolves, it will remain in effect until the game ends, Figure of Destiny leaves the battlefield, or some subsequent effect changes its characteristics, whichever comes first."},{"date":"2008-08-01","text":"Figure of Destiny's abilities overwrite its power, toughness, and creature types. Typically, those abilities are activated in the order they appear on the card. However, if Figure of Destiny is an 8/8 Kithkin Spirit Warrior Avatar with flying and first strike, and you activate its first ability, it will become a 2/2 Kithkin Spirit that still has flying and first strike."},{"date":"2008-08-01","text":"You can activate Figure of Destiny's second and third abilities regardless of what creature types it is. Each of those abilities checks Figure of Destiny's creature types when that ability resolves. If Figure of Destiny isn't the appropriate creature type at that time, the ability does nothing."},{"date":"2008-08-01","text":"Figure of Destiny's second ability checks whether it's a Spirit, and its third ability checks whether it's a Warrior. It doesn't matter how it became the appropriate creature type."},{"date":"2009-10-01","text":"The effect from the ability overwrites other effects that set power and/or toughness if and only if those effects existed before the ability resolved. It will not overwrite effects that modify power or toughness (whether from a static ability, counters, or a resolved spell or ability), nor will it overwrite effects that set power and toughness which come into existence after the ability resolves. Effects that switch the creature's power and toughness are always applied after any other power or toughness changing effects, including this one, regardless of the order in which they are created."}],"imageName":"figure of destiny","foreignNames":[{"language":"Chinese Simplified","name":"天任斯人"},{"language":"French","name":"Représentation de la destinée"},{"language":"German","name":"Verkörperung des Schicksals"},{"language":"Italian","name":"Figura del Destino"},{"language":"Japanese","name":"運命の大立者"},{"language":"Portuguese (Brazil)","name":"Imagem do Destino"},{"language":"Russian","name":"Роковая Фигура"},{"language":"Spanish","name":"Figura del destino"}],"legalities":{"Modern":"Legal","Lorwyn-Shadowmoor Block":"Legal","Legacy":"Legal","Vintage":"Legal","Freeform":"Legal","Prismatic":"Legal","Tribal Wars Legacy":"Legal","Singleton 100":"Legal","Commander":"Legal"},"printings":["Launch Parties","Eventide","Premium Deck Series: Fire and Lightning","Modern Masters","Duel Decks: Heroes vs. Monsters"]},{"layout":"normal","type":"Creature — Elemental","types":["Creature"],"colors":["Red"],"multiverseid":234702,"name":"Fire Servant","subtypes":["Elemental"],"originalType":"Creature — Elemental","cmc":5,"rarity":"Uncommon","artist":"Ryan Yee","power":"4","toughness":"3","manaCost":"{3}{R}{R}","text":"If a red instant or sorcery spell you control would deal damage, it deals double that damage instead.","originalText":"If a red instant or sorcery spell you control would deal damage, it deals double that damage instead.","flavor":"\"Elemental fire shimmers with rose hues and, unlike terrestrial blazes, smolders long after it's extinguished.\"\n—Jestus Dreya, Of Elements and Eternity","number":"15","rulings":[{"date":"2010-08-15","text":"Fire Servant's ability applies no matter who or what the damage would be dealt to: a creature, a player, or a planeswalker."},{"date":"2010-08-15","text":"If a red instant or sorcery spell you control causes damage to be dealt, that spell will always identify the source of the damage. In most cases, the source is the spell itself. For example, Lightning Bolt says \"Lightning Bolt deals 3 damage to target creature or player.\" Such a spell is affected by Fire Servant's ability. If the source of the damage is something else (for example, if the spell is Soul's Fire, which says \"Target creature you control on the battlefield deals damage equal to its power to target creature or player\"), it isn't affected by Fire Servant's ability."},{"date":"2010-08-15","text":"If multiple effects modify how damage will be dealt, the player who would be dealt damage or the controller of the permanent that would be dealt damage chooses the order to apply the effects. For example, Mending Hands says, \"Prevent the next 4 damage that would be dealt to target creature or player this turn\" and Lava Axe is a red sorcery that says \"Lava Axe deals 5 damage to target player.\" Suppose a Lava Axe controlled by a player who controls Fire Servant would deal 5 damage to a player who has cast Mending Hands targeting him or herself. The player who would be dealt damage can either (a) prevent 4 damage first and then let Fire Servant's effect double the remaining 1 damage, taking 2 damage, or (b) double the damage to 10 and then prevent 4 damage, taking 6 damage."},{"date":"2010-08-15","text":"If a red instant or sorcery spell you control divides damage among multiple recipients (such as Fireball does), the damage is divided before Fire Servant's effect doubles it."},{"date":"2010-08-15","text":"If you control more than one Fire Servant, the effects are cumulative. Two such effects will cause damage from red instant or sorcery spells you control to be multiplied by four; three such effects will cause damage from red instant or sorcery spells you control to be multiplied by eight."}],"imageName":"fire servant","foreignNames":[{"language":"Chinese Traditional","name":"火僕役"},{"language":"Chinese Simplified","name":"火仆役"},{"language":"French","name":"Servant de feu"},{"language":"German","name":"Diener des Feuers"},{"language":"Italian","name":"Servitore di Fuoco"},{"language":"Japanese","name":"火の召使い"},{"language":"Portuguese (Brazil)","name":"Servo do Fogo"},{"language":"Russian","name":"Огненный Слуга"},{"language":"Spanish","name":"Sirviente de fuego"}],"legalities":{"Modern":"Legal","Legacy":"Legal","Vintage":"Legal","Freeform":"Legal","Prismatic":"Legal","Tribal Wars Legacy":"Legal","Singleton 100":"Legal","Commander":"Legal"},"printings":["Magic 2011","Premium Deck Series: Fire and Lightning"]},{"layout":"normal","type":"Sorcery","types":["Sorcery"],"colors":["Red"],"multiverseid":234703,"name":"Fireball","originalType":"Sorcery","cmc":1,"rarity":"Uncommon","artist":"Dave Dorman","manaCost":"{X}{R}","text":"Fireball deals X damage divided evenly, rounded down, among any number of target creatures and/or players.\nFireball costs {1} more to cast for each target beyond the first.","originalText":"Fireball deals X damage divided evenly, rounded down, among any number of target creatures and/or players.\nFireball costs {1} more to cast for each target beyond the first.","number":"27","rulings":[{"date":"2004-12-01","text":"The additional cost is paid when you pay the rest of Fireball's costs, even though that text appears second on the card (to make the card easier to read). The additional cost doesn't count toward Fireball's converted mana cost."},{"date":"2004-12-01","text":"If, for example, X is 5 and you choose three target creatures, Fireball has a total cost of {7}{R} (even though its mana cost is just {5}{R}). If those creatures are all still legal targets as Fireball resolves, it deals 1 damage to each of them."},{"date":"2009-05-01","text":"You may cast Fireball with zero targets, regardless of the value chosen for X. If you do so, it will not be a targeted spell, and no damage will actually be dealt when it resolves."},{"date":"2009-10-01","text":"Fireball's damage is divided as Fireball resolves, not as it's cast, because there are no choices involved. The division involves only targets that are still legal at that time."},{"date":"2009-10-01","text":"You can target more than X creatures. However, if the number of legal targets at the time Fireball resolves is greater than X, none of them will be dealt any damage."}],"imageName":"fireball","foreignNames":[{"language":"Chinese Simplified","name":"火球"},{"language":"Chinese Traditional","name":"火球"},{"language":"French","name":"Boule de feu"},{"language":"German","name":"Feuerball"},{"language":"Italian","name":"Palla di Fuoco"},{"language":"Japanese","name":"火の玉"},{"language":"Portuguese (Brazil)","name":"Bola de Fogo"},{"language":"Russian","name":"Огненный Шар"},{"language":"Spanish","name":"Bola de fuego"}],"legalities":{"Modern":"Legal","Mirrodin Block":"Legal","Legacy":"Legal","Vintage":"Legal","Freeform":"Legal","Prismatic":"Legal","Tribal Wars Legacy":"Legal","Singleton 100":"Legal","Commander":"Legal"},"printings":["Limited Edition Alpha","Limited Edition Beta","Unlimited Edition","Revised Edition","Media Inserts","Fourth Edition","Rivals Quick Start Set","Arena League","Introductory Two-Player Set","Fifth Edition","Anthologies","Beatdown Box Set","Magic Player Rewards","Darksteel","Duel Decks: Jace vs. Chandra","Magic 2010","Archenemy","Magic 2011","Premium Deck Series: Fire and Lightning","Masters Edition IV","Magic 2012","Commander 2013 Edition"]},{"layout":"normal","type":"Instant","types":["Instant"],"colors":["Red"],"multiverseid":234736,"name":"Fireblast","originalType":"Instant","cmc":6,"rarity":"Common","artist":"Michael Danza","manaCost":"{4}{R}{R}","text":"You may sacrifice two Mountains rather than pay Fireblast's mana cost.\nFireblast deals 4 damage to target creature or player.","originalText":"You may sacrifice two Mountains rather than pay Fireblast's mana cost.\nFireblast deals 4 damage to target creature or player.","flavor":"Embermages aren't well known for their diplomatic skills.","number":"26","imageName":"fireblast","foreignNames":[{"language":"Japanese","name":"火炎破"}],"legalities":{"Mirage Block":"Legal","Legacy":"Legal","Vintage":"Legal","Freeform":"Legal","Prismatic":"Legal","Tribal Wars Legacy":"Legal","Singleton 100":"Legal","Commander":"Legal"},"printings":["Visions","Friday Night Magic","Duel Decks: Jace vs. Chandra","Premium Deck Series: Fire and Lightning","Vintage Masters"]},{"layout":"normal","type":"Instant","types":["Instant"],"colors":["Red"],"multiverseid":234718,"name":"Flames of the Blood Hand","originalType":"Instant","cmc":3,"rarity":"Uncommon","artist":"Aleksi Briclot","manaCost":"{2}{R}","text":"Flames of the Blood Hand deals 4 damage to target player. The damage can't be prevented. If that player would gain life this turn, that player gains no life instead.","originalText":"Flames of the Blood Hand deals 4 damage to target player. The damage can't be prevented. If that player would gain life this turn, that player gains no life instead.","flavor":"Many ogres extracted blood oaths from the oni they summoned. Others simply extracted blood.","number":"22","rulings":[{"date":"2005-02-01","text":"The damage is unpreventable, and the targeted player's life gain that turn is replaced with nothing."},{"date":"2005-02-01","text":"The replacement effect applies only to the target player, not to a creature or player the damage might be redirected to."}],"imageName":"flames of the blood hand","foreignNames":[{"language":"Chinese Simplified","name":"血手众焰波"},{"language":"French","name":"Flammes de la main de sang"},{"language":"German","name":"Flammen der blutigen Hand"},{"language":"Italian","name":"Fiamme della Mano Infuocata"},{"language":"Japanese","name":"血の手の炎"},{"language":"Portuguese (Brazil)","name":"Chamas da Mão Ensangüentada"},{"language":"Spanish","name":"Flamas de la mano sangrienta"}],"legalities":{"Modern":"Legal","Kamigawa Block":"Legal","Legacy":"Legal","Vintage":"Legal","Freeform":"Legal","Prismatic":"Legal","Tribal Wars Legacy":"Legal","Singleton 100":"Legal","Commander":"Legal"},"printings":["Betrayers of Kamigawa","Premium Deck Series: Fire and Lightning"]},{"layout":"normal","type":"Land","types":["Land"],"multiverseid":234698,"name":"Ghitu Encampment","originalType":"Land","rarity":"Uncommon","artist":"John Avon","text":"Ghitu Encampment enters the battlefield tapped.\n{T}: Add {R} to your mana pool.\n{1}{R}: Ghitu Encampment becomes a 2/1 red Warrior creature with first strike until end of turn. It's still a land. (It deals combat damage before creatures without first strike.)","originalText":"Ghitu Encampment enters the battlefield tapped.\n{T}: Add {R} to your mana pool.\n{1}{R}: Ghitu Encampment becomes a 2/1 red Warrior creature with first strike until end of turn. It's still a land.","number":"29","rulings":[{"date":"2008-08-01","text":"A noncreature permanent that turns into a creature can attack, and its {T} abilities can be activated, only if its controller has continuously controlled that permanent since the beginning of his or her most recent turn. It doesn't matter how long the permanent has been a creature."},{"date":"2009-10-01","text":"Activating the ability that turns it into a creature while it's already a creature will override any effects that set its power and/or toughness to a specific number. However, any effect that raises or lowers power and/or toughness (such as the effect created by Giant Growth, Glorious Anthem, or a +1/+1 counter) will continue to apply."}],"imageName":"ghitu encampment","foreignNames":[{"language":"Chinese Traditional","name":"基圖營地"},{"language":"Chinese Simplified","name":"基图营地"},{"language":"French","name":"Campement guitûk"},{"language":"German","name":"Ghitulager"},{"language":"Italian","name":"Accampamento Ghitu"},{"language":"Japanese","name":"ギトゥの宿営地"},{"language":"Portuguese (Brazil)","name":"Acampamento Ghitu"},{"language":"Russian","name":"Лагерь Гиту"},{"language":"Spanish","name":"Campamento ghitu"}],"legalities":{"Modern":"Legal","Urza Block":"Legal","Legacy":"Legal","Vintage":"Legal","Freeform":"Legal","Prismatic":"Legal","Tribal Wars Legacy":"Legal","Singleton 100":"Legal","Commander":"Legal"},"printings":["Urza's Legacy","Tenth Edition","Premium Deck Series: Fire and Lightning","Duel Decks: Speed vs. Cunning"]},{"layout":"normal","type":"Creature — Human Wizard","types":["Creature"],"colors":["Red"],"multiverseid":234706,"name":"Grim Lavamancer","subtypes":["Human","Wizard"],"originalType":"Creature — Human Wizard","cmc":1,"rarity":"Rare","artist":"Michael Sutfin","power":"1","toughness":"1","manaCost":"{R}","text":"{R}, {T}, Exile two cards from your graveyard: Grim Lavamancer deals 2 damage to target creature or player.","originalText":"{R}, {T}, Exile two cards from your graveyard: Grim Lavamancer deals 2 damage to target creature or player.","flavor":"\"Fools dig for water, corpses, or gold. The earth's real treasure is far deeper.\"","number":"1","rulings":[{"date":"2011-09-22","text":"The two cards are exiled as the cost of Grim Lavamancer's ability is paid. Players can't respond to the paying of costs by trying to move those cards to another zone."}],"imageName":"grim lavamancer","foreignNames":[{"language":"Chinese Traditional","name":"猙獰熔岩術士"},{"language":"Chinese Simplified","name":"狰狞熔岩术士"},{"language":"French","name":"Sinistre lavamancien"},{"language":"German","name":"Grimmiger Magmamagier"},{"language":"Italian","name":"Lavamante Spietato"},{"language":"Japanese","name":"渋面の溶岩使い"},{"language":"Portuguese (Brazil)","name":"Lavamante Implacável"},{"language":"Russian","name":"Мрачный Лавомант"},{"language":"Spanish","name":"Lavamante siniestro"}],"legalities":{"Modern":"Legal","Odyssey Block":"Legal","Legacy":"Legal","Vintage":"Legal","Freeform":"Legal","Prismatic":"Legal","Tribal Wars Legacy":"Legal","Singleton 100":"Legal","Commander":"Legal"},"printings":["Judge Gift Program","Torment","Premium Deck Series: Fire and Lightning","Magic 2012"]},{"layout":"normal","type":"Sorcery","types":["Sorcery"],"colors":["Red"],"multiverseid":234721,"name":"Hammer of Bogardan","originalType":"Sorcery","cmc":3,"rarity":"Rare","artist":"Ron Spencer","manaCost":"{1}{R}{R}","text":"Hammer of Bogardan deals 3 damage to target creature or player.\n{2}{R}{R}{R}: Return Hammer of Bogardan from your graveyard to your hand. Activate this ability only during your upkeep.","originalText":"Hammer of Bogardan deals 3 damage to target creature or player.\n{2}{R}{R}{R}: Return Hammer of Bogardan from your graveyard to your hand. Activate this ability only during your upkeep.","number":"23","imageName":"hammer of bogardan","foreignNames":[{"language":"French","name":"Marteau du Bogardân"},{"language":"German","name":"Hammer aus Bogardan"},{"language":"Italian","name":"Martello di Bogardan"},{"language":"Portuguese (Brazil)","name":"Martelo de Bogardan"},{"language":"Spanish","name":"Martillo de Bogardan"}],"legalities":{"Modern":"Legal","Mirage Block":"Legal","Legacy":"Legal","Vintage":"Legal","Freeform":"Legal","Prismatic":"Legal","Tribal Wars Legacy":"Legal","Singleton 100":"Legal","Commander":"Legal"},"printings":["Mirage","Judge Gift Program","Classic Sixth Edition","Eighth Edition","Premium Deck Series: Fire and Lightning"]},{"layout":"normal","type":"Creature — Elemental","types":["Creature"],"colors":["Red"],"multiverseid":234711,"name":"Hellspark Elemental","subtypes":["Elemental"],"originalType":"Creature — Elemental","cmc":2,"rarity":"Uncommon","artist":"Justin Sweet","power":"3","toughness":"1","manaCost":"{1}{R}","text":"Trample, haste\nAt the beginning of the end step, sacrifice Hellspark Elemental.\nUnearth {1}{R} ({1}{R}: Return this card from your graveyard to the battlefield. It gains haste. Exile it at the beginning of the next end step or if it would leave the battlefield. Unearth only as a sorcery.)","originalText":"Trample, haste\nAt the beginning of the end step, sacrifice Hellspark Elemental.\nUnearth {1}{R} ({1}{R}: Return this card from your graveyard to the battlefield. It gains haste. Exile it at the beginning of the next end step or if it would leave the battlefield. Unearth only as a sorcery.)","number":"6","imageName":"hellspark elemental","foreignNames":[{"language":"Chinese Simplified","name":"狱燎元素"},{"language":"French","name":"Élémental d'étincelles de l'enfer"},{"language":"German","name":"Höllenfunkenelementar"},{"language":"Italian","name":"Elementale Scintillante Infernale"},{"language":"Japanese","name":"地獄火花の精霊"},{"language":"Portuguese (Brazil)","name":"Elemental da Centelha Infernal"},{"language":"Russian","name":"Элементаль-Искровержец"},{"language":"Spanish","name":"Elemental de chispa infernal"}],"legalities":{"Modern":"Legal","Shards of Alara Block":"Legal","Legacy":"Legal","Vintage":"Legal","Freeform":"Legal","Prismatic":"Legal","Tribal Wars Legacy":"Legal","Singleton 100":"Legal","Commander":"Legal"},"printings":["WPN and Gateway","Conflux","Premium Deck Series: Fire and Lightning","Duel Decks: Sorin vs. Tibalt"]},{"layout":"normal","type":"Creature — Hound","types":["Creature"],"colors":["Red"],"multiverseid":217974,"name":"Jackal Pup","subtypes":["Hound"],"originalType":"Creature — Hound","cmc":1,"rarity":"Uncommon","artist":"Kev Walker","power":"2","toughness":"1","manaCost":"{R}","text":"Whenever Jackal Pup is dealt damage, it deals that much damage to you.","originalText":"Whenever Jackal Pup is dealt damage, it deals that much damage to you.","flavor":"The first morning after acquiring her familiar, the wizard awoke with fleabites and mange.","number":"2","imageName":"jackal pup","legalities":{"Tempest Block":"Legal","Legacy":"Legal","Vintage":"Legal","Commander":"Legal"},"printings":["Tempest","Friday Night Magic","Premium Deck Series: Fire and Lightning"]},{"layout":"normal","supertypes":["Legendary"],"type":"Legendary Creature — Human Spellshaper","types":["Creature"],"colors":["Red"],"multiverseid":234707,"name":"Jaya Ballard, Task Mage","subtypes":["Human","Spellshaper"],"originalType":"Legendary Creature — Human Spellshaper","cmc":3,"rarity":"Rare","artist":"Matt Cavotta","power":"2","toughness":"2","manaCost":"{1}{R}{R}","text":"{R}, {T}, Discard a card: Destroy target blue permanent.\n{1}{R}, {T}, Discard a card: Jaya Ballard, Task Mage deals 3 damage to target creature or player. A creature dealt damage this way can't be regenerated this turn.\n{5}{R}{R}, {T}, Discard a card: Jaya Ballard deals 6 damage to each creature and each player.","originalText":"{R}, {T}, Discard a card: Destroy target blue permanent.\n{1}{R}, {T}, Discard a card: Jaya Ballard, Task Mage deals 3 damage to target creature or player. A creature dealt damage this way can't be regenerated this turn.\n{5}{R}{R}, {T}, Discard a card: Jaya Ballard deals 6 damage to each creature and each player.","number":"10","imageName":"jaya ballard, task mage","foreignNames":[{"language":"Chinese Simplified","name":"特务法术师雅亚巴拉德"},{"language":"French","name":"Jaya Ballard, mage de force"},{"language":"German","name":"Jaya Ballard, Magier für alle Fälle"},{"language":"Italian","name":"Jaya Ballard, Maga Specialista"},{"language":"Japanese","name":"特務魔道士ヤヤ・バラード"},{"language":"Portuguese (Brazil)","name":"Jaya Ballard, Mago Especialista"},{"language":"Russian","name":"Джайя Баллард, Маг-Десятник"},{"language":"Spanish","name":"Jaya Ballard, auxiliar de mago"}],"legalities":{"Modern":"Legal","Time Spiral Block":"Legal","Legacy":"Legal","Vintage":"Legal","Freeform":"Legal","Prismatic":"Legal","Tribal Wars Legacy":"Legal","Singleton 100":"Legal","Commander":"Legal"},"printings":["Media Inserts","Time Spiral","Premium Deck Series: Fire and Lightning"]},{"layout":"normal","type":"Creature — Human Barbarian","types":["Creature"],"colors":["Red"],"multiverseid":234713,"name":"Keldon Champion","subtypes":["Human","Barbarian"],"originalType":"Creature — Human Barbarian","cmc":4,"rarity":"Uncommon","artist":"Mark Tedin","power":"3","toughness":"2","manaCost":"{2}{R}{R}","text":"Haste\nEcho {2}{R}{R} (At the beginning of your upkeep, if this came under your control since the beginning of your last upkeep, sacrifice it unless you pay its echo cost.)\nWhen Keldon Champion enters the battlefield, it deals 3 damage to target player.","originalText":"Haste\nEcho {2}{R}{R} (At the beginning of your upkeep, if this came under your control since the beginning of your last upkeep, sacrifice it unless you pay its echo cost.)\nWhen Keldon Champion enters the battlefield, it deals 3 damage to target player.","number":"14","imageName":"keldon champion","legalities":{"Urza Block":"Legal","Legacy":"Legal","Vintage":"Legal","Commander":"Legal"},"printings":["Urza's Destiny","Planechase","Premium Deck Series: Fire and Lightning"]},{"layout":"normal","type":"Creature — Human Warrior","types":["Creature"],"colors":["Red"],"multiverseid":234709,"name":"Keldon Marauders","subtypes":["Human","Warrior"],"originalType":"Creature — Human Warrior","cmc":2,"rarity":"Common","artist":"Alex Horley-Orlandelli","power":"3","toughness":"3","manaCost":"{1}{R}","text":"Vanishing 2 (This permanent enters the battlefield with two time counters on it. At the beginning of your upkeep, remove a time counter from it. When the last is removed, sacrifice it.)\nWhen Keldon Marauders enters the battlefield or leaves the battlefield, it deals 1 damage to target player.","originalText":"Vanishing 2 (This permanent enters the battlefield with two time counters on it. At the beginning of your upkeep, remove a time counter from it. When the last is removed, sacrifice it.)\nWhen Keldon Marauders enters the battlefield or leaves the battlefield, it deals 1 damage to target player.","number":"7","imageName":"keldon marauders","foreignNames":[{"language":"Chinese Simplified","name":"凯尔顿劫掠者"},{"language":"French","name":"Maraudeurs keldes"},{"language":"German","name":"Keldonischer Marodeur"},{"language":"Italian","name":"Predoni di Keld"},{"language":"Japanese","name":"ケルドの匪賊"},{"language":"Portuguese (Brazil)","name":"Saqueadores Keldonianos"},{"language":"Russian","name":"Келдонские Мародеры"},{"language":"Spanish","name":"Merodeadores keldon"}],"legalities":{"Modern":"Legal","Time Spiral Block":"Legal","Legacy":"Legal","Vintage":"Legal","Freeform":"Legal","Prismatic":"Legal","Tribal Wars Legacy":"Legal","Singleton 100":"Legal","Commander":"Legal"},"printings":["Planar Chaos","Premium Deck Series: Fire and Lightning"]},{"layout":"normal","type":"Instant","types":["Instant"],"colors":["Red"],"multiverseid":234704,"name":"Lightning Bolt","originalType":"Instant","cmc":1,"rarity":"Common","artist":"Christopher Moeller","manaCost":"{R}","text":"Lightning Bolt deals 3 damage to target creature or player.","originalText":"Lightning Bolt deals 3 damage to target creature or player.","number":"17","imageName":"lightning bolt","foreignNames":[{"language":"Chinese Simplified","name":"闪电击"},{"language":"Chinese Traditional","name":"閃電擊"},{"language":"French","name":"Foudre"},{"language":"German","name":"Blitzschlag"},{"language":"Italian","name":"Fulmine"},{"language":"Japanese","name":"稲妻"},{"language":"Portuguese (Brazil)","name":"Raio"},{"language":"Russian","name":"Удар Молнии"},{"language":"Spanish","name":"Relámpago"}],"legalities":{"Modern":"Legal","Legacy":"Legal","Vintage":"Legal","Freeform":"Legal","Prismatic":"Legal","Tribal Wars Legacy":"Legal","Singleton 100":"Legal","Commander":"Legal"},"printings":["Limited Edition Alpha","Limited Edition Beta","Unlimited Edition","Revised Edition","Fourth Edition","Judge Gift Program","Anthologies","Beatdown Box Set","Magic Player Rewards","Masters Edition","Magic 2010","Magic 2011","Premium Deck Series: Fire and Lightning"]},{"layout":"normal","type":"Creature — Goblin","types":["Creature"],"colors":["Red"],"multiverseid":234699,"name":"Mogg Fanatic","subtypes":["Goblin"],"originalType":"Creature — Goblin","cmc":1,"rarity":"Uncommon","artist":"Brom","power":"1","toughness":"1","manaCost":"{R}","text":"Sacrifice Mogg Fanatic: Mogg Fanatic deals 1 damage to target creature or player.","originalText":"Sacrifice Mogg Fanatic: Mogg Fanatic deals 1 damage to target creature or player.","flavor":"\"I got it! I got it! I—\"","number":"3","imageName":"mogg fanatic","foreignNames":[{"language":"Chinese Traditional","name":"迷亂莫葛"},{"language":"Chinese Simplified","name":"迷乱莫葛"},{"language":"French","name":"Mogg fanatique"},{"language":"German","name":"Fanatischer Mogg"},{"language":"Italian","name":"Mogg Fanatico"},{"language":"Japanese","name":"モグの狂信者"},{"language":"Portuguese (Brazil)","name":"Mogg Fanático"},{"language":"Russian","name":"Могг-Фанатик"},{"language":"Spanish","name":"Fanático mogg"}],"legalities":{"Modern":"Legal","Tempest Block":"Legal","Legacy":"Legal","Vintage":"Legal","Freeform":"Legal","Prismatic":"Legal","Tribal Wars Legacy":"Legal","Singleton 100":"Legal","Commander":"Legal"},"printings":["Tempest","Anthologies","Friday Night Magic","WPN and Gateway","Tenth Edition","Duel Decks: Elves vs. Goblins","Premium Deck Series: Fire and Lightning"]},{"layout":"normal","type":"Creature — Goblin","types":["Creature"],"colors":["Red"],"multiverseid":234710,"name":"Mogg Flunkies","subtypes":["Goblin"],"originalType":"Creature — Goblin","cmc":2,"rarity":"Common","artist":"Brom","power":"3","toughness":"3","manaCost":"{1}{R}","text":"Mogg Flunkies can't attack or block alone.","originalText":"Mogg Flunkies can't attack or block alone.","flavor":"They'll attack whatever's in front of them—as long as you tell them where that is.","number":"8","rulings":[{"date":"2012-07-01","text":"Mogg Flunkies can be declared as an attacker only if another creature is declared as an attacker at the same time. Similarly, Mogg Flunkies can be declared as a blocker only if another creature is declared as a blocker at the same time."},{"date":"2012-07-01","text":"Two or more Mogg Flunkies can attack or block together."},{"date":"2012-07-01","text":"Although Mogg Flunkies can't attack alone, the other attacking creature(s) doesn't have to attack the same player or planeswalker. For example, Mogg Flunkies could attack an opponent and another creature could attack a planeswalker that opponent controls."},{"date":"2012-07-01","text":"In a Two-Headed Giant game (or in another format using the shared team turns option), Mogg Flunkies can attack or block with a creature controlled by your teammate, even if no other creatures you control are attacking or blocking."}],"imageName":"mogg flunkies","foreignNames":[{"language":"Chinese Simplified","name":"莫葛跟班"},{"language":"Chinese Traditional","name":"莫葛跟班"},{"language":"French","name":"Moggs bas-de-plafond"},{"language":"German","name":"Mogg-Versager"},{"language":"Italian","name":"Mogg Tirapiedi"},{"language":"Japanese","name":"モグの下働き"},{"language":"Korean","name":"모그 수위병"},{"language":"Portuguese (Brazil)","name":"Moggs Confusos"},{"language":"Russian","name":"Могги-Прислужники"},{"language":"Spanish","name":"Lacayos mogg"}],"legalities":{"Modern":"Legal","Tempest Block":"Legal","Legacy":"Legal","Vintage":"Legal","Freeform":"Legal","Prismatic":"Legal","Tribal Wars Legacy":"Legal","Tribal Wars Standard":"Legal","Singleton 100":"Legal","Commander":"Legal"},"printings":["Stronghold","Anthologies","Premium Deck Series: Fire and Lightning","Magic 2013"]},{"layout":"normal","supertypes":["Basic"],"type":"Basic Land — Mountain","types":["Land"],"multiverseid":234738,"name":"Mountain","subtypes":["Mountain"],"originalType":"Basic Land — Mountain","rarity":"Basic Land","artist":"John Avon","originalText":"R","number":"31","variations":[234739,234741,234740],"imageName":"mountain1","foreignNames":[{"language":"Chinese Simplified","name":"山脉"},{"language":"Chinese Traditional","name":"山脈"},{"language":"French","name":"Montagne"},{"language":"German","name":"Gebirge"},{"language":"Italian","name":"Montagna"},{"language":"Japanese","name":"山"},{"language":"Korean","name":"산"},{"language":"Portuguese (Brazil)","name":"Montanha"},{"language":"Russian","name":"Гора"},{"language":"Spanish","name":"Montaña"}],"legalities":{"Standard":"Legal","Modern":"Legal","Theros Block":"Legal","Return to Ravnica Block":"Legal","Innistrad Block":"Legal","Scars of Mirrodin Block":"Legal","Zendikar Block":"Legal","Shards of Alara Block":"Legal","Lorwyn-Shadowmoor Block":"Legal","Time Spiral Block":"Legal","Ravnica Block":"Legal","Kamigawa Block":"Legal","Mirrodin Block":"Legal","Onslaught Block":"Legal","Odyssey Block":"Legal","Invasion Block":"Legal","Masques Block":"Legal","Urza Block":"Legal","Tempest Block":"Legal","Mirage Block":"Legal","Ice Age Block":"Legal","Un-Sets":"Legal","Legacy":"Legal","Vintage":"Legal","Freeform":"Legal","Prismatic":"Legal","Tribal Wars Legacy":"Legal","Tribal Wars Standard":"Legal","Singleton 100":"Legal","Commander":"Legal"},"printings":["Limited Edition Alpha","Limited Edition Beta","Unlimited Edition","Arabian Nights","Revised Edition","Fourth Edition","Ice Age","Rivals Quick Start Set","Arena League","Mirage","Introductory Two-Player Set","Fifth Edition","Portal","Tempest","Judge Gift Program","Portal Second Age","Unglued","Asia Pacific Land Program","Urza's Saga","Anthologies","Classic Sixth Edition","Portal Three Kingdoms","Starter 1999","Guru","Mercadian Masques","Battle Royale Box Set","European Land Program","Starter 2000","Beatdown Box Set","Invasion","Seventh Edition","Odyssey","Deckmasters","Onslaught","Eighth Edition","Mirrodin","Champions of Kamigawa","Unhinged","Ninth Edition","Ravnica: City of Guilds","Coldsnap Theme Decks","Time Spiral","Tenth Edition","Masters Edition","Lorwyn","Duel Decks: Elves vs. Goblins","Shadowmoor","Shards of Alara","Duel Decks: Jace vs. Chandra","Magic 2010","Planechase","Masters Edition III","Zendikar","Premium Deck Series: Slivers","Duel Decks: Phyrexia vs. the Coalition","Rise of the Eldrazi","Duels of the Planeswalkers","Archenemy","Magic 2011","Scars of Mirrodin","Premium Deck Series: Fire and Lightning","Mirrodin Besieged","Duel Decks: Knights vs. Dragons","New Phyrexia","Magic: The Gathering-Commander","Magic 2012","Duel Decks: Ajani vs. Nicol Bolas","Innistrad","Duel Decks: Venser vs. Koth","Avacyn Restored","Planechase 2012 Edition","Magic 2013","Duel Decks: Izzet vs. Golgari","Return to Ravnica","Duel Decks: Sorin vs. Tibalt","Magic 2014 Core Set","Duel Decks: Heroes vs. Monsters","Theros","Commander 2013 Edition","Magic 2015 Core Set","Duel Decks: Speed vs. Cunning","Khans of Tarkir","Commander 2014","Fate Reforged"]},{"layout":"normal","supertypes":["Basic"],"type":"Basic Land — Mountain","types":["Land"],"multiverseid":234739,"name":"Mountain","subtypes":["Mountain"],"originalType":"Basic Land — Mountain","rarity":"Basic Land","artist":"Aleksi Briclot","originalText":"R","number":"32","variations":[234738,234741,234740],"imageName":"mountain2","foreignNames":[{"language":"Chinese Simplified","name":"山脉"},{"language":"Chinese Traditional","name":"山脈"},{"language":"French","name":"Montagne"},{"language":"German","name":"Gebirge"},{"language":"Italian","name":"Montagna"},{"language":"Japanese","name":"山"},{"language":"Korean","name":"산"},{"language":"Portuguese (Brazil)","name":"Montanha"},{"language":"Russian","name":"Гора"},{"language":"Spanish","name":"Montaña"}],"legalities":{"Standard":"Legal","Modern":"Legal","Theros Block":"Legal","Return to Ravnica Block":"Legal","Innistrad Block":"Legal","Scars of Mirrodin Block":"Legal","Zendikar Block":"Legal","Shards of Alara Block":"Legal","Lorwyn-Shadowmoor Block":"Legal","Time Spiral Block":"Legal","Ravnica Block":"Legal","Kamigawa Block":"Legal","Mirrodin Block":"Legal","Onslaught Block":"Legal","Odyssey Block":"Legal","Invasion Block":"Legal","Masques Block":"Legal","Urza Block":"Legal","Tempest Block":"Legal","Mirage Block":"Legal","Ice Age Block":"Legal","Un-Sets":"Legal","Legacy":"Legal","Vintage":"Legal","Freeform":"Legal","Prismatic":"Legal","Tribal Wars Legacy":"Legal","Tribal Wars Standard":"Legal","Singleton 100":"Legal","Commander":"Legal"},"printings":["Limited Edition Alpha","Limited Edition Beta","Unlimited Edition","Arabian Nights","Revised Edition","Fourth Edition","Ice Age","Rivals Quick Start Set","Arena League","Mirage","Introductory Two-Player Set","Fifth Edition","Portal","Tempest","Judge Gift Program","Portal Second Age","Unglued","Asia Pacific Land Program","Urza's Saga","Anthologies","Classic Sixth Edition","Portal Three Kingdoms","Starter 1999","Guru","Mercadian Masques","Battle Royale Box Set","European Land Program","Starter 2000","Beatdown Box Set","Invasion","Seventh Edition","Odyssey","Deckmasters","Onslaught","Eighth Edition","Mirrodin","Champions of Kamigawa","Unhinged","Ninth Edition","Ravnica: City of Guilds","Coldsnap Theme Decks","Time Spiral","Tenth Edition","Masters Edition","Lorwyn","Duel Decks: Elves vs. Goblins","Shadowmoor","Shards of Alara","Duel Decks: Jace vs. Chandra","Magic 2010","Planechase","Masters Edition III","Zendikar","Premium Deck Series: Slivers","Duel Decks: Phyrexia vs. the Coalition","Rise of the Eldrazi","Duels of the Planeswalkers","Archenemy","Magic 2011","Scars of Mirrodin","Premium Deck Series: Fire and Lightning","Mirrodin Besieged","Duel Decks: Knights vs. Dragons","New Phyrexia","Magic: The Gathering-Commander","Magic 2012","Duel Decks: Ajani vs. Nicol Bolas","Innistrad","Duel Decks: Venser vs. Koth","Avacyn Restored","Planechase 2012 Edition","Magic 2013","Duel Decks: Izzet vs. Golgari","Return to Ravnica","Duel Decks: Sorin vs. Tibalt","Magic 2014 Core Set","Duel Decks: Heroes vs. Monsters","Theros","Commander 2013 Edition","Magic 2015 Core Set","Duel Decks: Speed vs. Cunning","Khans of Tarkir","Commander 2014","Fate Reforged"]},{"layout":"normal","supertypes":["Basic"],"type":"Basic Land — Mountain","types":["Land"],"multiverseid":234740,"name":"Mountain","subtypes":["Mountain"],"originalType":"Basic Land — Mountain","rarity":"Basic Land","artist":"Aleksi Briclot","originalText":"R","number":"33","variations":[234739,234738,234741],"imageName":"mountain3","foreignNames":[{"language":"Chinese Simplified","name":"山脉"},{"language":"Chinese Traditional","name":"山脈"},{"language":"French","name":"Montagne"},{"language":"German","name":"Gebirge"},{"language":"Italian","name":"Montagna"},{"language":"Japanese","name":"山"},{"language":"Korean","name":"산"},{"language":"Portuguese (Brazil)","name":"Montanha"},{"language":"Russian","name":"Гора"},{"language":"Spanish","name":"Montaña"}],"legalities":{"Standard":"Legal","Modern":"Legal","Theros Block":"Legal","Return to Ravnica Block":"Legal","Innistrad Block":"Legal","Scars of Mirrodin Block":"Legal","Zendikar Block":"Legal","Shards of Alara Block":"Legal","Lorwyn-Shadowmoor Block":"Legal","Time Spiral Block":"Legal","Ravnica Block":"Legal","Kamigawa Block":"Legal","Mirrodin Block":"Legal","Onslaught Block":"Legal","Odyssey Block":"Legal","Invasion Block":"Legal","Masques Block":"Legal","Urza Block":"Legal","Tempest Block":"Legal","Mirage Block":"Legal","Ice Age Block":"Legal","Un-Sets":"Legal","Legacy":"Legal","Vintage":"Legal","Freeform":"Legal","Prismatic":"Legal","Tribal Wars Legacy":"Legal","Tribal Wars Standard":"Legal","Singleton 100":"Legal","Commander":"Legal"},"printings":["Limited Edition Alpha","Limited Edition Beta","Unlimited Edition","Arabian Nights","Revised Edition","Fourth Edition","Ice Age","Rivals Quick Start Set","Arena League","Mirage","Introductory Two-Player Set","Fifth Edition","Portal","Tempest","Judge Gift Program","Portal Second Age","Unglued","Asia Pacific Land Program","Urza's Saga","Anthologies","Classic Sixth Edition","Portal Three Kingdoms","Starter 1999","Guru","Mercadian Masques","Battle Royale Box Set","European Land Program","Starter 2000","Beatdown Box Set","Invasion","Seventh Edition","Odyssey","Deckmasters","Onslaught","Eighth Edition","Mirrodin","Champions of Kamigawa","Unhinged","Ninth Edition","Ravnica: City of Guilds","Coldsnap Theme Decks","Time Spiral","Tenth Edition","Masters Edition","Lorwyn","Duel Decks: Elves vs. Goblins","Shadowmoor","Shards of Alara","Duel Decks: Jace vs. Chandra","Magic 2010","Planechase","Masters Edition III","Zendikar","Premium Deck Series: Slivers","Duel Decks: Phyrexia vs. the Coalition","Rise of the Eldrazi","Duels of the Planeswalkers","Archenemy","Magic 2011","Scars of Mirrodin","Premium Deck Series: Fire and Lightning","Mirrodin Besieged","Duel Decks: Knights vs. Dragons","New Phyrexia","Magic: The Gathering-Commander","Magic 2012","Duel Decks: Ajani vs. Nicol Bolas","Innistrad","Duel Decks: Venser vs. Koth","Avacyn Restored","Planechase 2012 Edition","Magic 2013","Duel Decks: Izzet vs. Golgari","Return to Ravnica","Duel Decks: Sorin vs. Tibalt","Magic 2014 Core Set","Duel Decks: Heroes vs. Monsters","Theros","Commander 2013 Edition","Magic 2015 Core Set","Duel Decks: Speed vs. Cunning","Khans of Tarkir","Commander 2014","Fate Reforged"]},{"layout":"normal","supertypes":["Basic"],"type":"Basic Land — Mountain","types":["Land"],"multiverseid":234741,"name":"Mountain","subtypes":["Mountain"],"originalType":"Basic Land — Mountain","rarity":"Basic Land","artist":"Richard Wright","originalText":"R","number":"34","variations":[234739,234738,234740],"imageName":"mountain4","foreignNames":[{"language":"Chinese Simplified","name":"山脉"},{"language":"Chinese Traditional","name":"山脈"},{"language":"French","name":"Montagne"},{"language":"German","name":"Gebirge"},{"language":"Italian","name":"Montagna"},{"language":"Japanese","name":"山"},{"language":"Korean","name":"산"},{"language":"Portuguese (Brazil)","name":"Montanha"},{"language":"Russian","name":"Гора"},{"language":"Spanish","name":"Montaña"}],"legalities":{"Standard":"Legal","Modern":"Legal","Theros Block":"Legal","Return to Ravnica Block":"Legal","Innistrad Block":"Legal","Scars of Mirrodin Block":"Legal","Zendikar Block":"Legal","Shards of Alara Block":"Legal","Lorwyn-Shadowmoor Block":"Legal","Time Spiral Block":"Legal","Ravnica Block":"Legal","Kamigawa Block":"Legal","Mirrodin Block":"Legal","Onslaught Block":"Legal","Odyssey Block":"Legal","Invasion Block":"Legal","Masques Block":"Legal","Urza Block":"Legal","Tempest Block":"Legal","Mirage Block":"Legal","Ice Age Block":"Legal","Un-Sets":"Legal","Legacy":"Legal","Vintage":"Legal","Freeform":"Legal","Prismatic":"Legal","Tribal Wars Legacy":"Legal","Tribal Wars Standard":"Legal","Singleton 100":"Legal","Commander":"Legal"},"printings":["Limited Edition Alpha","Limited Edition Beta","Unlimited Edition","Arabian Nights","Revised Edition","Fourth Edition","Ice Age","Rivals Quick Start Set","Arena League","Mirage","Introductory Two-Player Set","Fifth Edition","Portal","Tempest","Judge Gift Program","Portal Second Age","Unglued","Asia Pacific Land Program","Urza's Saga","Anthologies","Classic Sixth Edition","Portal Three Kingdoms","Starter 1999","Guru","Mercadian Masques","Battle Royale Box Set","European Land Program","Starter 2000","Beatdown Box Set","Invasion","Seventh Edition","Odyssey","Deckmasters","Onslaught","Eighth Edition","Mirrodin","Champions of Kamigawa","Unhinged","Ninth Edition","Ravnica: City of Guilds","Coldsnap Theme Decks","Time Spiral","Tenth Edition","Masters Edition","Lorwyn","Duel Decks: Elves vs. Goblins","Shadowmoor","Shards of Alara","Duel Decks: Jace vs. Chandra","Magic 2010","Planechase","Masters Edition III","Zendikar","Premium Deck Series: Slivers","Duel Decks: Phyrexia vs. the Coalition","Rise of the Eldrazi","Duels of the Planeswalkers","Archenemy","Magic 2011","Scars of Mirrodin","Premium Deck Series: Fire and Lightning","Mirrodin Besieged","Duel Decks: Knights vs. Dragons","New Phyrexia","Magic: The Gathering-Commander","Magic 2012","Duel Decks: Ajani vs. Nicol Bolas","Innistrad","Duel Decks: Venser vs. Koth","Avacyn Restored","Planechase 2012 Edition","Magic 2013","Duel Decks: Izzet vs. Golgari","Return to Ravnica","Duel Decks: Sorin vs. Tibalt","Magic 2014 Core Set","Duel Decks: Heroes vs. Monsters","Theros","Commander 2013 Edition","Magic 2015 Core Set","Duel Decks: Speed vs. Cunning","Khans of Tarkir","Commander 2014","Fate Reforged"]},{"layout":"normal","type":"Sorcery","types":["Sorcery"],"colors":["Red"],"multiverseid":234720,"name":"Pillage","originalType":"Sorcery","cmc":3,"rarity":"Uncommon","artist":"Bradley Williams","manaCost":"{1}{R}{R}","text":"Destroy target artifact or land. It can't be regenerated.","originalText":"Destroy target artifact or land. It can't be regenerated.","number":"24","imageName":"pillage","foreignNames":[{"language":"German","name":"Plünderung"}],"legalities":{"Ice Age Block":"Legal","Legacy":"Legal","Vintage":"Legal","Freeform":"Legal","Prismatic":"Legal","Tribal Wars Legacy":"Legal","Singleton 100":"Legal","Commander":"Legal"},"printings":["Alliances","Arena League","Classic Sixth Edition","Seventh Edition","Deckmasters","Masters Edition II","Premium Deck Series: Fire and Lightning"]},{"layout":"normal","type":"Instant","types":["Instant"],"colors":["Red"],"multiverseid":234714,"name":"Price of Progress","originalType":"Instant","cmc":2,"rarity":"Uncommon","artist":"Richard Kane Ferguson","manaCost":"{1}{R}","text":"Price of Progress deals damage to each player equal to twice the number of nonbasic lands that player controls.","originalText":"Price of Progress deals damage to each player equal to twice the number of nonbasic lands that player controls.","flavor":"Man versus nature is not a fair fight.","number":"18","imageName":"price of progress","legalities":{"Tempest Block":"Legal","Legacy":"Legal","Vintage":"Legal","Commander":"Legal"},"printings":["Exodus","Premium Deck Series: Fire and Lightning"]},{"layout":"normal","type":"Instant","types":["Instant"],"colors":["Red"],"multiverseid":234705,"name":"Reverberate","originalType":"Instant","cmc":2,"rarity":"Rare","artist":"jD","manaCost":"{R}{R}","text":"Copy target instant or sorcery spell. You may choose new targets for the copy.","originalText":"Copy target instant or sorcery spell. You may choose new targets for the copy.","flavor":"\"I'm not indecisive. I just don't like to limit my options.\"\n—Maxti, pyromancer","number":"20","rulings":[{"date":"2010-08-15","text":"Reverberate can target (and copy) any instant or sorcery spell, not just one with targets. It doesn't matter who controls it."},{"date":"2010-08-15","text":"When Reverberate resolves, it creates a copy of a spell. You control the copy. That copy is created on the stack, so it's not \"cast.\" Abilities that trigger when a player casts a spell won't trigger. The copy will then resolve like a normal spell, after players get a chance to cast spells and activate abilities."},{"date":"2010-08-15","text":"The copy will have the same targets as the spell it's copying unless you choose new ones. You may change any number of the targets, including all of them or none of them. If, for one of the targets, you can't choose a new legal target, then it remains unchanged (even if the current target is illegal)."},{"date":"2010-08-15","text":"If the spell Reverberate copies is modal (that is, it says \"Choose one --\" or the like), the copy will have the same mode. You can't choose a different one."},{"date":"2010-08-15","text":"If the spell Reverberate copies has an X whose value was determined as it was cast (like Earthquake does), the copy has the same value of X."},{"date":"2010-08-15","text":"You can't choose to pay any additional costs for the copy. However, effects based on any additional costs that were paid for the original spell are copied as though those same costs were paid for the copy too. For example, if a player sacrifices a 3/3 creature to cast Fling, and you copy it with Reverberate, the copy of Fling will also deal 3 damage to its target."},{"date":"2010-08-15","text":"If the copy says that it affects \"you,\" it affects the controller of the copy, not the controller of the original spell. Similarly, if the copy says that it affects an \"opponent,\" it affects an opponent of the copy's controller, not an opponent of the original spell's controller."}],"imageName":"reverberate","foreignNames":[{"language":"Chinese Traditional","name":"令其回響"},{"language":"Chinese Simplified","name":"令其回响"},{"language":"French","name":"Réverbérer"},{"language":"German","name":"Nachhallen"},{"language":"Italian","name":"Riverberare"},{"language":"Japanese","name":"余韻"},{"language":"Korean","name":"반향"},{"language":"Portuguese (Brazil)","name":"Reverberar"},{"language":"Russian","name":"Реверберация"},{"language":"Spanish","name":"Reverberar"}],"legalities":{"Modern":"Legal","Legacy":"Legal","Vintage":"Legal","Freeform":"Legal","Prismatic":"Legal","Tribal Wars Legacy":"Legal","Tribal Wars Standard":"Legal","Singleton 100":"Legal","Commander":"Legal"},"printings":["Magic 2011","Premium Deck Series: Fire and Lightning","Magic 2012","Magic 2013"]},{"layout":"normal","type":"Creature — Elemental","types":["Creature"],"colors":["Red"],"multiverseid":234700,"name":"Spark Elemental","subtypes":["Elemental"],"originalType":"Creature — Elemental","cmc":1,"rarity":"Uncommon","artist":"John Avon","power":"3","toughness":"1","manaCost":"{R}","text":"Trample, haste (If this creature would assign enough damage to its blockers to destroy them, you may have it assign the rest of its damage to defending player or planeswalker. This creature can attack and {T} as soon as it comes under your control.)\nAt the beginning of the end step, sacrifice Spark Elemental.","originalText":"Trample, haste\nAt the beginning of the end step, sacrifice Spark Elemental.","flavor":"Vulshok shamans could never keep them alive for more than a few seconds, yet those few seconds seemed to be enough.","number":"4","imageName":"spark elemental","foreignNames":[{"language":"Chinese Simplified","name":"星火元素"},{"language":"Chinese Traditional","name":"星火元素"},{"language":"French","name":"Élémental d'étincelles"},{"language":"German","name":"Funkenelementar"},{"language":"Italian","name":"Elementale Scintillante"},{"language":"Japanese","name":"火花の精霊"},{"language":"Portuguese (Brazil)","name":"Elemental de Centelhas"},{"language":"Russian","name":"Искра-Элементаль"},{"language":"Spanish","name":"Elemental de chispas"}],"legalities":{"Modern":"Legal","Mirrodin Block":"Legal","Legacy":"Legal","Vintage":"Legal","Freeform":"Legal","Prismatic":"Legal","Tribal Wars Legacy":"Legal","Singleton 100":"Legal","Commander":"Legal"},"printings":["Fifth Dawn","Tenth Edition","Premium Deck Series: Fire and Lightning"]},{"layout":"normal","type":"Instant","types":["Instant"],"colors":["Red"],"multiverseid":234701,"name":"Sudden Impact","originalType":"Instant","cmc":4,"rarity":"Uncommon","artist":"Wayne Reynolds","manaCost":"{3}{R}","text":"Sudden Impact deals damage to target player equal to the number of cards in that player's hand.","originalText":"Sudden Impact deals damage equal to the number of cards in target player's hand to that player.","flavor":"\"Some say it's better to think before you act. While those people are considering all the options, that's usually when I kill them.\"\n—Dravus, lava mage","number":"25","imageName":"sudden impact","foreignNames":[{"language":"Chinese Simplified","name":"猛然撞击"},{"language":"Chinese Traditional","name":"猛然撞擊"},{"language":"French","name":"Choc soudain"},{"language":"German","name":"Plötzlicher Aufprall"},{"language":"Italian","name":"Impatto Improvviso"},{"language":"Japanese","name":"突然の衝撃"},{"language":"Portuguese (Brazil)","name":"Impacto Súbito"},{"language":"Russian","name":"Внезапный удар"},{"language":"Spanish","name":"Impacto súbito"}],"legalities":{"Modern":"Legal","Tempest Block":"Legal","Legacy":"Legal","Vintage":"Legal","Freeform":"Legal","Prismatic":"Legal","Tribal Wars Legacy":"Legal","Singleton 100":"Legal","Commander":"Legal"},"printings":["Tempest","Seventh Edition","Eighth Edition","Ninth Edition","Tenth Edition","Premium Deck Series: Fire and Lightning"]},{"layout":"normal","type":"Land","types":["Land"],"multiverseid":234715,"name":"Teetering Peaks","originalType":"Land","rarity":"Common","artist":"Fred Fields","text":"Teetering Peaks enters the battlefield tapped.\nWhen Teetering Peaks enters the battlefield, target creature gets +2/+0 until end of turn.\n{T}: Add {R} to your mana pool.","originalText":"Teetering Peaks enters the battlefield tapped.\nWhen Teetering Peaks enters the battlefield, target creature gets +2/+0 until end of turn.\n{T}: Add {R} to your mana pool.","number":"30","imageName":"teetering peaks","foreignNames":[{"language":"Chinese Simplified","name":"晃摇山峰"},{"language":"French","name":"Pics vacillants"},{"language":"German","name":"Wippender Gipfel"},{"language":"Italian","name":"Picchi Vacillanti"},{"language":"Japanese","name":"ぐらつく峰"},{"language":"Portuguese (Brazil)","name":"Picos Vacilantes"},{"language":"Russian","name":"Шатающиеся Пики"},{"language":"Spanish","name":"Picos oscilantes"}],"legalities":{"Modern":"Legal","Zendikar Block":"Legal","Legacy":"Legal","Vintage":"Legal","Freeform":"Legal","Prismatic":"Legal","Tribal Wars Legacy":"Legal","Singleton 100":"Legal","Commander":"Legal"},"printings":["Friday Night Magic","Zendikar","Premium Deck Series: Fire and Lightning"]},{"layout":"normal","type":"Instant","types":["Instant"],"colors":["Red"],"multiverseid":234716,"name":"Thunderbolt","originalType":"Instant","cmc":2,"rarity":"Common","artist":"Dylan Martens","manaCost":"{1}{R}","text":"Choose one —\n• Thunderbolt deals 3 damage to target player.\n• Thunderbolt deals 4 damage to target creature with flying.","originalText":"Choose one — Thunderbolt deals 3 damage to target player; or Thunderbolt deals 4 damage to target creature with flying.","flavor":"\"Most wizards consider a thunderbolt to be a proper retort.\"\n—Ertai, wizard adept","number":"19","imageName":"thunderbolt","foreignNames":[{"language":"Chinese Traditional","name":"雷擊"},{"language":"Chinese Simplified","name":"雷击"},{"language":"French","name":"Éclair foudroyant"},{"language":"German","name":"Donnerschlag"},{"language":"Italian","name":"Saetta"},{"language":"Japanese","name":"いかづち"},{"language":"Korean","name":"낙뢰"},{"language":"Portuguese (Brazil)","name":"Relâmpago"},{"language":"Russian","name":"Грозовой Разряд"},{"language":"Spanish","name":"Rayo"}],"legalities":{"Modern":"Legal","Innistrad Block":"Legal","Mirage Block":"Legal","Legacy":"Legal","Vintage":"Legal","Freeform":"Legal","Prismatic":"Legal","Tribal Wars Legacy":"Legal","Tribal Wars Standard":"Legal","Singleton 100":"Legal","Commander":"Legal"},"printings":["Weatherlight","Beatdown Box Set","Premium Deck Series: Fire and Lightning","Avacyn Restored"]},{"layout":"normal","type":"Creature — Human Shaman","types":["Creature"],"colors":["Red"],"multiverseid":234719,"name":"Vulshok Sorcerer","subtypes":["Human","Shaman"],"originalType":"Creature — Human Shaman","cmc":3,"rarity":"Common","artist":"rk post","power":"1","toughness":"1","manaCost":"{1}{R}{R}","text":"Haste\n{T}: Vulshok Sorcerer deals 1 damage to target creature or player.","originalText":"Haste\n{T}: Vulshok Sorcerer deals 1 damage to target creature or player.","flavor":"Vulshok sorcerers train by leaping into electrified storm clouds. Dead or alive, they come back down with smiles on their faces.","number":"11","imageName":"vulshok sorcerer","foreignNames":[{"language":"Chinese Simplified","name":"瓦许克术士"},{"language":"French","name":"Sorcière vulshoke"},{"language":"German","name":"Vulshok-Hexenmeisterin"},{"language":"Italian","name":"Fattucchiera Vulshok"},{"language":"Japanese","name":"ヴァルショクの魔術師"},{"language":"Portuguese (Brazil)","name":"Feiticeiro Vulshoque"},{"language":"Spanish","name":"Hechicera vúlshok"}],"legalities":{"Modern":"Legal","Mirrodin Block":"Legal","Legacy":"Legal","Vintage":"Legal","Freeform":"Legal","Prismatic":"Legal","Tribal Wars Legacy":"Legal","Singleton 100":"Legal","Commander":"Legal"},"printings":["Fifth Dawn","Premium Deck Series: Fire and Lightning","Duel Decks: Venser vs. Koth"]}]}