{"name":"Premium Deck Series: Graveborn","code":"PD3","releaseDate":"2011-11-18","border":"black","type":"premium deck","cards":[{"layout":"normal","type":"Enchantment — Aura","types":["Enchantment"],"colors":["Black"],"multiverseid":265167,"name":"Animate Dead","subtypes":["Aura"],"originalType":"Enchantment — Aura","cmc":2,"rarity":"Uncommon","artist":"Anthony Jones","manaCost":"{1}{B}","text":"Enchant creature card in a graveyard\nWhen Animate Dead enters the battlefield, if it's on the battlefield, it loses \"enchant creature card in a graveyard\" and gains \"enchant creature put onto the battlefield with Animate Dead.\" Return enchanted creature card to the battlefield under your control and attach Animate Dead to it. When Animate Dead leaves the battlefield, that creature's controller sacrifices it.\nEnchanted creature gets -1/-0.","originalText":"Enchant creature card in a graveyard\nWhen Animate Dead enters the battlefield, if it's on the battlefield, it loses \"enchant creature card in a graveyard\" and gains \"enchant creature put onto the battlefield with Animate Dead.\" Return enchanted creature card to the battlefield under your control and attach Animate Dead to it. When Animate Dead leaves the battlefield, that creature's controller sacrifices it.\nEnchanted creature gets -1/-0.","number":"16","rulings":[{"date":"2004-10-04","text":"When putting a card onto the battlefield that requires a definition for its value or some other choice, you do what is needed to define the value or make the choice."},{"date":"2007-09-16","text":"This is a new wording. Animate Dead is now an Aura. You target a creature card in a graveyard when you cast it. It enters the battlefield attached to that card. Then it returns that card to the battlefield, and attaches itself to that card again (since the card is treated as a new object on the battlefield)."},{"date":"2007-09-16","text":"Once the creature is returned to the battlefield, Animate Dead can't be attached to anything other than it (unless Animate Dead somehow manages to put a different creature onto the battlefield). Attempting to move Animate Dead to another creature won't work."},{"date":"2008-04-01","text":"If the creature card put onto the battlefield has Protection from Black (or anything that prevents this from legally being attached), this won't be able to attach to it. Then this will go to the graveyard as a State-Based Action, causing the creature to be sacrificed."},{"date":"2008-04-01","text":"A \"creature card\" is any card with the type Creature, even if it has other types such as Artifact, Enchantment, or Land. Older cards of type Summon are also Creature cards."}],"imageName":"animate dead","legalities":{"Legacy":"Legal","Vintage":"Legal","Freeform":"Legal","Prismatic":"Legal","Tribal Wars Legacy":"Legal","Singleton 100":"Legal","Commander":"Legal"},"printings":["Limited Edition Alpha","Limited Edition Beta","Unlimited Edition","Revised Edition","Fourth Edition","Fifth Edition","Masters Edition","Premium Deck Series: Graveborn","Vintage Masters"]},{"layout":"normal","type":"Creature — Avatar","types":["Creature"],"colors":["Black"],"multiverseid":270448,"name":"Avatar of Woe","subtypes":["Avatar"],"originalType":"Creature — Avatar","cmc":8,"rarity":"Rare","artist":"rk post","power":"6","toughness":"5","manaCost":"{6}{B}{B}","text":"If there are ten or more creature cards total in all graveyards, Avatar of Woe costs {6} less to cast.\nFear (This creature can't be blocked except by artifact creatures and/or black creatures.)\n{T}: Destroy target creature. It can't be regenerated.","originalText":"If there are ten or more creature cards total in all graveyards, Avatar of Woe costs {6} less to cast.\nFear (This creature can't be blocked except by artifact creatures and/or black creatures.)\n{T}: Destroy target creature. It can't be regenerated.","number":"6","rulings":[{"date":"2004-10-04","text":"The converted mana cost of this card is still 8, even if you only pay {B}{B} to cast it."}],"imageName":"avatar of woe","foreignNames":[{"language":"Chinese Simplified","name":"灾祸化身"},{"language":"French","name":"Avatar du malheur"},{"language":"German","name":"Avatar des Leids"},{"language":"Italian","name":"Avatar della Disperazione"},{"language":"Japanese","name":"悲哀の化身"},{"language":"Portuguese (Brazil)","name":"Avatar da Mágoa"},{"language":"Russian","name":"Аватар Скорби"},{"language":"Spanish","name":"Avatar de la miseria"}],"legalities":{"Modern":"Legal","Time Spiral Block":"Legal","Masques Block":"Legal","Legacy":"Legal","Vintage":"Legal","Freeform":"Legal","Prismatic":"Legal","Tribal Wars Legacy":"Legal","Singleton 100":"Legal","Commander":"Legal"},"printings":["Prophecy","Time Spiral \"Timeshifted\"","Pro Tour","Archenemy","Magic: The Gathering-Commander","Premium Deck Series: Graveborn"]},{"layout":"normal","type":"Creature — Archon","types":["Creature"],"colors":["White"],"multiverseid":270449,"name":"Blazing Archon","subtypes":["Archon"],"originalType":"Creature — Archon","cmc":9,"rarity":"Rare","artist":"Zoltan Boros & Gabor Szikszai","power":"5","toughness":"6","manaCost":"{6}{W}{W}{W}","text":"Flying\nCreatures can't attack you.","originalText":"Flying\nCreatures can't attack you.","flavor":"\"Through the haze of battle I saw the glint of sun on golden mane, the sheen of glory clad in mail, and I dropped my sword and wept at the idiocy of war.\"\n—Dravin, Gruul deserter","number":"11","rulings":[{"date":"2014-02-01","text":"Unless some effect explicitly says otherwise, a creature that can't attack you can still attack a planeswalker you control."}],"imageName":"blazing archon","foreignNames":[{"language":"Chinese Simplified","name":"辉光统领"},{"language":"French","name":"Archonte brûlant"},{"language":"German","name":"Flammender Archon"},{"language":"Italian","name":"Arconte Sfavillante"},{"language":"Japanese","name":"魅力的な執政官"},{"language":"Portuguese (Brazil)","name":"Arconte Flamejante"},{"language":"Russian","name":"Блистающий архон"},{"language":"Spanish","name":"Arconte llameante"}],"legalities":{"Modern":"Legal","Ravnica Block":"Legal","Legacy":"Legal","Vintage":"Legal","Freeform":"Legal","Prismatic":"Legal","Tribal Wars Legacy":"Legal","Singleton 100":"Legal","Commander":"Legal"},"printings":["Ravnica: City of Guilds","Premium Deck Series: Graveborn"]},{"layout":"normal","type":"Sorcery","types":["Sorcery"],"colors":["Black"],"multiverseid":270455,"name":"Buried Alive","originalType":"Sorcery","cmc":3,"rarity":"Uncommon","artist":"Greg Staples","manaCost":"{2}{B}","text":"Search your library for up to three creature cards and put them into your graveyard. Then shuffle your library.","originalText":"Search your library for up to three creature cards and put them into your graveyard. Then shuffle your library.","flavor":"The scrape of shovels and the tumble of cold dirt soon muffled their pleas.","number":"20","rulings":[{"date":"2004-10-04","text":"You can look in your library and then choose to find any number from zero to three creatures after you look at it."}],"imageName":"buried alive","foreignNames":[{"language":"French","name":"Enterré vivant"},{"language":"German","name":"Lebendig begraben"},{"language":"Italian","name":"Sepolto Vivo"},{"language":"Japanese","name":"生き埋め"},{"language":"Portuguese (Brazil)","name":"Enterrado Vivo"},{"language":"Spanish","name":"Entierro en vida"}],"legalities":{"Odyssey Block":"Legal","Mirage Block":"Legal","Legacy":"Legal","Vintage":"Legal","Freeform":"Legal","Prismatic":"Banned","Tribal Wars Legacy":"Legal","Singleton 100":"Legal","Commander":"Legal"},"printings":["Weatherlight","Odyssey","Magic: The Gathering-Commander","Premium Deck Series: Graveborn"]},{"layout":"normal","type":"Sorcery","types":["Sorcery"],"colors":["Black"],"multiverseid":265166,"name":"Cabal Therapy","originalType":"Sorcery","cmc":1,"rarity":"Uncommon","artist":"Raymond Swanland","manaCost":"{B}","text":"Name a nonland card. Target player reveals his or her hand and discards all cards with that name.\nFlashback—Sacrifice a creature. (You may cast this card from your graveyard for its flashback cost. Then exile it.)","originalText":"Name a nonland card. Target player reveals his or her hand and discards all cards with that name.\nFlashback—Sacrifice a creature. (You may cast this card from your graveyard for its flashback cost. Then exile it.)","number":"12","rulings":[{"date":"2004-10-04","text":"You name the card during resolution, then your opponent reveals their hand and discards if appropriate. There is no way for your opponent to do anything between you naming the card and them discarding."}],"imageName":"cabal therapy","foreignNames":[{"language":"French","name":"Thérapie de la Coterie"},{"language":"German","name":"Kabbalistische Therapie"},{"language":"Italian","name":"Terapia della Cabala"},{"language":"Portuguese (Brazil)","name":"Terapia da Cabala"},{"language":"Spanish","name":"Terapia de la Cábala"}],"legalities":{"Odyssey Block":"Legal","Legacy":"Legal","Vintage":"Legal","Freeform":"Legal","Prismatic":"Legal","Tribal Wars Legacy":"Legal","Singleton 100":"Legal","Commander":"Legal"},"printings":["Friday Night Magic","Judgment","Premium Deck Series: Graveborn"]},{"layout":"normal","supertypes":["Legendary"],"type":"Legendary Creature — Dragon","types":["Creature"],"colors":["Blue","Black","Red"],"multiverseid":270140,"name":"Crosis, the Purger","subtypes":["Dragon"],"originalType":"Legendary Creature — Dragon","cmc":6,"rarity":"Rare","artist":"Chris Rahn","power":"6","toughness":"6","manaCost":"{3}{U}{B}{R}","text":"Flying\nWhenever Crosis, the Purger deals combat damage to a player, you may pay {2}{B}. If you do, choose a color, then that player reveals his or her hand and discards all cards of that color.","originalText":"Flying\nWhenever Crosis, the Purger deals combat damage to a player, you may pay {2}{B}. If you do, choose a color, then that player reveals his or her hand and discards all cards of that color.","number":"5","rulings":[{"date":"2004-10-04","text":"You choose the color during resolution. This means your opponent does not get to react after knowing the color you chose."}],"imageName":"crosis, the purger","foreignNames":[{"language":"French","name":"Crosis l'épurateur"},{"language":"German","name":"Crosis, der Säuberer"}],"legalities":{"Invasion Block":"Legal","Legacy":"Legal","Vintage":"Legal","Freeform":"Legal","Prismatic":"Legal","Tribal Wars Legacy":"Legal","Singleton 100":"Legal","Commander":"Legal"},"printings":["Invasion","Premium Deck Series: Graveborn"]},{"layout":"normal","type":"Land","types":["Land"],"multiverseid":270466,"name":"Crystal Vein","originalType":"Land","rarity":"Uncommon","artist":"Pat Morrissey","text":"{T}: Add {1} to your mana pool.\n{T}, Sacrifice Crystal Vein: Add {2} to your mana pool.","originalText":"{T}: Add {1} to your mana pool.\n{T}, Sacrifice Crystal Vein: Add {2} to your mana pool.","number":"24","imageName":"crystal vein","foreignNames":[{"language":"Chinese Simplified","name":"水晶矿脉"},{"language":"French","name":"Veine de cristal"},{"language":"German","name":"Kristallader"},{"language":"Italian","name":"Vena di Cristallo"},{"language":"Japanese","name":"水晶鉱脈"},{"language":"Spanish","name":"Veta cristalina"}],"legalities":{"Mirage Block":"Legal","Legacy":"Legal","Vintage":"Legal","Freeform":"Legal","Prismatic":"Legal","Tribal Wars Legacy":"Legal","Singleton 100":"Legal","Commander":"Legal"},"printings":["Mirage","Classic Sixth Edition","Premium Deck Series: Graveborn","Commander 2014"]},{"layout":"normal","type":"Enchantment","types":["Enchantment"],"colors":["Black"],"multiverseid":270461,"name":"Diabolic Servitude","originalType":"Enchantment","cmc":4,"rarity":"Uncommon","artist":"Scott M. Fischer","manaCost":"{3}{B}","text":"When Diabolic Servitude enters the battlefield, return target creature card from your graveyard to the battlefield.\nWhen the creature put onto the battlefield with Diabolic Servitude dies, exile it and return Diabolic Servitude to its owner's hand.\nWhen Diabolic Servitude leaves the battlefield, exile the creature put onto the battlefield with Diabolic Servitude.","originalText":"When Diabolic Servitude enters the battlefield, return target creature card from your graveyard to the battlefield.\nWhen the creature put onto the battlefield with Diabolic Servitude dies, exile it and return Diabolic Servitude to its owner's hand.\nWhen Diabolic Servitude leaves the battlefield, exile the creature put onto the battlefield with Diabolic Servitude.","number":"22","rulings":[{"date":"2004-10-04","text":"If the creature is on the battlefield and is returned to its owner's hand or is exiled, this card loses track of the creature and has no further effects in the future."}],"imageName":"diabolic servitude","legalities":{"Urza Block":"Legal","Legacy":"Legal","Vintage":"Legal","Commander":"Legal"},"printings":["Urza's Saga","Premium Deck Series: Graveborn"]},{"layout":"normal","type":"Sorcery","types":["Sorcery"],"colors":["Black"],"multiverseid":270463,"name":"Dread Return","originalType":"Sorcery","cmc":4,"rarity":"Uncommon","artist":"Kev Walker","manaCost":"{2}{B}{B}","text":"Return target creature card from your graveyard to the battlefield.\nFlashback—Sacrifice three creatures. (You may cast this card from your graveyard for its flashback cost. Then exile it.)","originalText":"Return target creature card from your graveyard to the battlefield.\nFlashback—Sacrifice three creatures. (You may cast this card from your graveyard for its flashback cost. Then exile it.)","flavor":"Those who forget the horrors of the past are doomed to re-meet them.","number":"23","imageName":"dread return","foreignNames":[{"language":"Chinese Simplified","name":"颤栗再现"},{"language":"French","name":"Retour de l'effroi"},{"language":"German","name":"Furchteinflößende Rückkehr"},{"language":"Italian","name":"Ritorno Terrificante"},{"language":"Japanese","name":"戦慄の復活"},{"language":"Portuguese (Brazil)","name":"Retorno Aterrorizante"},{"language":"Russian","name":"Ужасный Возврат"},{"language":"Spanish","name":"Regreso pavoroso"}],"legalities":{"Modern":"Banned","Time Spiral Block":"Legal","Legacy":"Legal","Vintage":"Legal","Freeform":"Legal","Prismatic":"Legal","Tribal Wars Legacy":"Legal","Singleton 100":"Legal","Commander":"Legal"},"printings":["Time Spiral","Premium Deck Series: Graveborn","Commander 2014"]},{"layout":"normal","type":"Sorcery","types":["Sorcery"],"colors":["Black"],"multiverseid":270465,"name":"Duress","originalType":"Sorcery","cmc":1,"rarity":"Common","artist":"Steven Belledin","manaCost":"{B}","text":"Target opponent reveals his or her hand. You choose a noncreature, nonland card from it. That player discards that card.","originalText":"Target opponent reveals his or her hand. You choose a noncreature, nonland card from it. That player discards that card.","flavor":"\"Don't worry. I'm not going to deprive you of all your secrets. Just your most precious one.\"\n—Liliana Vess","number":"13","imageName":"duress","foreignNames":[{"language":"Chinese Simplified","name":"逼从"},{"language":"Chinese Traditional","name":"逼從"},{"language":"French","name":"Contrainte"},{"language":"German","name":"Zwang"},{"language":"Italian","name":"Costrizione"},{"language":"Japanese","name":"強迫"},{"language":"Korean","name":"구속"},{"language":"Portuguese","name":"Coagir"},{"language":"Portuguese (Brazil)","name":"Coergir"},{"language":"Russian","name":"Насилие"},{"language":"Spanish","name":"Coacción"}],"legalities":{"Modern":"Legal","Urza Block":"Legal","Legacy":"Legal","Vintage":"Legal","Freeform":"Legal","Prismatic":"Legal","Tribal Wars Legacy":"Legal","Tribal Wars Standard":"Legal","Singleton 100":"Legal","Commander":"Legal"},"printings":["Media Inserts","Arena League","Urza's Saga","Friday Night Magic","Seventh Edition","Duel Decks: Divine vs. Demonic","Magic 2010","Magic 2011","Premium Deck Series: Graveborn","Magic 2013","Magic 2014 Core Set","Modern Event Deck 2014"]},{"layout":"normal","type":"Land","types":["Land"],"multiverseid":270467,"name":"Ebon Stronghold","originalType":"Land","rarity":"Uncommon","artist":"Liz Danforth","text":"Ebon Stronghold enters the battlefield tapped.\n{T}: Add {B} to your mana pool.\n{T}, Sacrifice Ebon Stronghold: Add {B}{B} to your mana pool.","originalText":"Ebon Stronghold enters the battlefield tapped.\n{T}: Add {B} to your mana pool.\n{T}, Sacrifice Ebon Stronghold: Add {B}{B} to your mana pool.","number":"25","imageName":"ebon stronghold","legalities":{"Legacy":"Legal","Vintage":"Legal","Freeform":"Legal","Prismatic":"Legal","Tribal Wars Legacy":"Legal","Singleton 100":"Legal","Commander":"Legal"},"printings":["Fallen Empires","Fifth Edition","Classic Sixth Edition","Beatdown Box Set","Masters Edition II","Premium Deck Series: Graveborn"]},{"layout":"normal","type":"Instant","types":["Instant"],"colors":["Black"],"multiverseid":270456,"name":"Entomb","originalType":"Instant","cmc":1,"rarity":"Rare","artist":"Ron Spears","manaCost":"{B}","text":"Search your library for a card and put that card into your graveyard. Then shuffle your library.","originalText":"Search your library for a card and put that card into your graveyard. Then shuffle your library.","flavor":"A grave is the safest place to store ill-gotten treasures.","number":"14","imageName":"entomb","foreignNames":[{"language":"French","name":"Ensevelissement"},{"language":"German","name":"Einbuddeln"},{"language":"Italian","name":"Seppellire"},{"language":"Portuguese (Brazil)","name":"Sepultar"},{"language":"Spanish","name":"Sepultar"}],"legalities":{"Odyssey Block":"Legal","Legacy":"Legal","Vintage":"Legal","Freeform":"Legal","Prismatic":"Banned","Tribal Wars Legacy":"Legal","Singleton 100":"Legal","Commander":"Legal"},"printings":["Judge Gift Program","Odyssey","Premium Deck Series: Graveborn"]},{"layout":"normal","type":"Sorcery","types":["Sorcery"],"colors":["Black"],"multiverseid":270462,"name":"Exhume","originalType":"Sorcery","cmc":2,"rarity":"Common","artist":"Carl Critchlow","manaCost":"{1}{B}","text":"Each player puts a creature card from his or her graveyard onto the battlefield.","originalText":"Each player puts a creature card from his or her graveyard onto the battlefield.","flavor":"\"Death—an outmoded concept. We sleep, and we change.\"\n—Sitrik, birth priest","number":"17","imageName":"exhume","legalities":{"Urza Block":"Legal","Legacy":"Legal","Vintage":"Legal","Commander":"Legal"},"printings":["Urza's Saga","Battle Royale Box Set","Premium Deck Series: Graveborn"]},{"layout":"normal","type":"Creature — Nightmare Horror","types":["Creature"],"colors":["Black"],"multiverseid":270458,"name":"Faceless Butcher","subtypes":["Nightmare","Horror"],"originalType":"Creature — Nightmare Horror","cmc":4,"rarity":"Common","artist":"Daren Bader","power":"2","toughness":"3","manaCost":"{2}{B}{B}","text":"When Faceless Butcher enters the battlefield, exile target creature other than Faceless Butcher.\nWhen Faceless Butcher leaves the battlefield, return the exiled card to the battlefield under its owner's control.","originalText":"When Faceless Butcher enters the battlefield, exile target creature other than Faceless Butcher.\nWhen Faceless Butcher leaves the battlefield, return the exiled card to the battlefield under its owner's control.","number":"3","rulings":[{"date":"2006-09-25","text":"Three Faceless Butchers cast in succession with no other creatures on the battlefield will result in an infinite loop and the game will be a draw, unless a player somehow interrupts the loop."}],"imageName":"faceless butcher","foreignNames":[{"language":"Chinese Simplified","name":"无面屠夫"},{"language":"French","name":"Boucher sans visage"},{"language":"German","name":"Gesichtsloser Metzler"},{"language":"Italian","name":"Macellaio Senza Volto"},{"language":"Japanese","name":"顔なしの解体者"},{"language":"Portuguese (Brazil)","name":"Carniceiro Sem Rosto"},{"language":"Russian","name":"Безликий Мясник"},{"language":"Spanish","name":"Carnicero sin rostro"}],"legalities":{"Modern":"Legal","Time Spiral Block":"Legal","Odyssey Block":"Legal","Legacy":"Legal","Vintage":"Legal","Freeform":"Legal","Prismatic":"Legal","Tribal Wars Legacy":"Legal","Singleton 100":"Legal","Commander":"Legal"},"printings":["Torment","Time Spiral \"Timeshifted\"","Premium Deck Series: Graveborn"]},{"layout":"normal","type":"Creature — Horror","types":["Creature"],"colors":["Black"],"multiverseid":270464,"name":"Hidden Horror","subtypes":["Horror"],"originalType":"Creature — Horror","cmc":3,"rarity":"Uncommon","artist":"Brom","power":"4","toughness":"4","manaCost":"{1}{B}{B}","text":"When Hidden Horror enters the battlefield, sacrifice it unless you discard a creature card.","originalText":"When Hidden Horror enters the battlefield, sacrifice it unless you discard a creature card.","flavor":"If the presence of evil were obvious, it wouldn't be nearly as dangerous.","number":"2","rulings":[{"date":"2008-04-01","text":"When the ability resolves, you choose whether to sacrifice the creature or perform the other action. If you can't perform the other action, then you must sacrifice the creature."},{"date":"2008-04-01","text":"If the creature is no longer on the battlefield when the ability resolves, you may still perform the action if you want."}],"imageName":"hidden horror","foreignNames":[{"language":"Chinese Traditional","name":"匿形驚懼獸"},{"language":"Chinese Simplified","name":"匿形惊惧兽"},{"language":"French","name":"Horreur cachée"},{"language":"German","name":"Versteckter Schrecken"},{"language":"Italian","name":"Orrore Nascosto"},{"language":"Japanese","name":"隠された恐怖"},{"language":"Portuguese (Brazil)","name":"Horror Oculto"},{"language":"Russian","name":"Скрытый Ужас"},{"language":"Spanish","name":"Horror oculto"}],"legalities":{"Modern":"Legal","Mirage Block":"Legal","Legacy":"Legal","Vintage":"Legal","Freeform":"Legal","Prismatic":"Legal","Tribal Wars Legacy":"Legal","Singleton 100":"Legal","Commander":"Legal"},"printings":["Weatherlight","Portal Second Age","Classic Sixth Edition","Tenth Edition","Premium Deck Series: Graveborn"]},{"layout":"normal","type":"Artifact Creature — Leviathan","types":["Artifact","Creature"],"colors":["Blue"],"multiverseid":270447,"name":"Inkwell Leviathan","subtypes":["Leviathan"],"originalType":"Artifact Creature — Leviathan","cmc":9,"rarity":"Rare","artist":"Anthony Francisco","power":"7","toughness":"11","manaCost":"{7}{U}{U}","text":"Islandwalk, trample\nShroud (This creature can't be the target of spells or abilities.)","originalText":"Islandwalk, trample, shroud","flavor":"\"Into its maw went the seventh sea, never to be seen again while the world remains.\"\n—Esper fable","number":"10","imageName":"inkwell leviathan","foreignNames":[{"language":"Chinese Simplified","name":"墨涌海怪"},{"language":"French","name":"Léviathan de l'Encrier"},{"language":"German","name":"Tintenfass-Leviathan"},{"language":"Italian","name":"Leviatano del Mar d'Inchiostro"},{"language":"Japanese","name":"墨溜まりのリバイアサン"},{"language":"Portuguese (Brazil)","name":"Leviatã de Tinteiro"},{"language":"Russian","name":"Левиафан Чернильного Моря"},{"language":"Spanish","name":"Leviatán de Pozo de Tinta"}],"legalities":{"Modern":"Legal","Shards of Alara Block":"Legal","Legacy":"Legal","Vintage":"Legal","Freeform":"Legal","Prismatic":"Legal","Tribal Wars Legacy":"Legal","Singleton 100":"Legal","Commander":"Legal"},"printings":["Conflux","Premium Deck Series: Graveborn"]},{"layout":"normal","type":"Sorcery","types":["Sorcery"],"colors":["Black"],"multiverseid":270457,"name":"Last Rites","originalType":"Sorcery","cmc":3,"rarity":"Common","artist":"Bradley Williams","manaCost":"{2}{B}","text":"Discard any number of cards. Target player reveals his or her hand, then you choose a nonland card from it for each card discarded this way. That player discards those cards.","originalText":"Discard any number of cards. Target player reveals his or her hand, then you choose a nonland card from it for each card discarded this way. That player discards those cards.","number":"21","imageName":"last rites","foreignNames":[{"language":"French","name":"Derniers sacrements"},{"language":"German","name":"Todes-Riten"},{"language":"Italian","name":"Estrema Unzione"},{"language":"Portuguese (Brazil)","name":"Últimos Ritos"},{"language":"Spanish","name":"Ritos de la extremaunción"}],"legalities":{"Odyssey Block":"Legal","Legacy":"Legal","Vintage":"Legal","Freeform":"Legal","Prismatic":"Legal","Tribal Wars Legacy":"Legal","Singleton 100":"Legal","Commander":"Legal"},"printings":["Odyssey","Premium Deck Series: Graveborn"]},{"layout":"normal","type":"Land","types":["Land"],"multiverseid":270468,"name":"Polluted Mire","originalType":"Land","rarity":"Common","artist":"Stephen Daniele","text":"Polluted Mire enters the battlefield tapped.\n{T}: Add {B} to your mana pool.\nCycling {2} ({2}, Discard this card: Draw a card.)","originalText":"Polluted Mire enters the battlefield tapped.\n{T}: Add {B} to your mana pool.\nCycling {2} ({2}, Discard this card: Draw a card.)","number":"26","rulings":[{"date":"2008-10-01","text":"Cycling is an activated ability. Effects that interact with activated abilities (such as Stifle or Rings of Brighthearth) will interact with cycling. Effects that interact with spells (such as Remove Soul or Faerie Tauntings) will not."}],"imageName":"polluted mire","foreignNames":[{"language":"Chinese Simplified","name":"污泥沼"},{"language":"French","name":"Fondrière polluée"},{"language":"German","name":"Schmutziges Schlammloch"},{"language":"Italian","name":"Palude Inquinata"},{"language":"Japanese","name":"汚染されたぬかるみ"},{"language":"Spanish","name":"Cenagal contaminado"}],"legalities":{"Urza Block":"Legal","Legacy":"Legal","Vintage":"Legal","Freeform":"Legal","Prismatic":"Legal","Tribal Wars Legacy":"Legal","Singleton 100":"Legal","Commander":"Legal"},"printings":["Urza's Saga","Anthologies","Battle Royale Box Set","Beatdown Box Set","Duel Decks: Garruk vs. Liliana","Premium Deck Series: Graveborn","Commander 2014"]},{"layout":"normal","type":"Creature — Zombie Imp","types":["Creature"],"colors":["Black"],"multiverseid":270459,"name":"Putrid Imp","subtypes":["Zombie","Imp"],"originalType":"Creature — Zombie Imp","cmc":1,"rarity":"Common","artist":"Wayne England","power":"1","toughness":"1","manaCost":"{B}","text":"Discard a card: Putrid Imp gains flying until end of turn.\nThreshold — As long as seven or more cards are in your graveyard, Putrid Imp gets +1/+1 and can't block.","originalText":"Discard a card: Putrid Imp gains flying until end of turn.\nThreshold — As long as seven or more cards are in your graveyard, Putrid Imp gets +1/+1 and can't block.","number":"1","imageName":"putrid imp","foreignNames":[{"language":"French","name":"Diablotin putride"},{"language":"German","name":"Verwesender Bold"},{"language":"Italian","name":"Demonietto Putrido"},{"language":"Portuguese (Brazil)","name":"Diabrete Pútrido"},{"language":"Spanish","name":"Diablillo pútrido"}],"legalities":{"Odyssey Block":"Legal","Legacy":"Legal","Vintage":"Legal","Freeform":"Legal","Prismatic":"Legal","Tribal Wars Legacy":"Legal","Singleton 100":"Legal","Commander":"Legal"},"printings":["Torment","Premium Deck Series: Graveborn","Vintage Masters"]},{"layout":"normal","type":"Sorcery","types":["Sorcery"],"colors":["Black"],"multiverseid":270452,"name":"Reanimate","originalType":"Sorcery","cmc":1,"rarity":"Uncommon","artist":"Robert Bliss","manaCost":"{B}","text":"Put target creature card from a graveyard onto the battlefield under your control. You lose life equal to its converted mana cost.","originalText":"Put target creature card from a graveyard onto the battlefield under your control. You lose life equal to its converted mana cost.","flavor":"\"You will learn to earn death.\"\n—Volrath","number":"15","rulings":[{"date":"2004-12-01","text":"You lose life equal to the converted mana cost of the card you're bringing back, so if you Reanimate Volrath's Shapeshifter, you lose three life, regardless of what the next card down is."}],"imageName":"reanimate","legalities":{"Tempest Block":"Legal","Legacy":"Legal","Vintage":"Legal","Freeform":"Legal","Prismatic":"Legal","Commander":"Legal"},"printings":["Tempest","Battle Royale Box Set","Friday Night Magic","Archenemy","Premium Deck Series: Graveborn","Vintage Masters"]},{"layout":"normal","type":"Sorcery","types":["Sorcery"],"colors":["Black"],"multiverseid":270460,"name":"Sickening Dreams","originalType":"Sorcery","cmc":2,"rarity":"Uncommon","artist":"Scott M. Fischer","manaCost":"{1}{B}","text":"As an additional cost to cast Sickening Dreams, discard X cards.\nSickening Dreams deals X damage to each creature and each player.","originalText":"As an additional cost to cast Sickening Dreams, discard X cards.\nSickening Dreams deals X damage to each creature and each player.","flavor":"The Patriarch dreams of vile plague.","number":"18","imageName":"sickening dreams","foreignNames":[{"language":"French","name":"Rêves maladifs"},{"language":"German","name":"Krankmachende Träume"},{"language":"Italian","name":"Sogni Disgustosi"},{"language":"Portuguese (Brazil)","name":"Sonhos Revoltantes"},{"language":"Spanish","name":"Sueños repugnantes"}],"legalities":{"Odyssey Block":"Legal","Legacy":"Legal","Vintage":"Legal","Freeform":"Legal","Prismatic":"Legal","Tribal Wars Legacy":"Legal","Singleton 100":"Legal","Commander":"Legal"},"printings":["Torment","Premium Deck Series: Graveborn"]},{"layout":"normal","type":"Artifact Creature — Sphinx","types":["Artifact","Creature"],"colors":["White","Blue","Black"],"multiverseid":270446,"name":"Sphinx of the Steel Wind","subtypes":["Sphinx"],"originalType":"Artifact Creature — Sphinx","cmc":8,"rarity":"Mythic Rare","artist":"Kev Walker","power":"6","toughness":"6","manaCost":"{5}{W}{U}{B}","text":"Flying, first strike, vigilance, lifelink, protection from red and from green","originalText":"Flying, first strike, vigilance, lifelink, protection from red and from green","flavor":"No one has properly answered her favorite riddle: \"Why should I spare your life?\"","number":"9","imageName":"sphinx of the steel wind","foreignNames":[{"language":"Chinese Simplified","name":"钢风史芬斯"},{"language":"French","name":"Sphinge du Vent d'acier"},{"language":"German","name":"Sphinx des Stahlwinds"},{"language":"Italian","name":"Sfinge del Vento d'Acciaio"},{"language":"Japanese","name":"鋼の風のスフィンクス"},{"language":"Portuguese (Brazil)","name":"Esfinge do Vento de Aço"},{"language":"Russian","name":"Сфинкс Стального Ветра"},{"language":"Spanish","name":"Esfinge del viento de acero"}],"legalities":{"Modern":"Legal","Shards of Alara Block":"Legal","Legacy":"Legal","Vintage":"Legal","Freeform":"Legal","Prismatic":"Legal","Tribal Wars Legacy":"Legal","Singleton 100":"Legal","Commander":"Legal"},"printings":["Alara Reborn","Premium Deck Series: Graveborn","Commander 2013 Edition"]},{"layout":"normal","supertypes":["Basic"],"type":"Basic Land — Swamp","types":["Land"],"multiverseid":270475,"name":"Swamp","subtypes":["Swamp"],"originalType":"Basic Land — Swamp","rarity":"Basic Land","artist":"Aleksi Briclot","originalText":"B","number":"27","variations":[270476,270474,270473],"imageName":"swamp1","foreignNames":[{"language":"Chinese Simplified","name":"沼泽"},{"language":"Chinese Traditional","name":"沼澤"},{"language":"French","name":"Marais"},{"language":"German","name":"Sumpf"},{"language":"Italian","name":"Palude"},{"language":"Japanese","name":"沼"},{"language":"Korean","name":"늪"},{"language":"Portuguese (Brazil)","name":"Pântano"},{"language":"Russian","name":"Болото"},{"language":"Spanish","name":"Pantano"}],"legalities":{"Standard":"Legal","Modern":"Legal","Theros Block":"Legal","Return to Ravnica Block":"Legal","Innistrad Block":"Legal","Scars of Mirrodin Block":"Legal","Zendikar Block":"Legal","Shards of Alara Block":"Legal","Lorwyn-Shadowmoor Block":"Legal","Time Spiral Block":"Legal","Ravnica Block":"Legal","Kamigawa Block":"Legal","Mirrodin Block":"Legal","Onslaught Block":"Legal","Odyssey Block":"Legal","Invasion Block":"Legal","Masques Block":"Legal","Urza Block":"Legal","Tempest Block":"Legal","Mirage Block":"Legal","Ice Age Block":"Legal","Un-Sets":"Legal","Legacy":"Legal","Vintage":"Legal","Freeform":"Legal","Prismatic":"Legal","Tribal Wars Legacy":"Legal","Tribal Wars Standard":"Legal","Singleton 100":"Legal","Commander":"Legal"},"printings":["Limited Edition Alpha","Limited Edition Beta","Unlimited Edition","Revised Edition","Fourth Edition","Ice Age","Rivals Quick Start Set","Arena League","Mirage","Introductory Two-Player Set","Fifth Edition","Portal","Tempest","Judge Gift Program","Portal Second Age","Unglued","Asia Pacific Land Program","Urza's Saga","Anthologies","Classic Sixth Edition","Portal Three Kingdoms","Starter 1999","Guru","Mercadian Masques","Battle Royale Box Set","European Land Program","Starter 2000","Beatdown Box Set","Invasion","Seventh Edition","Odyssey","Deckmasters","Onslaught","Eighth Edition","Mirrodin","Champions of Kamigawa","Unhinged","Ninth Edition","Ravnica: City of Guilds","Coldsnap Theme Decks","Time Spiral","Tenth Edition","Masters Edition","Lorwyn","Shadowmoor","Shards of Alara","Duel Decks: Divine vs. Demonic","Magic 2010","Planechase","Masters Edition III","Zendikar","Duel Decks: Garruk vs. Liliana","Premium Deck Series: Slivers","Duel Decks: Phyrexia vs. the Coalition","Rise of the Eldrazi","Duels of the Planeswalkers","Archenemy","Magic 2011","Scars of Mirrodin","Mirrodin Besieged","New Phyrexia","Magic: The Gathering-Commander","Magic 2012","Duel Decks: Ajani vs. Nicol Bolas","Innistrad","Premium Deck Series: Graveborn","Avacyn Restored","Planechase 2012 Edition","Magic 2013","Duel Decks: Izzet vs. Golgari","Return to Ravnica","Duel Decks: Sorin vs. Tibalt","Magic 2014 Core Set","Theros","Commander 2013 Edition","Duel Decks: Jace vs. Vraska","Modern Event Deck 2014","Magic 2015 Core Set","Duel Decks: Speed vs. Cunning","Khans of Tarkir","Commander 2014","Fate Reforged"]},{"layout":"normal","supertypes":["Basic"],"type":"Basic Land — Swamp","types":["Land"],"multiverseid":270473,"name":"Swamp","subtypes":["Swamp"],"originalType":"Basic Land — Swamp","rarity":"Basic Land","artist":"James Paick","originalText":"B","number":"28","variations":[270475,270476,270474],"imageName":"swamp2","foreignNames":[{"language":"Chinese Simplified","name":"沼泽"},{"language":"Chinese Traditional","name":"沼澤"},{"language":"French","name":"Marais"},{"language":"German","name":"Sumpf"},{"language":"Italian","name":"Palude"},{"language":"Japanese","name":"沼"},{"language":"Korean","name":"늪"},{"language":"Portuguese (Brazil)","name":"Pântano"},{"language":"Russian","name":"Болото"},{"language":"Spanish","name":"Pantano"}],"legalities":{"Standard":"Legal","Modern":"Legal","Theros Block":"Legal","Return to Ravnica Block":"Legal","Innistrad Block":"Legal","Scars of Mirrodin Block":"Legal","Zendikar Block":"Legal","Shards of Alara Block":"Legal","Lorwyn-Shadowmoor Block":"Legal","Time Spiral Block":"Legal","Ravnica Block":"Legal","Kamigawa Block":"Legal","Mirrodin Block":"Legal","Onslaught Block":"Legal","Odyssey Block":"Legal","Invasion Block":"Legal","Masques Block":"Legal","Urza Block":"Legal","Tempest Block":"Legal","Mirage Block":"Legal","Ice Age Block":"Legal","Un-Sets":"Legal","Legacy":"Legal","Vintage":"Legal","Freeform":"Legal","Prismatic":"Legal","Tribal Wars Legacy":"Legal","Tribal Wars Standard":"Legal","Singleton 100":"Legal","Commander":"Legal"},"printings":["Limited Edition Alpha","Limited Edition Beta","Unlimited Edition","Revised Edition","Fourth Edition","Ice Age","Rivals Quick Start Set","Arena League","Mirage","Introductory Two-Player Set","Fifth Edition","Portal","Tempest","Judge Gift Program","Portal Second Age","Unglued","Asia Pacific Land Program","Urza's Saga","Anthologies","Classic Sixth Edition","Portal Three Kingdoms","Starter 1999","Guru","Mercadian Masques","Battle Royale Box Set","European Land Program","Starter 2000","Beatdown Box Set","Invasion","Seventh Edition","Odyssey","Deckmasters","Onslaught","Eighth Edition","Mirrodin","Champions of Kamigawa","Unhinged","Ninth Edition","Ravnica: City of Guilds","Coldsnap Theme Decks","Time Spiral","Tenth Edition","Masters Edition","Lorwyn","Shadowmoor","Shards of Alara","Duel Decks: Divine vs. Demonic","Magic 2010","Planechase","Masters Edition III","Zendikar","Duel Decks: Garruk vs. Liliana","Premium Deck Series: Slivers","Duel Decks: Phyrexia vs. the Coalition","Rise of the Eldrazi","Duels of the Planeswalkers","Archenemy","Magic 2011","Scars of Mirrodin","Mirrodin Besieged","New Phyrexia","Magic: The Gathering-Commander","Magic 2012","Duel Decks: Ajani vs. Nicol Bolas","Innistrad","Premium Deck Series: Graveborn","Avacyn Restored","Planechase 2012 Edition","Magic 2013","Duel Decks: Izzet vs. Golgari","Return to Ravnica","Duel Decks: Sorin vs. Tibalt","Magic 2014 Core Set","Theros","Commander 2013 Edition","Duel Decks: Jace vs. Vraska","Modern Event Deck 2014","Magic 2015 Core Set","Duel Decks: Speed vs. Cunning","Khans of Tarkir","Commander 2014","Fate Reforged"]},{"layout":"normal","supertypes":["Basic"],"type":"Basic Land — Swamp","types":["Land"],"multiverseid":270474,"name":"Swamp","subtypes":["Swamp"],"originalType":"Basic Land — Swamp","rarity":"Basic Land","artist":"Jung Park","originalText":"B","number":"29","variations":[270475,270476,270473],"imageName":"swamp3","foreignNames":[{"language":"Chinese Simplified","name":"沼泽"},{"language":"Chinese Traditional","name":"沼澤"},{"language":"French","name":"Marais"},{"language":"German","name":"Sumpf"},{"language":"Italian","name":"Palude"},{"language":"Japanese","name":"沼"},{"language":"Korean","name":"늪"},{"language":"Portuguese (Brazil)","name":"Pântano"},{"language":"Russian","name":"Болото"},{"language":"Spanish","name":"Pantano"}],"legalities":{"Standard":"Legal","Modern":"Legal","Theros Block":"Legal","Return to Ravnica Block":"Legal","Innistrad Block":"Legal","Scars of Mirrodin Block":"Legal","Zendikar Block":"Legal","Shards of Alara Block":"Legal","Lorwyn-Shadowmoor Block":"Legal","Time Spiral Block":"Legal","Ravnica Block":"Legal","Kamigawa Block":"Legal","Mirrodin Block":"Legal","Onslaught Block":"Legal","Odyssey Block":"Legal","Invasion Block":"Legal","Masques Block":"Legal","Urza Block":"Legal","Tempest Block":"Legal","Mirage Block":"Legal","Ice Age Block":"Legal","Un-Sets":"Legal","Legacy":"Legal","Vintage":"Legal","Freeform":"Legal","Prismatic":"Legal","Tribal Wars Legacy":"Legal","Tribal Wars Standard":"Legal","Singleton 100":"Legal","Commander":"Legal"},"printings":["Limited Edition Alpha","Limited Edition Beta","Unlimited Edition","Revised Edition","Fourth Edition","Ice Age","Rivals Quick Start Set","Arena League","Mirage","Introductory Two-Player Set","Fifth Edition","Portal","Tempest","Judge Gift Program","Portal Second Age","Unglued","Asia Pacific Land Program","Urza's Saga","Anthologies","Classic Sixth Edition","Portal Three Kingdoms","Starter 1999","Guru","Mercadian Masques","Battle Royale Box Set","European Land Program","Starter 2000","Beatdown Box Set","Invasion","Seventh Edition","Odyssey","Deckmasters","Onslaught","Eighth Edition","Mirrodin","Champions of Kamigawa","Unhinged","Ninth Edition","Ravnica: City of Guilds","Coldsnap Theme Decks","Time Spiral","Tenth Edition","Masters Edition","Lorwyn","Shadowmoor","Shards of Alara","Duel Decks: Divine vs. Demonic","Magic 2010","Planechase","Masters Edition III","Zendikar","Duel Decks: Garruk vs. Liliana","Premium Deck Series: Slivers","Duel Decks: Phyrexia vs. the Coalition","Rise of the Eldrazi","Duels of the Planeswalkers","Archenemy","Magic 2011","Scars of Mirrodin","Mirrodin Besieged","New Phyrexia","Magic: The Gathering-Commander","Magic 2012","Duel Decks: Ajani vs. Nicol Bolas","Innistrad","Premium Deck Series: Graveborn","Avacyn Restored","Planechase 2012 Edition","Magic 2013","Duel Decks: Izzet vs. Golgari","Return to Ravnica","Duel Decks: Sorin vs. Tibalt","Magic 2014 Core Set","Theros","Commander 2013 Edition","Duel Decks: Jace vs. Vraska","Modern Event Deck 2014","Magic 2015 Core Set","Duel Decks: Speed vs. Cunning","Khans of Tarkir","Commander 2014","Fate Reforged"]},{"layout":"normal","supertypes":["Basic"],"type":"Basic Land — Swamp","types":["Land"],"multiverseid":270476,"name":"Swamp","subtypes":["Swamp"],"originalType":"Basic Land — Swamp","rarity":"Basic Land","artist":"Alan Pollack","originalText":"B","number":"30","variations":[270475,270474,270473],"imageName":"swamp4","foreignNames":[{"language":"Chinese Simplified","name":"沼泽"},{"language":"Chinese Traditional","name":"沼澤"},{"language":"French","name":"Marais"},{"language":"German","name":"Sumpf"},{"language":"Italian","name":"Palude"},{"language":"Japanese","name":"沼"},{"language":"Korean","name":"늪"},{"language":"Portuguese (Brazil)","name":"Pântano"},{"language":"Russian","name":"Болото"},{"language":"Spanish","name":"Pantano"}],"legalities":{"Standard":"Legal","Modern":"Legal","Theros Block":"Legal","Return to Ravnica Block":"Legal","Innistrad Block":"Legal","Scars of Mirrodin Block":"Legal","Zendikar Block":"Legal","Shards of Alara Block":"Legal","Lorwyn-Shadowmoor Block":"Legal","Time Spiral Block":"Legal","Ravnica Block":"Legal","Kamigawa Block":"Legal","Mirrodin Block":"Legal","Onslaught Block":"Legal","Odyssey Block":"Legal","Invasion Block":"Legal","Masques Block":"Legal","Urza Block":"Legal","Tempest Block":"Legal","Mirage Block":"Legal","Ice Age Block":"Legal","Un-Sets":"Legal","Legacy":"Legal","Vintage":"Legal","Freeform":"Legal","Prismatic":"Legal","Tribal Wars Legacy":"Legal","Tribal Wars Standard":"Legal","Singleton 100":"Legal","Commander":"Legal"},"printings":["Limited Edition Alpha","Limited Edition Beta","Unlimited Edition","Revised Edition","Fourth Edition","Ice Age","Rivals Quick Start Set","Arena League","Mirage","Introductory Two-Player Set","Fifth Edition","Portal","Tempest","Judge Gift Program","Portal Second Age","Unglued","Asia Pacific Land Program","Urza's Saga","Anthologies","Classic Sixth Edition","Portal Three Kingdoms","Starter 1999","Guru","Mercadian Masques","Battle Royale Box Set","European Land Program","Starter 2000","Beatdown Box Set","Invasion","Seventh Edition","Odyssey","Deckmasters","Onslaught","Eighth Edition","Mirrodin","Champions of Kamigawa","Unhinged","Ninth Edition","Ravnica: City of Guilds","Coldsnap Theme Decks","Time Spiral","Tenth Edition","Masters Edition","Lorwyn","Shadowmoor","Shards of Alara","Duel Decks: Divine vs. Demonic","Magic 2010","Planechase","Masters Edition III","Zendikar","Duel Decks: Garruk vs. Liliana","Premium Deck Series: Slivers","Duel Decks: Phyrexia vs. the Coalition","Rise of the Eldrazi","Duels of the Planeswalkers","Archenemy","Magic 2011","Scars of Mirrodin","Mirrodin Besieged","New Phyrexia","Magic: The Gathering-Commander","Magic 2012","Duel Decks: Ajani vs. Nicol Bolas","Innistrad","Premium Deck Series: Graveborn","Avacyn Restored","Planechase 2012 Edition","Magic 2013","Duel Decks: Izzet vs. Golgari","Return to Ravnica","Duel Decks: Sorin vs. Tibalt","Magic 2014 Core Set","Theros","Commander 2013 Edition","Duel Decks: Jace vs. Vraska","Modern Event Deck 2014","Magic 2015 Core Set","Duel Decks: Speed vs. Cunning","Khans of Tarkir","Commander 2014","Fate Reforged"]},{"layout":"normal","type":"Creature — Elephant","types":["Creature"],"colors":["Green"],"multiverseid":270451,"name":"Terastodon","subtypes":["Elephant"],"originalType":"Creature — Elephant","cmc":8,"rarity":"Rare","artist":"Lars Grant-West","power":"9","toughness":"9","manaCost":"{6}{G}{G}","text":"When Terastodon enters the battlefield, you may destroy up to three target noncreature permanents. For each permanent put into a graveyard this way, its controller puts a 3/3 green Elephant creature token onto the battlefield.","originalText":"When Terastodon enters the battlefield, you may destroy up to three target noncreature permanents. For each permanent put into a graveyard this way, its controller puts a 3/3 green Elephant creature token onto the battlefield.","number":"7","rulings":[{"date":"2010-03-01","text":"The targeted permanents may be controlled by different players."},{"date":"2013-07-01","text":"If a targeted permanent has indestructible or regenerates, its controller won't get an Elephant token for it. Similarly, if the targeted permanent is destroyed but a replacement effect moves it to a different zone instead of its owner's graveyard, its controller won't get an Elephant token for it."}],"imageName":"terastodon","foreignNames":[{"language":"Chinese Simplified","name":"撼地象"},{"language":"French","name":"Térastodon"},{"language":"Italian","name":"Terastodonte"},{"language":"Japanese","name":"テラストドン"},{"language":"Russian","name":"Терастодонт"},{"language":"Spanish","name":"Terastodonte"}],"legalities":{"Modern":"Legal","Zendikar Block":"Legal","Legacy":"Legal","Vintage":"Legal","Freeform":"Legal","Prismatic":"Legal","Tribal Wars Legacy":"Legal","Singleton 100":"Legal","Commander":"Legal"},"printings":["Media Inserts","Worldwake","Premium Deck Series: Graveborn","Magic: The Gathering—Conspiracy","Commander 2014"]},{"layout":"normal","type":"Creature — Zombie Mutant","types":["Creature"],"colors":["Black"],"multiverseid":270453,"name":"Twisted Abomination","subtypes":["Zombie","Mutant"],"originalType":"Creature — Zombie Mutant","cmc":6,"rarity":"Common","artist":"Daren Bader","power":"5","toughness":"3","manaCost":"{5}{B}","text":"{B}: Regenerate Twisted Abomination.\nSwampcycling {2} ({2}, Discard this card: Search your library for a Swamp card, reveal it, and put it into your hand. Then shuffle your library.)","originalText":"{B}: Regenerate Twisted Abomination.\nSwampcycling {2} ({2}, Discard this card: Search your library for a Swamp card, reveal it, and put it into your hand. Then shuffle your library.)","number":"4","rulings":[{"date":"2009-02-01","text":"Unlike the normal cycling ability, Swampcycling doesn't allow you to draw a card. Instead, it lets you search your library for a Swamp card. After you find a Swamp card in your library, you reveal it, put it into your hand, then shuffle your library."},{"date":"2009-02-01","text":"Swampcycling is a form of cycling. Any ability that triggers on a card being cycled also triggers on Swampcycling this card. Any ability that stops a cycling ability from being activated also stops Swampcycling from being activated."},{"date":"2009-02-01","text":"Swampcycling is an activated ability. Effects that interact with activated abilities (such as Stifle or Rings of Brighthearth) will interact with Swampcycling. Effects that interact with spells (such as Remove Soul or Faerie Tauntings) will not."},{"date":"2009-02-01","text":"You can choose to find any card with the Swamp land type, including nonbasic lands. You can also choose not to find a card, even if there is a Swamp card in your library."}],"imageName":"twisted abomination","foreignNames":[{"language":"Chinese Simplified","name":"曲恶憎恨兽"},{"language":"French","name":"Abomination perverse"},{"language":"German","name":"Verzerrte Scheußlichkeit"},{"language":"Italian","name":"Abominio Folle"},{"language":"Japanese","name":"よじれた嫌悪者"},{"language":"Portuguese (Brazil)","name":"Abominação Distorcida"},{"language":"Russian","name":"Кривая Мерзость"},{"language":"Spanish","name":"Abominación torcida"}],"legalities":{"Modern":"Legal","Time Spiral Block":"Legal","Onslaught Block":"Legal","Legacy":"Legal","Vintage":"Legal","Freeform":"Legal","Prismatic":"Legal","Tribal Wars Legacy":"Legal","Singleton 100":"Legal","Commander":"Legal"},"printings":["Scourge","Time Spiral \"Timeshifted\"","Duel Decks: Garruk vs. Liliana","Archenemy","Premium Deck Series: Graveborn","Magic: The Gathering—Conspiracy"]},{"layout":"normal","type":"Creature — Elemental","types":["Creature"],"colors":["Green"],"multiverseid":270450,"name":"Verdant Force","subtypes":["Elemental"],"originalType":"Creature — Elemental","cmc":8,"rarity":"Rare","artist":"DiTerlizzi","power":"7","toughness":"7","manaCost":"{5}{G}{G}{G}","text":"At the beginning of each upkeep, put a 1/1 green Saproling creature token onto the battlefield.","originalText":"At the beginning of each upkeep, put a 1/1 green Saproling creature token onto the battlefield.","flavor":"Left to itself, nature overflows any container, overthrows any restriction, and overreaches any boundary.","number":"8","rulings":[{"date":"2004-10-04","text":"Verdant Force's controller gets the tokens. That is the controller at the beginning of upkeep."},{"date":"2005-08-01","text":"Once created, the tokens are independent of Verdant Force. If Verdant Force changes controllers, the new controller will put tokens onto the battlefield, but existing tokens will stay where they are."},{"date":"2006-05-01","text":"In Two-Headed Giant, triggers only once per upkeep, not once for each player."}],"imageName":"verdant force","foreignNames":[{"language":"Chinese Simplified","name":"新绿使者"},{"language":"Chinese Traditional","name":"新綠使者"},{"language":"French","name":"Force verdoyante"},{"language":"German","name":"Grüne Kraft"},{"language":"Italian","name":"Forza della Vegetazione"},{"language":"Japanese","name":"新緑の魔力"},{"language":"Portuguese (Brazil)","name":"Força Verdejante"},{"language":"Russian","name":"Зеленая сила"},{"language":"Spanish","name":"Fuerza verde"}],"legalities":{"Modern":"Legal","Tempest Block":"Legal","Legacy":"Legal","Vintage":"Legal","Freeform":"Legal","Prismatic":"Legal","Tribal Wars Legacy":"Legal","Singleton 100":"Legal","Commander":"Legal"},"printings":["Tempest","Ninth Edition","Tenth Edition","Planechase","Duels of the Planeswalkers","Premium Deck Series: Graveborn"]},{"layout":"normal","type":"Enchantment","types":["Enchantment"],"colors":["Black"],"multiverseid":270454,"name":"Zombie Infestation","originalType":"Enchantment","cmc":2,"rarity":"Uncommon","artist":"Thomas M. Baxa","manaCost":"{1}{B}","text":"Discard two cards: Put a 2/2 black Zombie creature token onto the battlefield.","originalText":"Discard two cards: Put a 2/2 black Zombie creature token onto the battlefield.","flavor":"The nomads' funeral pyres are more practical than ceremonial.","number":"19","imageName":"zombie infestation","foreignNames":[{"language":"Chinese Traditional","name":"殭屍侵擾"},{"language":"Chinese Simplified","name":"灵俑侵扰"},{"language":"French","name":"Infestation de zombies"},{"language":"German","name":"Zombiebefall"},{"language":"Italian","name":"Infestazione di Zombie"},{"language":"Japanese","name":"ゾンビの横行"},{"language":"Portuguese (Brazil)","name":"Infestação de Zumbis"},{"language":"Russian","name":"Нашествие Зомби"},{"language":"Spanish","name":"Infestación de zombies"}],"legalities":{"Modern":"Legal","Odyssey Block":"Legal","Legacy":"Legal","Vintage":"Legal","Freeform":"Legal","Prismatic":"Legal","Tribal Wars Legacy":"Legal","Singleton 100":"Legal","Commander":"Legal"},"printings":["Odyssey","Archenemy","Magic 2012","Premium Deck Series: Graveborn"]}]}