{"name":"European Land Program","code":"pELP","releaseDate":"2000-02-05","border":"black","type":"promo","cards":[{"layout":"normal","supertypes":["Basic"],"type":"Basic Land — Forest","types":["Land"],"name":"Forest","rarity":"Basic Land","subtypes":["Forest"],"artist":"Scott Bailey","legalities":{"Standard":"Legal","Modern":"Legal","Theros Block":"Legal","Return to Ravnica Block":"Legal","Innistrad Block":"Legal","Scars of Mirrodin Block":"Legal","Zendikar Block":"Legal","Shards of Alara Block":"Legal","Lorwyn-Shadowmoor Block":"Legal","Time Spiral Block":"Legal","Ravnica Block":"Legal","Kamigawa Block":"Legal","Mirrodin Block":"Legal","Onslaught Block":"Legal","Odyssey Block":"Legal","Invasion Block":"Legal","Masques Block":"Legal","Urza Block":"Legal","Tempest Block":"Legal","Mirage Block":"Legal","Ice Age Block":"Legal","Un-Sets":"Legal","Legacy":"Legal","Vintage":"Legal","Freeform":"Legal","Prismatic":"Legal","Tribal Wars Legacy":"Legal","Tribal Wars Standard":"Legal","Singleton 100":"Legal","Commander":"Legal"},"number":"1","foreignNames":[{"language":"Chinese Simplified","name":"树林"},{"language":"Chinese Traditional","name":"樹林"},{"language":"French","name":"Forêt"},{"language":"German","name":"Wald"},{"language":"Italian","name":"Foresta"},{"language":"Japanese","name":"森"},{"language":"Korean","name":"숲"},{"language":"Portuguese (Brazil)","name":"Floresta"},{"language":"Russian","name":"Лес"},{"language":"Spanish","name":"Bosque"}],"source":"European Land Program (Blue Booster, Nemesis)","imageName":"forest1","printings":["Limited Edition Alpha","Limited Edition Beta","Unlimited Edition","Revised Edition","Fourth Edition","Ice Age","Rivals Quick Start Set","Arena League","Mirage","Introductory Two-Player Set","Fifth Edition","Portal","Tempest","Judge Gift Program","Portal Second Age","Unglued","Asia Pacific Land Program","Urza's Saga","Anthologies","Classic Sixth Edition","Portal Three Kingdoms","Starter 1999","Guru","Mercadian Masques","Battle Royale Box Set","European Land Program","Starter 2000","Beatdown Box Set","Invasion","Seventh Edition","Odyssey","Deckmasters","Onslaught","Eighth Edition","Mirrodin","Champions of Kamigawa","Unhinged","Ninth Edition","Ravnica: City of Guilds","Coldsnap Theme Decks","Time Spiral","Tenth Edition","Masters Edition","Lorwyn","Duel Decks: Elves vs. Goblins","Shadowmoor","Shards of Alara","Magic 2010","Planechase","Masters Edition III","Zendikar","Duel Decks: Garruk vs. Liliana","Premium Deck Series: Slivers","Duel Decks: Phyrexia vs. the Coalition","Rise of the Eldrazi","Duels of the Planeswalkers","Archenemy","Magic 2011","Scars of Mirrodin","Mirrodin Besieged","Duel Decks: Knights vs. Dragons","New Phyrexia","Magic: The Gathering-Commander","Magic 2012","Duel Decks: Ajani vs. Nicol Bolas","Innistrad","Avacyn Restored","Planechase 2012 Edition","Magic 2013","Duel Decks: Izzet vs. Golgari","Return to Ravnica","Magic 2014 Core Set","Duel Decks: Heroes vs. Monsters","Theros","Commander 2013 Edition","Duel Decks: Jace vs. Vraska","Magic 2015 Core Set","Khans of Tarkir","Commander 2014","Fate Reforged"]},{"layout":"normal","supertypes":["Basic"],"type":"Basic Land — Forest","types":["Land"],"name":"Forest","rarity":"Basic Land","subtypes":["Forest"],"artist":"Mike Ploog","legalities":{"Standard":"Legal","Modern":"Legal","Theros Block":"Legal","Return to Ravnica Block":"Legal","Innistrad Block":"Legal","Scars of Mirrodin Block":"Legal","Zendikar Block":"Legal","Shards of Alara Block":"Legal","Lorwyn-Shadowmoor Block":"Legal","Time Spiral Block":"Legal","Ravnica Block":"Legal","Kamigawa Block":"Legal","Mirrodin Block":"Legal","Onslaught Block":"Legal","Odyssey Block":"Legal","Invasion Block":"Legal","Masques Block":"Legal","Urza Block":"Legal","Tempest Block":"Legal","Mirage Block":"Legal","Ice Age Block":"Legal","Un-Sets":"Legal","Legacy":"Legal","Vintage":"Legal","Freeform":"Legal","Prismatic":"Legal","Tribal Wars Legacy":"Legal","Tribal Wars Standard":"Legal","Singleton 100":"Legal","Commander":"Legal"},"number":"11","foreignNames":[{"language":"Chinese Simplified","name":"树林"},{"language":"Chinese Traditional","name":"樹林"},{"language":"French","name":"Forêt"},{"language":"German","name":"Wald"},{"language":"Italian","name":"Foresta"},{"language":"Japanese","name":"森"},{"language":"Korean","name":"숲"},{"language":"Portuguese (Brazil)","name":"Floresta"},{"language":"Russian","name":"Лес"},{"language":"Spanish","name":"Bosque"}],"source":"European Land Program (Purple Booster, Invasion)","imageName":"forest2","printings":["Limited Edition Alpha","Limited Edition Beta","Unlimited Edition","Revised Edition","Fourth Edition","Ice Age","Rivals Quick Start Set","Arena League","Mirage","Introductory Two-Player Set","Fifth Edition","Portal","Tempest","Judge Gift Program","Portal Second Age","Unglued","Asia Pacific Land Program","Urza's Saga","Anthologies","Classic Sixth Edition","Portal Three Kingdoms","Starter 1999","Guru","Mercadian Masques","Battle Royale Box Set","European Land Program","Starter 2000","Beatdown Box Set","Invasion","Seventh Edition","Odyssey","Deckmasters","Onslaught","Eighth Edition","Mirrodin","Champions of Kamigawa","Unhinged","Ninth Edition","Ravnica: City of Guilds","Coldsnap Theme Decks","Time Spiral","Tenth Edition","Masters Edition","Lorwyn","Duel Decks: Elves vs. Goblins","Shadowmoor","Shards of Alara","Magic 2010","Planechase","Masters Edition III","Zendikar","Duel Decks: Garruk vs. Liliana","Premium Deck Series: Slivers","Duel Decks: Phyrexia vs. the Coalition","Rise of the Eldrazi","Duels of the Planeswalkers","Archenemy","Magic 2011","Scars of Mirrodin","Mirrodin Besieged","Duel Decks: Knights vs. Dragons","New Phyrexia","Magic: The Gathering-Commander","Magic 2012","Duel Decks: Ajani vs. Nicol Bolas","Innistrad","Avacyn Restored","Planechase 2012 Edition","Magic 2013","Duel Decks: Izzet vs. Golgari","Return to Ravnica","Magic 2014 Core Set","Duel Decks: Heroes vs. Monsters","Theros","Commander 2013 Edition","Duel Decks: Jace vs. Vraska","Magic 2015 Core Set","Khans of Tarkir","Commander 2014","Fate Reforged"]},{"layout":"normal","supertypes":["Basic"],"type":"Basic Land — Forest","types":["Land"],"name":"Forest","rarity":"Basic Land","subtypes":["Forest"],"artist":"Kev Walker","legalities":{"Standard":"Legal","Modern":"Legal","Theros Block":"Legal","Return to Ravnica Block":"Legal","Innistrad Block":"Legal","Scars of Mirrodin Block":"Legal","Zendikar Block":"Legal","Shards of Alara Block":"Legal","Lorwyn-Shadowmoor Block":"Legal","Time Spiral Block":"Legal","Ravnica Block":"Legal","Kamigawa Block":"Legal","Mirrodin Block":"Legal","Onslaught Block":"Legal","Odyssey Block":"Legal","Invasion Block":"Legal","Masques Block":"Legal","Urza Block":"Legal","Tempest Block":"Legal","Mirage Block":"Legal","Ice Age Block":"Legal","Un-Sets":"Legal","Legacy":"Legal","Vintage":"Legal","Freeform":"Legal","Prismatic":"Legal","Tribal Wars Legacy":"Legal","Tribal Wars Standard":"Legal","Singleton 100":"Legal","Commander":"Legal"},"number":"6","foreignNames":[{"language":"Chinese Simplified","name":"树林"},{"language":"Chinese Traditional","name":"樹林"},{"language":"French","name":"Forêt"},{"language":"German","name":"Wald"},{"language":"Italian","name":"Foresta"},{"language":"Japanese","name":"森"},{"language":"Korean","name":"숲"},{"language":"Portuguese (Brazil)","name":"Floresta"},{"language":"Russian","name":"Лес"},{"language":"Spanish","name":"Bosque"}],"source":"European Land Program (Red Booster, Prophecy)","imageName":"forest3","printings":["Limited Edition Alpha","Limited Edition Beta","Unlimited Edition","Revised Edition","Fourth Edition","Ice Age","Rivals Quick Start Set","Arena League","Mirage","Introductory Two-Player Set","Fifth Edition","Portal","Tempest","Judge Gift Program","Portal Second Age","Unglued","Asia Pacific Land Program","Urza's Saga","Anthologies","Classic Sixth Edition","Portal Three Kingdoms","Starter 1999","Guru","Mercadian Masques","Battle Royale Box Set","European Land Program","Starter 2000","Beatdown Box Set","Invasion","Seventh Edition","Odyssey","Deckmasters","Onslaught","Eighth Edition","Mirrodin","Champions of Kamigawa","Unhinged","Ninth Edition","Ravnica: City of Guilds","Coldsnap Theme Decks","Time Spiral","Tenth Edition","Masters Edition","Lorwyn","Duel Decks: Elves vs. Goblins","Shadowmoor","Shards of Alara","Magic 2010","Planechase","Masters Edition III","Zendikar","Duel Decks: Garruk vs. Liliana","Premium Deck Series: Slivers","Duel Decks: Phyrexia vs. the Coalition","Rise of the Eldrazi","Duels of the Planeswalkers","Archenemy","Magic 2011","Scars of Mirrodin","Mirrodin Besieged","Duel Decks: Knights vs. Dragons","New Phyrexia","Magic: The Gathering-Commander","Magic 2012","Duel Decks: Ajani vs. Nicol Bolas","Innistrad","Avacyn Restored","Planechase 2012 Edition","Magic 2013","Duel Decks: Izzet vs. Golgari","Return to Ravnica","Magic 2014 Core Set","Duel Decks: Heroes vs. Monsters","Theros","Commander 2013 Edition","Duel Decks: Jace vs. Vraska","Magic 2015 Core Set","Khans of Tarkir","Commander 2014","Fate Reforged"]},{"layout":"normal","supertypes":["Basic"],"type":"Basic Land — Island","types":["Land"],"name":"Island","rarity":"Basic Land","subtypes":["Island"],"artist":"Ben Thompson","legalities":{"Standard":"Legal","Modern":"Legal","Theros Block":"Legal","Return to Ravnica Block":"Legal","Innistrad Block":"Legal","Scars of Mirrodin Block":"Legal","Zendikar Block":"Legal","Shards of Alara Block":"Legal","Lorwyn-Shadowmoor Block":"Legal","Time Spiral Block":"Legal","Ravnica Block":"Legal","Kamigawa Block":"Legal","Mirrodin Block":"Legal","Onslaught Block":"Legal","Odyssey Block":"Legal","Invasion Block":"Legal","Masques Block":"Legal","Urza Block":"Legal","Tempest Block":"Legal","Mirage Block":"Legal","Ice Age Block":"Legal","Un-Sets":"Legal","Legacy":"Legal","Vintage":"Legal","Freeform":"Legal","Prismatic":"Legal","Tribal Wars Legacy":"Legal","Tribal Wars Standard":"Legal","Singleton 100":"Legal","Commander":"Legal"},"number":"12","foreignNames":[{"language":"Chinese Simplified","name":"海岛"},{"language":"Chinese Traditional","name":"海島"},{"language":"French","name":"Île"},{"language":"German","name":"Insel"},{"language":"Italian","name":"Isola"},{"language":"Japanese","name":"島"},{"language":"Korean","name":"섬"},{"language":"Portuguese (Brazil)","name":"Ilha"},{"language":"Russian","name":"Остров"},{"language":"Spanish","name":"Isla"}],"source":"European Land Program (Purple Booster, Invasion)","imageName":"island1","printings":["Limited Edition Alpha","Limited Edition Beta","Unlimited Edition","Revised Edition","Fourth Edition","Ice Age","Rivals Quick Start Set","Arena League","Mirage","Introductory Two-Player Set","Fifth Edition","Portal","Tempest","Judge Gift Program","Portal Second Age","Unglued","Asia Pacific Land Program","Urza's Saga","Classic Sixth Edition","Portal Three Kingdoms","Starter 1999","Guru","Mercadian Masques","Battle Royale Box Set","European Land Program","Starter 2000","Beatdown Box Set","Invasion","Seventh Edition","Odyssey","Onslaught","Eighth Edition","Mirrodin","Champions of Kamigawa","Unhinged","Ninth Edition","Ravnica: City of Guilds","Coldsnap Theme Decks","Time Spiral","Tenth Edition","Masters Edition","Lorwyn","Shadowmoor","Shards of Alara","Duel Decks: Jace vs. Chandra","Magic 2010","Planechase","Masters Edition III","Zendikar","Premium Deck Series: Slivers","Duel Decks: Phyrexia vs. the Coalition","Rise of the Eldrazi","Duels of the Planeswalkers","Archenemy","Magic 2011","Duel Decks: Elspeth vs. Tezzeret","Scars of Mirrodin","Mirrodin Besieged","New Phyrexia","Magic: The Gathering-Commander","Magic 2012","Duel Decks: Ajani vs. Nicol Bolas","Innistrad","Duel Decks: Venser vs. Koth","Avacyn Restored","Planechase 2012 Edition","Magic 2013","Duel Decks: Izzet vs. Golgari","Return to Ravnica","Magic 2014 Core Set","Theros","Commander 2013 Edition","Duel Decks: Jace vs. Vraska","Magic 2015 Core Set","Duel Decks: Speed vs. Cunning","Khans of Tarkir","Commander 2014","Fate Reforged"]},{"layout":"normal","supertypes":["Basic"],"type":"Basic Land — Island","types":["Land"],"name":"Island","rarity":"Basic Land","subtypes":["Island"],"artist":"Ben Thompson","legalities":{"Standard":"Legal","Modern":"Legal","Theros Block":"Legal","Return to Ravnica Block":"Legal","Innistrad Block":"Legal","Scars of Mirrodin Block":"Legal","Zendikar Block":"Legal","Shards of Alara Block":"Legal","Lorwyn-Shadowmoor Block":"Legal","Time Spiral Block":"Legal","Ravnica Block":"Legal","Kamigawa Block":"Legal","Mirrodin Block":"Legal","Onslaught Block":"Legal","Odyssey Block":"Legal","Invasion Block":"Legal","Masques Block":"Legal","Urza Block":"Legal","Tempest Block":"Legal","Mirage Block":"Legal","Ice Age Block":"Legal","Un-Sets":"Legal","Legacy":"Legal","Vintage":"Legal","Freeform":"Legal","Prismatic":"Legal","Tribal Wars Legacy":"Legal","Tribal Wars Standard":"Legal","Singleton 100":"Legal","Commander":"Legal"},"number":"2","foreignNames":[{"language":"Chinese Simplified","name":"海岛"},{"language":"Chinese Traditional","name":"海島"},{"language":"French","name":"Île"},{"language":"German","name":"Insel"},{"language":"Italian","name":"Isola"},{"language":"Japanese","name":"島"},{"language":"Korean","name":"섬"},{"language":"Portuguese (Brazil)","name":"Ilha"},{"language":"Russian","name":"Остров"},{"language":"Spanish","name":"Isla"}],"source":"European Land Program (Blue Booster, Nemesis)","imageName":"island2","printings":["Limited Edition Alpha","Limited Edition Beta","Unlimited Edition","Revised Edition","Fourth Edition","Ice Age","Rivals Quick Start Set","Arena League","Mirage","Introductory Two-Player Set","Fifth Edition","Portal","Tempest","Judge Gift Program","Portal Second Age","Unglued","Asia Pacific Land Program","Urza's Saga","Classic Sixth Edition","Portal Three Kingdoms","Starter 1999","Guru","Mercadian Masques","Battle Royale Box Set","European Land Program","Starter 2000","Beatdown Box Set","Invasion","Seventh Edition","Odyssey","Onslaught","Eighth Edition","Mirrodin","Champions of Kamigawa","Unhinged","Ninth Edition","Ravnica: City of Guilds","Coldsnap Theme Decks","Time Spiral","Tenth Edition","Masters Edition","Lorwyn","Shadowmoor","Shards of Alara","Duel Decks: Jace vs. Chandra","Magic 2010","Planechase","Masters Edition III","Zendikar","Premium Deck Series: Slivers","Duel Decks: Phyrexia vs. the Coalition","Rise of the Eldrazi","Duels of the Planeswalkers","Archenemy","Magic 2011","Duel Decks: Elspeth vs. Tezzeret","Scars of Mirrodin","Mirrodin Besieged","New Phyrexia","Magic: The Gathering-Commander","Magic 2012","Duel Decks: Ajani vs. Nicol Bolas","Innistrad","Duel Decks: Venser vs. Koth","Avacyn Restored","Planechase 2012 Edition","Magic 2013","Duel Decks: Izzet vs. Golgari","Return to Ravnica","Magic 2014 Core Set","Theros","Commander 2013 Edition","Duel Decks: Jace vs. Vraska","Magic 2015 Core Set","Duel Decks: Speed vs. Cunning","Khans of Tarkir","Commander 2014","Fate Reforged"]},{"layout":"normal","supertypes":["Basic"],"type":"Basic Land — Island","types":["Land"],"name":"Island","rarity":"Basic Land","subtypes":["Island"],"artist":"Eric Peterson","legalities":{"Standard":"Legal","Modern":"Legal","Theros Block":"Legal","Return to Ravnica Block":"Legal","Innistrad Block":"Legal","Scars of Mirrodin Block":"Legal","Zendikar Block":"Legal","Shards of Alara Block":"Legal","Lorwyn-Shadowmoor Block":"Legal","Time Spiral Block":"Legal","Ravnica Block":"Legal","Kamigawa Block":"Legal","Mirrodin Block":"Legal","Onslaught Block":"Legal","Odyssey Block":"Legal","Invasion Block":"Legal","Masques Block":"Legal","Urza Block":"Legal","Tempest Block":"Legal","Mirage Block":"Legal","Ice Age Block":"Legal","Un-Sets":"Legal","Legacy":"Legal","Vintage":"Legal","Freeform":"Legal","Prismatic":"Legal","Tribal Wars Legacy":"Legal","Tribal Wars Standard":"Legal","Singleton 100":"Legal","Commander":"Legal"},"number":"7","foreignNames":[{"language":"Chinese Simplified","name":"海岛"},{"language":"Chinese Traditional","name":"海島"},{"language":"French","name":"Île"},{"language":"German","name":"Insel"},{"language":"Italian","name":"Isola"},{"language":"Japanese","name":"島"},{"language":"Korean","name":"섬"},{"language":"Portuguese (Brazil)","name":"Ilha"},{"language":"Russian","name":"Остров"},{"language":"Spanish","name":"Isla"}],"source":"European Land Program (Red Booster, Prophecy)","imageName":"island3","printings":["Limited Edition Alpha","Limited Edition Beta","Unlimited Edition","Revised Edition","Fourth Edition","Ice Age","Rivals Quick Start Set","Arena League","Mirage","Introductory Two-Player Set","Fifth Edition","Portal","Tempest","Judge Gift Program","Portal Second Age","Unglued","Asia Pacific Land Program","Urza's Saga","Classic Sixth Edition","Portal Three Kingdoms","Starter 1999","Guru","Mercadian Masques","Battle Royale Box Set","European Land Program","Starter 2000","Beatdown Box Set","Invasion","Seventh Edition","Odyssey","Onslaught","Eighth Edition","Mirrodin","Champions of Kamigawa","Unhinged","Ninth Edition","Ravnica: City of Guilds","Coldsnap Theme Decks","Time Spiral","Tenth Edition","Masters Edition","Lorwyn","Shadowmoor","Shards of Alara","Duel Decks: Jace vs. Chandra","Magic 2010","Planechase","Masters Edition III","Zendikar","Premium Deck Series: Slivers","Duel Decks: Phyrexia vs. the Coalition","Rise of the Eldrazi","Duels of the Planeswalkers","Archenemy","Magic 2011","Duel Decks: Elspeth vs. Tezzeret","Scars of Mirrodin","Mirrodin Besieged","New Phyrexia","Magic: The Gathering-Commander","Magic 2012","Duel Decks: Ajani vs. Nicol Bolas","Innistrad","Duel Decks: Venser vs. Koth","Avacyn Restored","Planechase 2012 Edition","Magic 2013","Duel Decks: Izzet vs. Golgari","Return to Ravnica","Magic 2014 Core Set","Theros","Commander 2013 Edition","Duel Decks: Jace vs. Vraska","Magic 2015 Core Set","Duel Decks: Speed vs. Cunning","Khans of Tarkir","Commander 2014","Fate Reforged"]},{"layout":"normal","supertypes":["Basic"],"type":"Basic Land — Mountain","types":["Land"],"name":"Mountain","rarity":"Basic Land","subtypes":["Mountain"],"artist":"Eric Peterson","legalities":{"Standard":"Legal","Modern":"Legal","Theros Block":"Legal","Return to Ravnica Block":"Legal","Innistrad Block":"Legal","Scars of Mirrodin Block":"Legal","Zendikar Block":"Legal","Shards of Alara Block":"Legal","Lorwyn-Shadowmoor Block":"Legal","Time Spiral Block":"Legal","Ravnica Block":"Legal","Kamigawa Block":"Legal","Mirrodin Block":"Legal","Onslaught Block":"Legal","Odyssey Block":"Legal","Invasion Block":"Legal","Masques Block":"Legal","Urza Block":"Legal","Tempest Block":"Legal","Mirage Block":"Legal","Ice Age Block":"Legal","Un-Sets":"Legal","Legacy":"Legal","Vintage":"Legal","Freeform":"Legal","Prismatic":"Legal","Tribal Wars Legacy":"Legal","Tribal Wars Standard":"Legal","Singleton 100":"Legal","Commander":"Legal"},"number":"13","foreignNames":[{"language":"Chinese Simplified","name":"山脉"},{"language":"Chinese Traditional","name":"山脈"},{"language":"French","name":"Montagne"},{"language":"German","name":"Gebirge"},{"language":"Italian","name":"Montagna"},{"language":"Japanese","name":"山"},{"language":"Korean","name":"산"},{"language":"Portuguese (Brazil)","name":"Montanha"},{"language":"Russian","name":"Гора"},{"language":"Spanish","name":"Montaña"}],"source":"European Land Program (Purple Booster, Invasion)","imageName":"mountain1","printings":["Limited Edition Alpha","Limited Edition Beta","Unlimited Edition","Arabian Nights","Revised Edition","Fourth Edition","Ice Age","Rivals Quick Start Set","Arena League","Mirage","Introductory Two-Player Set","Fifth Edition","Portal","Tempest","Judge Gift Program","Portal Second Age","Unglued","Asia Pacific Land Program","Urza's Saga","Anthologies","Classic Sixth Edition","Portal Three Kingdoms","Starter 1999","Guru","Mercadian Masques","Battle Royale Box Set","European Land Program","Starter 2000","Beatdown Box Set","Invasion","Seventh Edition","Odyssey","Deckmasters","Onslaught","Eighth Edition","Mirrodin","Champions of Kamigawa","Unhinged","Ninth Edition","Ravnica: City of Guilds","Coldsnap Theme Decks","Time Spiral","Tenth Edition","Masters Edition","Lorwyn","Duel Decks: Elves vs. Goblins","Shadowmoor","Shards of Alara","Duel Decks: Jace vs. Chandra","Magic 2010","Planechase","Masters Edition III","Zendikar","Premium Deck Series: Slivers","Duel Decks: Phyrexia vs. the Coalition","Rise of the Eldrazi","Duels of the Planeswalkers","Archenemy","Magic 2011","Scars of Mirrodin","Premium Deck Series: Fire and Lightning","Mirrodin Besieged","Duel Decks: Knights vs. Dragons","New Phyrexia","Magic: The Gathering-Commander","Magic 2012","Duel Decks: Ajani vs. Nicol Bolas","Innistrad","Duel Decks: Venser vs. Koth","Avacyn Restored","Planechase 2012 Edition","Magic 2013","Duel Decks: Izzet vs. Golgari","Return to Ravnica","Duel Decks: Sorin vs. Tibalt","Magic 2014 Core Set","Duel Decks: Heroes vs. Monsters","Theros","Commander 2013 Edition","Magic 2015 Core Set","Duel Decks: Speed vs. Cunning","Khans of Tarkir","Commander 2014","Fate Reforged"]},{"layout":"normal","supertypes":["Basic"],"type":"Basic Land — Mountain","types":["Land"],"name":"Mountain","rarity":"Basic Land","subtypes":["Mountain"],"artist":"Kev Walker","legalities":{"Standard":"Legal","Modern":"Legal","Theros Block":"Legal","Return to Ravnica Block":"Legal","Innistrad Block":"Legal","Scars of Mirrodin Block":"Legal","Zendikar Block":"Legal","Shards of Alara Block":"Legal","Lorwyn-Shadowmoor Block":"Legal","Time Spiral Block":"Legal","Ravnica Block":"Legal","Kamigawa Block":"Legal","Mirrodin Block":"Legal","Onslaught Block":"Legal","Odyssey Block":"Legal","Invasion Block":"Legal","Masques Block":"Legal","Urza Block":"Legal","Tempest Block":"Legal","Mirage Block":"Legal","Ice Age Block":"Legal","Un-Sets":"Legal","Legacy":"Legal","Vintage":"Legal","Freeform":"Legal","Prismatic":"Legal","Tribal Wars Legacy":"Legal","Tribal Wars Standard":"Legal","Singleton 100":"Legal","Commander":"Legal"},"number":"3","foreignNames":[{"language":"Chinese Simplified","name":"山脉"},{"language":"Chinese Traditional","name":"山脈"},{"language":"French","name":"Montagne"},{"language":"German","name":"Gebirge"},{"language":"Italian","name":"Montagna"},{"language":"Japanese","name":"山"},{"language":"Korean","name":"산"},{"language":"Portuguese (Brazil)","name":"Montanha"},{"language":"Russian","name":"Гора"},{"language":"Spanish","name":"Montaña"}],"source":"European Land Program (Blue Booster, Nemesis)","imageName":"mountain2","printings":["Limited Edition Alpha","Limited Edition Beta","Unlimited Edition","Arabian Nights","Revised Edition","Fourth Edition","Ice Age","Rivals Quick Start Set","Arena League","Mirage","Introductory Two-Player Set","Fifth Edition","Portal","Tempest","Judge Gift Program","Portal Second Age","Unglued","Asia Pacific Land Program","Urza's Saga","Anthologies","Classic Sixth Edition","Portal Three Kingdoms","Starter 1999","Guru","Mercadian Masques","Battle Royale Box Set","European Land Program","Starter 2000","Beatdown Box Set","Invasion","Seventh Edition","Odyssey","Deckmasters","Onslaught","Eighth Edition","Mirrodin","Champions of Kamigawa","Unhinged","Ninth Edition","Ravnica: City of Guilds","Coldsnap Theme Decks","Time Spiral","Tenth Edition","Masters Edition","Lorwyn","Duel Decks: Elves vs. Goblins","Shadowmoor","Shards of Alara","Duel Decks: Jace vs. Chandra","Magic 2010","Planechase","Masters Edition III","Zendikar","Premium Deck Series: Slivers","Duel Decks: Phyrexia vs. the Coalition","Rise of the Eldrazi","Duels of the Planeswalkers","Archenemy","Magic 2011","Scars of Mirrodin","Premium Deck Series: Fire and Lightning","Mirrodin Besieged","Duel Decks: Knights vs. Dragons","New Phyrexia","Magic: The Gathering-Commander","Magic 2012","Duel Decks: Ajani vs. Nicol Bolas","Innistrad","Duel Decks: Venser vs. Koth","Avacyn Restored","Planechase 2012 Edition","Magic 2013","Duel Decks: Izzet vs. Golgari","Return to Ravnica","Duel Decks: Sorin vs. Tibalt","Magic 2014 Core Set","Duel Decks: Heroes vs. Monsters","Theros","Commander 2013 Edition","Magic 2015 Core Set","Duel Decks: Speed vs. Cunning","Khans of Tarkir","Commander 2014","Fate Reforged"]},{"layout":"normal","supertypes":["Basic"],"type":"Basic Land — Mountain","types":["Land"],"name":"Mountain","rarity":"Basic Land","subtypes":["Mountain"],"artist":"Scott Bailey","legalities":{"Standard":"Legal","Modern":"Legal","Theros Block":"Legal","Return to Ravnica Block":"Legal","Innistrad Block":"Legal","Scars of Mirrodin Block":"Legal","Zendikar Block":"Legal","Shards of Alara Block":"Legal","Lorwyn-Shadowmoor Block":"Legal","Time Spiral Block":"Legal","Ravnica Block":"Legal","Kamigawa Block":"Legal","Mirrodin Block":"Legal","Onslaught Block":"Legal","Odyssey Block":"Legal","Invasion Block":"Legal","Masques Block":"Legal","Urza Block":"Legal","Tempest Block":"Legal","Mirage Block":"Legal","Ice Age Block":"Legal","Un-Sets":"Legal","Legacy":"Legal","Vintage":"Legal","Freeform":"Legal","Prismatic":"Legal","Tribal Wars Legacy":"Legal","Tribal Wars Standard":"Legal","Singleton 100":"Legal","Commander":"Legal"},"number":"8","foreignNames":[{"language":"Chinese Simplified","name":"山脉"},{"language":"Chinese Traditional","name":"山脈"},{"language":"French","name":"Montagne"},{"language":"German","name":"Gebirge"},{"language":"Italian","name":"Montagna"},{"language":"Japanese","name":"山"},{"language":"Korean","name":"산"},{"language":"Portuguese (Brazil)","name":"Montanha"},{"language":"Russian","name":"Гора"},{"language":"Spanish","name":"Montaña"}],"source":"European Land Program (Red Booster, Prophecy)","imageName":"mountain3","printings":["Limited Edition Alpha","Limited Edition Beta","Unlimited Edition","Arabian Nights","Revised Edition","Fourth Edition","Ice Age","Rivals Quick Start Set","Arena League","Mirage","Introductory Two-Player Set","Fifth Edition","Portal","Tempest","Judge Gift Program","Portal Second Age","Unglued","Asia Pacific Land Program","Urza's Saga","Anthologies","Classic Sixth Edition","Portal Three Kingdoms","Starter 1999","Guru","Mercadian Masques","Battle Royale Box Set","European Land Program","Starter 2000","Beatdown Box Set","Invasion","Seventh Edition","Odyssey","Deckmasters","Onslaught","Eighth Edition","Mirrodin","Champions of Kamigawa","Unhinged","Ninth Edition","Ravnica: City of Guilds","Coldsnap Theme Decks","Time Spiral","Tenth Edition","Masters Edition","Lorwyn","Duel Decks: Elves vs. Goblins","Shadowmoor","Shards of Alara","Duel Decks: Jace vs. Chandra","Magic 2010","Planechase","Masters Edition III","Zendikar","Premium Deck Series: Slivers","Duel Decks: Phyrexia vs. the Coalition","Rise of the Eldrazi","Duels of the Planeswalkers","Archenemy","Magic 2011","Scars of Mirrodin","Premium Deck Series: Fire and Lightning","Mirrodin Besieged","Duel Decks: Knights vs. Dragons","New Phyrexia","Magic: The Gathering-Commander","Magic 2012","Duel Decks: Ajani vs. Nicol Bolas","Innistrad","Duel Decks: Venser vs. Koth","Avacyn Restored","Planechase 2012 Edition","Magic 2013","Duel Decks: Izzet vs. Golgari","Return to Ravnica","Duel Decks: Sorin vs. Tibalt","Magic 2014 Core Set","Duel Decks: Heroes vs. Monsters","Theros","Commander 2013 Edition","Magic 2015 Core Set","Duel Decks: Speed vs. Cunning","Khans of Tarkir","Commander 2014","Fate Reforged"]},{"layout":"normal","supertypes":["Basic"],"type":"Basic Land — Plains","types":["Land"],"name":"Plains","rarity":"Basic Land","subtypes":["Plains"],"artist":"Ben Thompson","legalities":{"Standard":"Legal","Modern":"Legal","Theros Block":"Legal","Return to Ravnica Block":"Legal","Innistrad Block":"Legal","Scars of Mirrodin Block":"Legal","Zendikar Block":"Legal","Shards of Alara Block":"Legal","Lorwyn-Shadowmoor Block":"Legal","Time Spiral Block":"Legal","Ravnica Block":"Legal","Kamigawa Block":"Legal","Mirrodin Block":"Legal","Onslaught Block":"Legal","Odyssey Block":"Legal","Invasion Block":"Legal","Masques Block":"Legal","Urza Block":"Legal","Tempest Block":"Legal","Mirage Block":"Legal","Ice Age Block":"Legal","Un-Sets":"Legal","Legacy":"Legal","Vintage":"Legal","Freeform":"Legal","Prismatic":"Legal","Tribal Wars Legacy":"Legal","Tribal Wars Standard":"Legal","Singleton 100":"Legal","Commander":"Legal"},"number":"14","foreignNames":[{"language":"Chinese Simplified","name":"平原"},{"language":"Chinese Traditional","name":"平原"},{"language":"French","name":"Plaine"},{"language":"German","name":"Ebene"},{"language":"Italian","name":"Pianura"},{"language":"Japanese","name":"平地"},{"language":"Korean","name":"들"},{"language":"Portuguese (Brazil)","name":"Planície"},{"language":"Russian","name":"Равнины"},{"language":"Spanish","name":"Llanura"}],"source":"European Land Program (Purple Booster, Invasion)","imageName":"plains1","printings":["Limited Edition Alpha","Limited Edition Beta","Unlimited Edition","Revised Edition","Fourth Edition","Ice Age","Rivals Quick Start Set","Arena League","Mirage","Introductory Two-Player Set","Fifth Edition","Portal","Prerelease Events","Tempest","Judge Gift Program","Portal Second Age","Unglued","Asia Pacific Land Program","Urza's Saga","Anthologies","Classic Sixth Edition","Portal Three Kingdoms","Starter 1999","Guru","Mercadian Masques","Battle Royale Box Set","European Land Program","Starter 2000","Invasion","Seventh Edition","Odyssey","Onslaught","Eighth Edition","Mirrodin","Champions of Kamigawa","Unhinged","Ninth Edition","Ravnica: City of Guilds","Coldsnap Theme Decks","Time Spiral","Tenth Edition","Masters Edition","Lorwyn","Shadowmoor","Shards of Alara","Duel Decks: Divine vs. Demonic","Magic 2010","Planechase","Masters Edition III","Zendikar","Premium Deck Series: Slivers","Duel Decks: Phyrexia vs. the Coalition","Rise of the Eldrazi","Archenemy","Magic 2011","Duel Decks: Elspeth vs. Tezzeret","Scars of Mirrodin","Mirrodin Besieged","Duel Decks: Knights vs. Dragons","New Phyrexia","Magic: The Gathering-Commander","Magic 2012","Duel Decks: Ajani vs. Nicol Bolas","Innistrad","Duel Decks: Venser vs. Koth","Avacyn Restored","Planechase 2012 Edition","Magic 2013","Return to Ravnica","Duel Decks: Sorin vs. Tibalt","Magic 2014 Core Set","Duel Decks: Heroes vs. Monsters","Theros","Commander 2013 Edition","Modern Event Deck 2014","Magic 2015 Core Set","Duel Decks: Speed vs. Cunning","Khans of Tarkir","Commander 2014","Fate Reforged"]},{"layout":"normal","supertypes":["Basic"],"type":"Basic Land — Plains","types":["Land"],"name":"Plains","rarity":"Basic Land","subtypes":["Plains"],"artist":"Mike Ploog","legalities":{"Standard":"Legal","Modern":"Legal","Theros Block":"Legal","Return to Ravnica Block":"Legal","Innistrad Block":"Legal","Scars of Mirrodin Block":"Legal","Zendikar Block":"Legal","Shards of Alara Block":"Legal","Lorwyn-Shadowmoor Block":"Legal","Time Spiral Block":"Legal","Ravnica Block":"Legal","Kamigawa Block":"Legal","Mirrodin Block":"Legal","Onslaught Block":"Legal","Odyssey Block":"Legal","Invasion Block":"Legal","Masques Block":"Legal","Urza Block":"Legal","Tempest Block":"Legal","Mirage Block":"Legal","Ice Age Block":"Legal","Un-Sets":"Legal","Legacy":"Legal","Vintage":"Legal","Freeform":"Legal","Prismatic":"Legal","Tribal Wars Legacy":"Legal","Tribal Wars Standard":"Legal","Singleton 100":"Legal","Commander":"Legal"},"number":"4","foreignNames":[{"language":"Chinese Simplified","name":"平原"},{"language":"Chinese Traditional","name":"平原"},{"language":"French","name":"Plaine"},{"language":"German","name":"Ebene"},{"language":"Italian","name":"Pianura"},{"language":"Japanese","name":"平地"},{"language":"Korean","name":"들"},{"language":"Portuguese (Brazil)","name":"Planície"},{"language":"Russian","name":"Равнины"},{"language":"Spanish","name":"Llanura"}],"source":"European Land Program (Blue Booster, Nemesis)","imageName":"plains2","printings":["Limited Edition Alpha","Limited Edition Beta","Unlimited Edition","Revised Edition","Fourth Edition","Ice Age","Rivals Quick Start Set","Arena League","Mirage","Introductory Two-Player Set","Fifth Edition","Portal","Prerelease Events","Tempest","Judge Gift Program","Portal Second Age","Unglued","Asia Pacific Land Program","Urza's Saga","Anthologies","Classic Sixth Edition","Portal Three Kingdoms","Starter 1999","Guru","Mercadian Masques","Battle Royale Box Set","European Land Program","Starter 2000","Invasion","Seventh Edition","Odyssey","Onslaught","Eighth Edition","Mirrodin","Champions of Kamigawa","Unhinged","Ninth Edition","Ravnica: City of Guilds","Coldsnap Theme Decks","Time Spiral","Tenth Edition","Masters Edition","Lorwyn","Shadowmoor","Shards of Alara","Duel Decks: Divine vs. Demonic","Magic 2010","Planechase","Masters Edition III","Zendikar","Premium Deck Series: Slivers","Duel Decks: Phyrexia vs. the Coalition","Rise of the Eldrazi","Archenemy","Magic 2011","Duel Decks: Elspeth vs. Tezzeret","Scars of Mirrodin","Mirrodin Besieged","Duel Decks: Knights vs. Dragons","New Phyrexia","Magic: The Gathering-Commander","Magic 2012","Duel Decks: Ajani vs. Nicol Bolas","Innistrad","Duel Decks: Venser vs. Koth","Avacyn Restored","Planechase 2012 Edition","Magic 2013","Return to Ravnica","Duel Decks: Sorin vs. Tibalt","Magic 2014 Core Set","Duel Decks: Heroes vs. Monsters","Theros","Commander 2013 Edition","Modern Event Deck 2014","Magic 2015 Core Set","Duel Decks: Speed vs. Cunning","Khans of Tarkir","Commander 2014","Fate Reforged"]},{"layout":"normal","supertypes":["Basic"],"type":"Basic Land — Plains","types":["Land"],"name":"Plains","rarity":"Basic Land","subtypes":["Plains"],"artist":"Eric Peterson","legalities":{"Standard":"Legal","Modern":"Legal","Theros Block":"Legal","Return to Ravnica Block":"Legal","Innistrad Block":"Legal","Scars of Mirrodin Block":"Legal","Zendikar Block":"Legal","Shards of Alara Block":"Legal","Lorwyn-Shadowmoor Block":"Legal","Time Spiral Block":"Legal","Ravnica Block":"Legal","Kamigawa Block":"Legal","Mirrodin Block":"Legal","Onslaught Block":"Legal","Odyssey Block":"Legal","Invasion Block":"Legal","Masques Block":"Legal","Urza Block":"Legal","Tempest Block":"Legal","Mirage Block":"Legal","Ice Age Block":"Legal","Un-Sets":"Legal","Legacy":"Legal","Vintage":"Legal","Freeform":"Legal","Prismatic":"Legal","Tribal Wars Legacy":"Legal","Tribal Wars Standard":"Legal","Singleton 100":"Legal","Commander":"Legal"},"number":"9","foreignNames":[{"language":"Chinese Simplified","name":"平原"},{"language":"Chinese Traditional","name":"平原"},{"language":"French","name":"Plaine"},{"language":"German","name":"Ebene"},{"language":"Italian","name":"Pianura"},{"language":"Japanese","name":"平地"},{"language":"Korean","name":"들"},{"language":"Portuguese (Brazil)","name":"Planície"},{"language":"Russian","name":"Равнины"},{"language":"Spanish","name":"Llanura"}],"source":"European Land Program (Red Booster, Prophecy)","imageName":"plains3","printings":["Limited Edition Alpha","Limited Edition Beta","Unlimited Edition","Revised Edition","Fourth Edition","Ice Age","Rivals Quick Start Set","Arena League","Mirage","Introductory Two-Player Set","Fifth Edition","Portal","Prerelease Events","Tempest","Judge Gift Program","Portal Second Age","Unglued","Asia Pacific Land Program","Urza's Saga","Anthologies","Classic Sixth Edition","Portal Three Kingdoms","Starter 1999","Guru","Mercadian Masques","Battle Royale Box Set","European Land Program","Starter 2000","Invasion","Seventh Edition","Odyssey","Onslaught","Eighth Edition","Mirrodin","Champions of Kamigawa","Unhinged","Ninth Edition","Ravnica: City of Guilds","Coldsnap Theme Decks","Time Spiral","Tenth Edition","Masters Edition","Lorwyn","Shadowmoor","Shards of Alara","Duel Decks: Divine vs. Demonic","Magic 2010","Planechase","Masters Edition III","Zendikar","Premium Deck Series: Slivers","Duel Decks: Phyrexia vs. the Coalition","Rise of the Eldrazi","Archenemy","Magic 2011","Duel Decks: Elspeth vs. Tezzeret","Scars of Mirrodin","Mirrodin Besieged","Duel Decks: Knights vs. Dragons","New Phyrexia","Magic: The Gathering-Commander","Magic 2012","Duel Decks: Ajani vs. Nicol Bolas","Innistrad","Duel Decks: Venser vs. Koth","Avacyn Restored","Planechase 2012 Edition","Magic 2013","Return to Ravnica","Duel Decks: Sorin vs. Tibalt","Magic 2014 Core Set","Duel Decks: Heroes vs. Monsters","Theros","Commander 2013 Edition","Modern Event Deck 2014","Magic 2015 Core Set","Duel Decks: Speed vs. Cunning","Khans of Tarkir","Commander 2014","Fate Reforged"]},{"layout":"normal","supertypes":["Basic"],"type":"Basic Land — Swamp","types":["Land"],"name":"Swamp","rarity":"Basic Land","subtypes":["Swamp"],"artist":"Kev Walker","legalities":{"Standard":"Legal","Modern":"Legal","Theros Block":"Legal","Return to Ravnica Block":"Legal","Innistrad Block":"Legal","Scars of Mirrodin Block":"Legal","Zendikar Block":"Legal","Shards of Alara Block":"Legal","Lorwyn-Shadowmoor Block":"Legal","Time Spiral Block":"Legal","Ravnica Block":"Legal","Kamigawa Block":"Legal","Mirrodin Block":"Legal","Onslaught Block":"Legal","Odyssey Block":"Legal","Invasion Block":"Legal","Masques Block":"Legal","Urza Block":"Legal","Tempest Block":"Legal","Mirage Block":"Legal","Ice Age Block":"Legal","Un-Sets":"Legal","Legacy":"Legal","Vintage":"Legal","Freeform":"Legal","Prismatic":"Legal","Tribal Wars Legacy":"Legal","Tribal Wars Standard":"Legal","Singleton 100":"Legal","Commander":"Legal"},"number":"10","foreignNames":[{"language":"Chinese Simplified","name":"沼泽"},{"language":"Chinese Traditional","name":"沼澤"},{"language":"French","name":"Marais"},{"language":"German","name":"Sumpf"},{"language":"Italian","name":"Palude"},{"language":"Japanese","name":"沼"},{"language":"Korean","name":"늪"},{"language":"Portuguese (Brazil)","name":"Pântano"},{"language":"Russian","name":"Болото"},{"language":"Spanish","name":"Pantano"}],"source":"European Land Program (Red Booster, Prophecy)","imageName":"swamp1","printings":["Limited Edition Alpha","Limited Edition Beta","Unlimited Edition","Revised Edition","Fourth Edition","Ice Age","Rivals Quick Start Set","Arena League","Mirage","Introductory Two-Player Set","Fifth Edition","Portal","Tempest","Judge Gift Program","Portal Second Age","Unglued","Asia Pacific Land Program","Urza's Saga","Anthologies","Classic Sixth Edition","Portal Three Kingdoms","Starter 1999","Guru","Mercadian Masques","Battle Royale Box Set","European Land Program","Starter 2000","Beatdown Box Set","Invasion","Seventh Edition","Odyssey","Deckmasters","Onslaught","Eighth Edition","Mirrodin","Champions of Kamigawa","Unhinged","Ninth Edition","Ravnica: City of Guilds","Coldsnap Theme Decks","Time Spiral","Tenth Edition","Masters Edition","Lorwyn","Shadowmoor","Shards of Alara","Duel Decks: Divine vs. Demonic","Magic 2010","Planechase","Masters Edition III","Zendikar","Duel Decks: Garruk vs. Liliana","Premium Deck Series: Slivers","Duel Decks: Phyrexia vs. the Coalition","Rise of the Eldrazi","Duels of the Planeswalkers","Archenemy","Magic 2011","Scars of Mirrodin","Mirrodin Besieged","New Phyrexia","Magic: The Gathering-Commander","Magic 2012","Duel Decks: Ajani vs. Nicol Bolas","Innistrad","Premium Deck Series: Graveborn","Avacyn Restored","Planechase 2012 Edition","Magic 2013","Duel Decks: Izzet vs. Golgari","Return to Ravnica","Duel Decks: Sorin vs. Tibalt","Magic 2014 Core Set","Theros","Commander 2013 Edition","Duel Decks: Jace vs. Vraska","Modern Event Deck 2014","Magic 2015 Core Set","Duel Decks: Speed vs. Cunning","Khans of Tarkir","Commander 2014","Fate Reforged"]},{"layout":"normal","supertypes":["Basic"],"type":"Basic Land — Swamp","types":["Land"],"name":"Swamp","rarity":"Basic Land","subtypes":["Swamp"],"artist":"Mike Ploog","legalities":{"Standard":"Legal","Modern":"Legal","Theros Block":"Legal","Return to Ravnica Block":"Legal","Innistrad Block":"Legal","Scars of Mirrodin Block":"Legal","Zendikar Block":"Legal","Shards of Alara Block":"Legal","Lorwyn-Shadowmoor Block":"Legal","Time Spiral Block":"Legal","Ravnica Block":"Legal","Kamigawa Block":"Legal","Mirrodin Block":"Legal","Onslaught Block":"Legal","Odyssey Block":"Legal","Invasion Block":"Legal","Masques Block":"Legal","Urza Block":"Legal","Tempest Block":"Legal","Mirage Block":"Legal","Ice Age Block":"Legal","Un-Sets":"Legal","Legacy":"Legal","Vintage":"Legal","Freeform":"Legal","Prismatic":"Legal","Tribal Wars Legacy":"Legal","Tribal Wars Standard":"Legal","Singleton 100":"Legal","Commander":"Legal"},"number":"15","foreignNames":[{"language":"Chinese Simplified","name":"沼泽"},{"language":"Chinese Traditional","name":"沼澤"},{"language":"French","name":"Marais"},{"language":"German","name":"Sumpf"},{"language":"Italian","name":"Palude"},{"language":"Japanese","name":"沼"},{"language":"Korean","name":"늪"},{"language":"Portuguese (Brazil)","name":"Pântano"},{"language":"Russian","name":"Болото"},{"language":"Spanish","name":"Pantano"}],"source":"European Land Program (Purple Booster, Invasion)","imageName":"swamp2","printings":["Limited Edition Alpha","Limited Edition Beta","Unlimited Edition","Revised Edition","Fourth Edition","Ice Age","Rivals Quick Start Set","Arena League","Mirage","Introductory Two-Player Set","Fifth Edition","Portal","Tempest","Judge Gift Program","Portal Second Age","Unglued","Asia Pacific Land Program","Urza's Saga","Anthologies","Classic Sixth Edition","Portal Three Kingdoms","Starter 1999","Guru","Mercadian Masques","Battle Royale Box Set","European Land Program","Starter 2000","Beatdown Box Set","Invasion","Seventh Edition","Odyssey","Deckmasters","Onslaught","Eighth Edition","Mirrodin","Champions of Kamigawa","Unhinged","Ninth Edition","Ravnica: City of Guilds","Coldsnap Theme Decks","Time Spiral","Tenth Edition","Masters Edition","Lorwyn","Shadowmoor","Shards of Alara","Duel Decks: Divine vs. Demonic","Magic 2010","Planechase","Masters Edition III","Zendikar","Duel Decks: Garruk vs. Liliana","Premium Deck Series: Slivers","Duel Decks: Phyrexia vs. the Coalition","Rise of the Eldrazi","Duels of the Planeswalkers","Archenemy","Magic 2011","Scars of Mirrodin","Mirrodin Besieged","New Phyrexia","Magic: The Gathering-Commander","Magic 2012","Duel Decks: Ajani vs. Nicol Bolas","Innistrad","Premium Deck Series: Graveborn","Avacyn Restored","Planechase 2012 Edition","Magic 2013","Duel Decks: Izzet vs. Golgari","Return to Ravnica","Duel Decks: Sorin vs. Tibalt","Magic 2014 Core Set","Theros","Commander 2013 Edition","Duel Decks: Jace vs. Vraska","Modern Event Deck 2014","Magic 2015 Core Set","Duel Decks: Speed vs. Cunning","Khans of Tarkir","Commander 2014","Fate Reforged"]},{"layout":"normal","supertypes":["Basic"],"type":"Basic Land — Swamp","types":["Land"],"name":"Swamp","rarity":"Basic Land","subtypes":["Swamp"],"artist":"Scott Bailey","legalities":{"Standard":"Legal","Modern":"Legal","Theros Block":"Legal","Return to Ravnica Block":"Legal","Innistrad Block":"Legal","Scars of Mirrodin Block":"Legal","Zendikar Block":"Legal","Shards of Alara Block":"Legal","Lorwyn-Shadowmoor Block":"Legal","Time Spiral Block":"Legal","Ravnica Block":"Legal","Kamigawa Block":"Legal","Mirrodin Block":"Legal","Onslaught Block":"Legal","Odyssey Block":"Legal","Invasion Block":"Legal","Masques Block":"Legal","Urza Block":"Legal","Tempest Block":"Legal","Mirage Block":"Legal","Ice Age Block":"Legal","Un-Sets":"Legal","Legacy":"Legal","Vintage":"Legal","Freeform":"Legal","Prismatic":"Legal","Tribal Wars Legacy":"Legal","Tribal Wars Standard":"Legal","Singleton 100":"Legal","Commander":"Legal"},"number":"5","foreignNames":[{"language":"Chinese Simplified","name":"沼泽"},{"language":"Chinese Traditional","name":"沼澤"},{"language":"French","name":"Marais"},{"language":"German","name":"Sumpf"},{"language":"Italian","name":"Palude"},{"language":"Japanese","name":"沼"},{"language":"Korean","name":"늪"},{"language":"Portuguese (Brazil)","name":"Pântano"},{"language":"Russian","name":"Болото"},{"language":"Spanish","name":"Pantano"}],"source":"European Land Program (Blue Booster, Nemesis)","imageName":"swamp3","printings":["Limited Edition Alpha","Limited Edition Beta","Unlimited Edition","Revised Edition","Fourth Edition","Ice Age","Rivals Quick Start Set","Arena League","Mirage","Introductory Two-Player Set","Fifth Edition","Portal","Tempest","Judge Gift Program","Portal Second Age","Unglued","Asia Pacific Land Program","Urza's Saga","Anthologies","Classic Sixth Edition","Portal Three Kingdoms","Starter 1999","Guru","Mercadian Masques","Battle Royale Box Set","European Land Program","Starter 2000","Beatdown Box Set","Invasion","Seventh Edition","Odyssey","Deckmasters","Onslaught","Eighth Edition","Mirrodin","Champions of Kamigawa","Unhinged","Ninth Edition","Ravnica: City of Guilds","Coldsnap Theme Decks","Time Spiral","Tenth Edition","Masters Edition","Lorwyn","Shadowmoor","Shards of Alara","Duel Decks: Divine vs. Demonic","Magic 2010","Planechase","Masters Edition III","Zendikar","Duel Decks: Garruk vs. Liliana","Premium Deck Series: Slivers","Duel Decks: Phyrexia vs. the Coalition","Rise of the Eldrazi","Duels of the Planeswalkers","Archenemy","Magic 2011","Scars of Mirrodin","Mirrodin Besieged","New Phyrexia","Magic: The Gathering-Commander","Magic 2012","Duel Decks: Ajani vs. Nicol Bolas","Innistrad","Premium Deck Series: Graveborn","Avacyn Restored","Planechase 2012 Edition","Magic 2013","Duel Decks: Izzet vs. Golgari","Return to Ravnica","Duel Decks: Sorin vs. Tibalt","Magic 2014 Core Set","Theros","Commander 2013 Edition","Duel Decks: Jace vs. Vraska","Modern Event Deck 2014","Magic 2015 Core Set","Duel Decks: Speed vs. Cunning","Khans of Tarkir","Commander 2014","Fate Reforged"]}]}