{"name":"Grand Prix","code":"pGPX","magicRaritiesCodes":"73-rarities-grand-prix-promos","releaseDate":"2007-02-24","border":"black","type":"promo","cards":[{"layout":"normal","type":"Tribal Sorcery — Eldrazi","types":["Tribal","Sorcery"],"name":"All Is Dust","rarity":"Special","subtypes":["Eldrazi"],"cmc":7,"manaCost":"{7}","text":"Each player sacrifices all colored permanents he or she controls.","flavor":"\"The emergence of the Eldrazi isn't necessarily a bad thing, as long as you've already lived a fulfilling and complete life without regrets.\"\n—Javad Nasrin, Ondu relic hunter","artist":"Vincent Proce","rulings":[{"date":"2010-06-15","text":"A colored permanent is a permanent with at least one colored mana symbol in its mana cost. Note that effects may cause a colored permanent to become colorless (as Moonlace could), or a colorless permanent to become colored (as Crimson Wisps could)."},{"date":"2010-06-15","text":"Tokens may also be colored permanents. The effect that creates a token states what color it is or whether it's colorless."},{"date":"2010-06-15","text":"Lands have no mana cost, so they are colorless unless an effect states otherwise."},{"date":"2010-06-15","text":"All the colored permanents are sacrificed at the same time."},{"date":"2013-07-01","text":"All Is Dust doesn't destroy permanents. Rather, it causes them to be sacrificed. Regeneration, totem armor, and indestructibile can't save permanents from All Is Dust."}],"legalities":{"Modern":"Legal","Zendikar Block":"Legal","Legacy":"Legal","Vintage":"Legal","Freeform":"Legal","Prismatic":"Legal","Tribal Wars Legacy":"Legal","Singleton 100":"Legal","Commander":"Legal"},"number":"9","foreignNames":[{"language":"Chinese Simplified","name":"尽归尘土"},{"language":"French","name":"Tout n'est que poussière"},{"language":"German","name":"Alles zu Staub"},{"language":"Italian","name":"Tutto è Polvere"},{"language":"Japanese","name":"全ては塵"},{"language":"Portuguese (Brazil)","name":"Tudo é Poeira"},{"language":"Russian","name":"Все Прах"},{"language":"Spanish","name":"Todo es polvo"}],"source":"Grand Prix Tournament participation bonus.","imageName":"all is dust","printings":["Grand Prix","Rise of the Eldrazi"],"releaseDate":"2013"},{"layout":"normal","type":"Artifact — Equipment","types":["Artifact"],"name":"Batterskull","rarity":"Special","subtypes":["Equipment"],"cmc":5,"manaCost":"{5}","text":"Living weapon (When this Equipment enters the battlefield, put a 0/0 black Germ creature token onto the battlefield, then attach this to it.)\nEquipped creature gets +4/+4 and has vigilance and lifelink.\n{3}: Return Batterskull to its owner's hand.\nEquip {5}","artist":"Igor Kieryluk","rulings":[{"date":"2011-06-01","text":"The ability to return Batterskull to its owner's hand can only be activated if Batterskull is on the battlefield. If Batterskull is no longer on the battlefield when the ability resolves, it will have no effect."}],"legalities":{"Modern":"Legal","Scars of Mirrodin Block":"Legal","Legacy":"Legal","Vintage":"Legal","Freeform":"Legal","Prismatic":"Legal","Tribal Wars Legacy":"Legal","Singleton 100":"Legal","Commander":"Legal"},"number":"10","foreignNames":[{"language":"Chinese Traditional","name":"顱擊槌"},{"language":"Chinese Simplified","name":"颅击槌"},{"language":"French","name":"Battecrâne"},{"language":"German","name":"Schmetterschädel"},{"language":"Italian","name":"Sfondacranio"},{"language":"Japanese","name":"殴打頭蓋"},{"language":"Portuguese (Brazil)","name":"Crânio-Marreta"},{"language":"Russian","name":"Таранный Череп"},{"language":"Spanish","name":"Cráneo machacador"}],"source":"Grand Prix Tournament participation bonus.","imageName":"batterskull","printings":["Grand Prix","New Phyrexia"],"releaseDate":"2014"},{"layout":"normal","type":"Sorcery","types":["Sorcery"],"colors":["Green"],"name":"Call of the Herd","rarity":"Special","cmc":3,"manaCost":"{2}{G}","text":"Put a 3/3 green Elephant creature token onto the battlefield.\nFlashback {3}{G} (You may cast this card from your graveyard for its flashback cost. Then exile it.)","artist":"Lars Grant-West","legalities":{"Modern":"Legal","Time Spiral Block":"Legal","Odyssey Block":"Legal","Legacy":"Legal","Vintage":"Legal","Freeform":"Legal","Prismatic":"Legal","Tribal Wars Legacy":"Legal","Singleton 100":"Legal","Commander":"Legal"},"number":"2","foreignNames":[{"language":"Chinese Simplified","name":"兽群的呼唤"},{"language":"French","name":"Appel du troupeau"},{"language":"German","name":"Ruf der Herde"},{"language":"Italian","name":"Richiamo del Branco"},{"language":"Japanese","name":"獣群の呼び声"},{"language":"Portuguese (Brazil)","name":"Chamado do Rebanho"},{"language":"Russian","name":"ХХЗов Стада"},{"language":"Spanish","name":"Llamado de la manada"}],"source":"Grand Prix Tournament participation bonus.","imageName":"call of the herd","printings":["Odyssey","Time Spiral \"Timeshifted\"","Grand Prix"],"releaseDate":"2008"},{"layout":"normal","type":"Artifact","types":["Artifact"],"name":"Chrome Mox","rarity":"Special","manaCost":"{0}","cmc":0,"text":"Imprint — When Chrome Mox enters the battlefield, you may exile a nonartifact, nonland card from your hand.\n{T}: Add one mana of any of the exiled card's colors to your mana pool.","artist":"Alan Pollack","rulings":[{"date":"2004-12-01","text":"If no card is imprinted on Chrome Mox, the Mox can't add mana to your mana pool. It can't add colorless mana to your mana pool."},{"date":"2004-12-01","text":"If you imprinted a multicolored card, you choose one of that card's colors each time the Mox's ability resolves."}],"legalities":{"Modern":"Banned","Mirrodin Block":"Legal","Legacy":"Legal","Vintage":"Legal","Freeform":"Legal","Prismatic":"Legal","Tribal Wars Legacy":"Legal","Singleton 100":"Legal","Commander":"Legal"},"number":"3","foreignNames":[{"language":"French","name":"Mox de chrome"},{"language":"German","name":"Chrommox"},{"language":"Italian","name":"Mox di Cromo"},{"language":"Japanese","name":"金属モックス"},{"language":"Portuguese (Brazil)","name":"Mox de Cromo"},{"language":"Spanish","name":"Mox de cromo"}],"source":"Grand Prix Tournament participation bonus.","imageName":"chrome mox","printings":["Mirrodin","Grand Prix"],"releaseDate":"2009"},{"layout":"normal","type":"Creature — Goblin Scout","types":["Creature"],"colors":["Red"],"name":"Goblin Guide","rarity":"Special","subtypes":["Goblin","Scout"],"power":"2","toughness":"2","cmc":1,"manaCost":"{R}","text":"Haste\nWhenever Goblin Guide attacks, defending player reveals the top card of his or her library. If it's a land card, that player puts it into his or her hand.","flavor":"\"I've been all over this world. I even remember some of those places.\"","artist":"Steve Prescott","legalities":{"Modern":"Legal","Zendikar Block":"Legal","Legacy":"Legal","Vintage":"Legal","Freeform":"Legal","Prismatic":"Legal","Tribal Wars Legacy":"Legal","Singleton 100":"Legal","Commander":"Legal"},"number":"6","foreignNames":[{"language":"Chinese Simplified","name":"鬼怪向导"},{"language":"French","name":"Guide gobelin"},{"language":"German","name":"Goblin-Wegefinder"},{"language":"Italian","name":"Guida Goblin"},{"language":"Japanese","name":"ゴブリンの先達"},{"language":"Portuguese (Brazil)","name":"Guia Goblin"},{"language":"Russian","name":"Гоблин-Проводник"},{"language":"Spanish","name":"Guía trasgo"}],"source":"Grand Prix Tournament participation bonus.","imageName":"goblin guide","printings":["Grand Prix","Zendikar"],"releaseDate":"2012"},{"layout":"normal","type":"Creature — Snake","types":["Creature"],"colors":["Green"],"name":"Lotus Cobra","rarity":"Special","subtypes":["Snake"],"power":"2","toughness":"1","cmc":2,"manaCost":"{1}{G}","text":"Landfall — Whenever a land enters the battlefield under your control, you may add one mana of any color to your mana pool.","flavor":"Its scales contain the essence of thousands of lotus blooms.","artist":"Terese Nielsen","rulings":[{"date":"2009-10-01","text":"The landfall ability triggers whenever a land enters the battlefield under your control for any reason. It triggers whenever you play a land, as well as whenever a spell or ability (such as Rampant Growth) causes you to put a land onto the battlefield under your control. It will even trigger when a spell or ability causes another player to put a land onto the battlefield under your control (as can happen with Yavimaya Dryad's ability, for example)."},{"date":"2009-10-01","text":"When a land enters the battlefield under your control, each landfall ability of the permanents you control will trigger. You can put them on the stack in any order. The last ability you put on the stack will be the first one that resolves."}],"legalities":{"Modern":"Legal","Zendikar Block":"Legal","Legacy":"Legal","Vintage":"Legal","Freeform":"Legal","Prismatic":"Legal","Tribal Wars Legacy":"Legal","Singleton 100":"Legal","Commander":"Legal"},"number":"7","foreignNames":[{"language":"Chinese Simplified","name":"莲花眼镜蛇"},{"language":"French","name":"Cobra de lotus"},{"language":"German","name":"Lotuskobra"},{"language":"Italian","name":"Cobra del Loto"},{"language":"Japanese","name":"水蓮のコブラ"},{"language":"Portuguese (Brazil)","name":"Cobra de Lótus"},{"language":"Russian","name":"Лотосная Кобра"},{"language":"Spanish","name":"Cobra del loto"}],"source":"Grand Prix Tournament participation bonus.","imageName":"lotus cobra","printings":["Grand Prix","Zendikar"],"releaseDate":"2012"},{"layout":"normal","type":"Sorcery","types":["Sorcery"],"colors":["Black","Green"],"name":"Maelstrom Pulse","rarity":"Special","cmc":3,"manaCost":"{1}{B}{G}","text":"Destroy target nonland permanent and all other permanents with the same name as that permanent.","flavor":"During the collision of the shards, entire ways of life disappeared without a trace.","artist":"John Avon","rulings":[{"date":"2009-05-01","text":"Maelstrom Pulse has only one target. If that permanent is an illegal target as Maelstrom Pulse tries to resolve, it will be countered and none of its effects will happen. Nothing will be destroyed."},{"date":"2009-05-01","text":"The name of a creature token is the same as its creature types unless the token is a copy of another creature or the effect that created the token specifically gives it a different name. For example, a 1/1 Soldier creature token is named “Soldier.”"},{"date":"2009-05-01","text":"A face-down creature has no name, so it doesn't have the same name as anything else."},{"date":"2013-07-01","text":"If Maelstrom Pulse resolves but the targeted permanent isn't destroyed (perhaps because it regenerates or has indestructible), all other permanents with the same name as it will still be destroyed (unless they also have indestructible."}],"legalities":{"Modern":"Legal","Shards of Alara Block":"Legal","Legacy":"Legal","Vintage":"Legal","Freeform":"Legal","Prismatic":"Legal","Tribal Wars Legacy":"Legal","Singleton 100":"Legal","Commander":"Legal"},"number":"5","foreignNames":[{"language":"Chinese Simplified","name":"涡心鼓动"},{"language":"French","name":"Pulsation du Maelstrom"},{"language":"German","name":"Puls des Mahlstroms"},{"language":"Italian","name":"Impulso del Maelstrom"},{"language":"Japanese","name":"大渦の脈動"},{"language":"Portuguese (Brazil)","name":"Pulsar do Maelstrom"},{"language":"Russian","name":"Пульсация Мальстрема"},{"language":"Spanish","name":"Pulso del Remolino"}],"source":"Grand Prix Tournament participation bonus.","imageName":"maelstrom pulse","printings":["Grand Prix","Alara Reborn","Modern Masters"],"releaseDate":"2011"},{"layout":"normal","type":"Creature — Giant","types":["Creature"],"colors":["Green"],"name":"Primeval Titan","rarity":"Special","subtypes":["Giant"],"power":"6","toughness":"6","cmc":6,"manaCost":"{4}{G}{G}","text":"Trample\nWhenever Primeval Titan enters the battlefield or attacks, you may search your library for up to two land cards, put them onto the battlefield tapped, then shuffle your library.","flavor":"When nature calls, run.","artist":"Peter Mohrbacher","rulings":[{"date":"2010-08-15","text":"You may find any land cards, not just basic land cards."}],"legalities":{"Modern":"Legal","Legacy":"Legal","Vintage":"Legal","Freeform":"Legal","Prismatic":"Legal","Tribal Wars Legacy":"Legal","Singleton 100":"Legal","Commander":"Banned"},"number":"8","foreignNames":[{"language":"Chinese Traditional","name":"太古泰坦"},{"language":"Chinese Simplified","name":"太古泰坦"},{"language":"French","name":"Titan primitif"},{"language":"German","name":"Urtümlicher Titan"},{"language":"Italian","name":"Titano Primitivo"},{"language":"Japanese","name":"原始のタイタン"},{"language":"Portuguese (Brazil)","name":"Titã Primordial"},{"language":"Russian","name":"Первобытный Титан"},{"language":"Spanish","name":"Titán primigenio"}],"source":"Grand Prix Tournament participation bonus.","imageName":"primeval titan","printings":["Grand Prix","Magic 2011","Magic 2012"],"releaseDate":"2013"},{"layout":"normal","type":"Creature — Beast","types":["Creature"],"colors":["Black","Green"],"name":"Spiritmonger","rarity":"Special","subtypes":["Beast"],"power":"6","toughness":"6","cmc":5,"manaCost":"{3}{B}{G}","text":"Whenever Spiritmonger deals damage to a creature, put a +1/+1 counter on Spiritmonger.\n{B}: Regenerate Spiritmonger.\n{G}: Spiritmonger becomes the color of your choice until end of turn.","artist":"Kev Walker","legalities":{"Invasion Block":"Legal","Legacy":"Legal","Vintage":"Legal","Freeform":"Legal","Prismatic":"Legal","Tribal Wars Legacy":"Legal","Singleton 100":"Legal","Commander":"Legal"},"number":"1","foreignNames":[{"language":"Chinese Simplified","name":"心灵贩子"},{"language":"French","name":"Trafiquant d'esprits"},{"language":"German","name":"Röhrender Reliops"},{"language":"Italian","name":"Spiritivendolo"},{"language":"Japanese","name":"魂売り"}],"source":"Grand Prix Tournament participation bonus.","imageName":"spiritmonger","printings":["Apocalypse","Grand Prix","Magic: The Gathering—Conspiracy","Vintage Masters"],"releaseDate":"2007"},{"layout":"normal","supertypes":["Legendary"],"type":"Legendary Artifact — Equipment","types":["Artifact"],"name":"Umezawa's Jitte","rarity":"Special","subtypes":["Equipment"],"cmc":2,"manaCost":"{2}","text":"Whenever equipped creature deals combat damage, put two charge counters on Umezawa's Jitte.\nRemove a charge counter from Umezawa's Jitte: Choose one —\n• Equipped creature gets +2/+2 until end of turn.\n• Target creature gets -1/-1 until end of turn.\n• You gain 2 life.\nEquip {2}","artist":"Svetlin Velinov","rulings":[{"date":"2005-02-01","text":"Umezawa's Jitte's activated ability generates a modal choice. The choice is made when the ability is activated."},{"date":"2005-02-01","text":"If the \"target creature gets -1/-1 until end of turn\" mode is chosen, the target creature must also be announced."},{"date":"2005-02-01","text":"The ability can be used any time Umezawa's Jitte's controller has priority -- only the \"target creature\" choice has additional requirements. Choosing the \"Equipped creature gets +2/+2 until end of turn\" mode does nothing if the Jitte isn't equipped to a creature when the ability resolves."},{"date":"2005-02-01","text":"If the Jitte is moved after the \"+2/+2\" mode is announced but before it resolves, the bonus is given to the creature that is equipped when the ability resolves."},{"date":"2005-02-01","text":"If the Jitte leaves the battlefield after the \"+2/+2\" mode is announced but before it resolves, the bonus is given to the creature that was most recently equipped once the ability resolves."}],"legalities":{"Modern":"Banned","Kamigawa Block":"Legal","Legacy":"Legal","Vintage":"Legal","Freeform":"Legal","Prismatic":"Banned","Tribal Wars Legacy":"Banned","Singleton 100":"Banned","Commander":"Legal"},"number":"4","foreignNames":[{"language":"Chinese Simplified","name":"梅泽的十手"},{"language":"French","name":"Jitte d'Umezawa"},{"language":"German","name":"Umezawas Jitte"},{"language":"Italian","name":"Jitte di Umezawa"},{"language":"Japanese","name":"梅澤の十手"},{"language":"Portuguese (Brazil)","name":"Jitte de Umezawa"},{"language":"Spanish","name":"Jitte de Umezawa"}],"source":"Grand Prix Tournament participation bonus.","imageName":"umezawa's jitte","printings":["Betrayers of Kamigawa","Grand Prix"],"releaseDate":"2010"}]}