{"name":"Happy Holidays","code":"pHHO","oldCode":"HHO","magicRaritiesCodes":"19-rarities-happy-holidays-gift-card","releaseDate":"2006-12-31","border":"silver","type":"promo","cards":[{"layout":"normal","type":"Sorcery","types":["Sorcery"],"colors":["Black"],"name":"Evil Presents","rarity":"Special","cmc":4,"manaCost":"{2}{B}{B}","text":"Put a creature card from your hand into play under target opponent's control. That creature attacks each turn if able... and always attacks its controller.","flavor":"'Tis better to give than to receive.","artist":"Paul Bonner","number":"3","source":"Holiday gift to Wizards internal teams and business partners.","imageName":"evil presents","printings":["Happy Holidays"],"releaseDate":"2008"},{"layout":"normal","type":"Creature — Elemental","types":["Creature"],"colors":["Green"],"name":"Fruitcake Elemental","rarity":"Special","subtypes":["Elemental"],"power":"7","toughness":"7","cmc":3,"manaCost":"{1}{G}{G}","text":"Fruitcake Elemental is indestructible.\nAt the end of your turn, Fruitcake Elemental deals 7 damage to you.\n{3}: Target player gains control of Fruitcake Elemental.","flavor":"Experiments intended to create the perfect holiday emissary resulted in a substance harder than darksteel and a fraction as merry.","artist":"Darrell Riche","number":"1","source":"Holiday gift to Wizards internal teams and business partners.","imageName":"fruitcake elemental","printings":["Happy Holidays"],"releaseDate":"2006"},{"layout":"normal","type":"Instant","types":["Instant"],"colors":["Blue"],"name":"Gifts Given","rarity":"Special","cmc":4,"manaCost":"{3}{U}","text":"Search target opponent's library for four cards with different names and reveal them. That player chooses two of those cards. Put the chosen cards into the player's graveyard and the rest into your hand. Then that player shuffles his or her library.","flavor":"\"Thanks! You shouldn't have.\"","artist":"Jason Chan","number":"2","source":"Random draw prize at World Championships in New York City.","imageName":"gifts given","printings":["Happy Holidays"],"releaseDate":"2007-12-06"},{"name":"Mishra's Toy Workshop","text":"{T}: Add {3} to your mana pool. Spend this mana only on spells and abilities that put tokens onto the battlefield. Use toys to represent the tokens.","flavor":"Even though Urza tried to apologize, Mishra continued to bear a grudge.","artist":"Jung Park","layout":"normal","type":"Land","types":["Land"],"rarity":"Special","source":"Holiday gift to Wizards internal teams and business partners.","imageName":"mishra's toy workshop","printings":["Happy Holidays"],"releaseDate":"2014","number":"9"},{"layout":"split","type":"Sorcery","types":["Sorcery"],"colors":["Black"],"name":"Naughty","rarity":"Special","cmc":3,"manaCost":"{1}{B}{B}","text":"Search another target player's library for a card and put that card into your hand. Then shuffle that player's library.","artist":"Greg Staples","number":"7a","source":"Holiday gift to Wizards internal teams and business partners.","imageName":"naughtynice","printings":["Happy Holidays"],"releaseDate":"2012","names":["Naughty","Nice"]},{"layout":"split","type":"Sorcery","types":["Sorcery"],"colors":["White"],"name":"Nice","rarity":"Special","cmc":3,"manaCost":"{1}{W}{W}","text":"Search your library for a card and put it into another target player's hand. Then shuffle your library.","artist":"Greg Staples","number":"7b","source":"Holiday gift to Wizards internal teams and business partners.","imageName":"naughtynice","printings":["Happy Holidays"],"releaseDate":"2012","names":["Naughty","Nice"]},{"layout":"normal","type":"Sorcery","types":["Sorcery"],"colors":["Red"],"name":"Season's Beatings","rarity":"Special","cmc":4,"manaCost":"{R}{R}{R}{R}","text":"Family gathering - Each creature target player controls deals damage equal to its power to another random creature that player controls.","flavor":"Arriving home, he suddenly longed for the bloodsoaked battlefields behind him.","artist":"Kev Walker","number":"4","source":"Holiday gift to Wizards internal teams and business partners.","imageName":"season's beatings","printings":["Happy Holidays"],"releaseDate":"2009"},{"layout":"normal","supertypes":["Snow"],"type":"Snow Enchantment","types":["Enchantment"],"colors":["White"],"name":"Snow Mercy","rarity":"Special","cmc":4,"manaCost":"{2}{W}{W}","text":"Whenever a creature deals damage to you, put a globe counter on it.\n{T}, {Q}, {T}, {Q}, {T}: Tap all creatures with globe counters on them.","flavor":"WARNING: Shake gently. Contents may cause choking, hypothermia, and/or planar invasion.","artist":"rk post","number":"5","source":"Holiday gift to Wizards internal teams and business partners.","imageName":"snow mercy","printings":["Happy Holidays"],"releaseDate":"2010"},{"layout":"normal","type":"Artifact Creature — Cat Construct","types":["Artifact","Creature"],"name":"Stocking Tiger","rarity":"Special","subtypes":["Cat","Construct"],"power":"3","toughness":"3","cmc":5,"manaCost":"{5}","text":"Stocking Tiger enters the battlefield with a sealed Magic booster pack under it.\nWhen Stocking Tiger deals combat damage to a player, unwrap the booster pack and put it in your hand.","flavor":"Just hope yours isn't full of coal golems.","artist":"Terese Nielsen","number":"8","source":"Holiday gift to Wizards internal teams and business partners.","imageName":"stocking tiger","printings":["Happy Holidays"],"releaseDate":"2013"},{"layout":"normal","type":"Creature — Ooze","types":["Creature"],"colors":["Red","Green"],"name":"Yule Ooze","rarity":"Special","subtypes":["Ooze"],"power":"1","toughness":"1","cmc":4,"manaCost":"{2}{R}{G}","text":"At the beginning of your upkeep, destroy another nonland permanent chosen at random, then put a number of +1/+1 counters on Yule Ooze equal to that permanent's converted mana cost.\n{R}{G}, Eat some food: Regenerate Yule Ooze.","flavor":"It loves having family for dinner.","artist":"Steve Prescott","number":"6","source":"Holiday gift to Wizards internal teams and business partners.","imageName":"yule ooze","printings":["Happy Holidays"],"releaseDate":"2011"}]}