{"name":"Legend Membership","code":"pLGM","magicRaritiesCodes":"23-rarities-dci-legend-membership-promos","releaseDate":"1995-01-01","border":"black","type":"promo","cards":[{"layout":"normal","type":"Instant","types":["Instant"],"colors":["Blue"],"name":"Counterspell","rarity":"Special","cmc":2,"manaCost":"{U}{U}","text":"Counter target spell.","artist":"Dom!","legalities":{"Masques Block":"Legal","Tempest Block":"Legal","Ice Age Block":"Legal","Legacy":"Legal","Vintage":"Legal","Freeform":"Legal","Prismatic":"Legal","Tribal Wars Legacy":"Legal","Singleton 100":"Legal","Commander":"Legal"},"number":"1","foreignNames":[{"language":"French","name":"Contresort"},{"language":"German","name":"Gegenzauber"},{"language":"Japanese","name":"対抗呪文"}],"source":"DCI Legend Membership bonus.","imageName":"counterspell","printings":["Limited Edition Alpha","Limited Edition Beta","Unlimited Edition","Revised Edition","Legend Membership","Fourth Edition","Ice Age","Fifth Edition","Tempest","Judge Gift Program","Classic Sixth Edition","Starter 1999","Mercadian Masques","Battle Royale Box Set","Friday Night Magic","Starter 2000","Beatdown Box Set","Seventh Edition","Masters Edition II","Duel Decks: Jace vs. Chandra","Masters Edition IV","Vintage Masters"],"releaseDate":"1995"},{"layout":"normal","type":"Instant","types":["Instant"],"colors":["Red"],"name":"Incinerate","rarity":"Special","cmc":2,"manaCost":"{1}{R}","text":"Incinerate deals 3 damage to target creature or player. A creature dealt damage this way can't be regenerated this turn.","flavor":"\"Yes, I think 'toast' is an appropriate description.\"\n—Jaya Ballard, Task Mage","artist":"Jock","rulings":[{"date":"2007-07-15","text":"Regeneration abilities that would affect that creature can still be activated; they just won't do anything. The creature can't be regenerated for any reason, even if an effect other than Incinerate would deal lethal damage to it or otherwise destroy it."}],"legalities":{"Modern":"Legal","Mirage Block":"Legal","Ice Age Block":"Legal","Legacy":"Legal","Vintage":"Legal","Freeform":"Legal","Prismatic":"Legal","Tribal Wars Legacy":"Legal","Singleton 100":"Legal","Commander":"Legal"},"number":"2","foreignNames":[{"language":"Chinese Traditional","name":"焚化"},{"language":"Chinese Simplified","name":"焚化"},{"language":"French","name":"Incinération"},{"language":"German","name":"Einäscherung"},{"language":"Italian","name":"Incenerire"},{"language":"Japanese","name":"火葬"},{"language":"Portuguese (Brazil)","name":"Incinerar"},{"language":"Russian","name":"Сжигание"},{"language":"Spanish","name":"Incinerar"}],"source":"DCI Legend Membership bonus.","imageName":"incinerate","printings":["Legend Membership","Ice Age","Mirage","Fifth Edition","Magic Player Rewards","Deckmasters","Coldsnap Theme Decks","Tenth Edition","Masters Edition II","Duel Decks: Jace vs. Chandra","Duels of the Planeswalkers","Magic 2012"],"releaseDate":"1995"}]}