{"name":"Launch Parties","code":"pLPA","magicRaritiesCodes":"226-rarities-pre-launch-party-cards","releaseDate":"2008-02-01","border":"black","type":"promo","cards":[{"layout":"normal","type":"Planeswalker — Ajani","types":["Planeswalker"],"colors":["White","Red"],"name":"Ajani Vengeant","rarity":"Special","subtypes":["Ajani"],"loyalty":3,"cmc":4,"manaCost":"{2}{R}{W}","text":"+1: Target permanent doesn't untap during its controller's next untap step.\n−2: Ajani Vengeant deals 3 damage to target creature or player and you gain 3 life.\n−7: Destroy all lands target player controls.","artist":"Jason Chan","rulings":[{"date":"2008-10-01","text":"You may target any permanent with Ajani Vengeant's first ability. It doesn't have to be tapped."},{"date":"2008-10-01","text":"The first ability tracks the permanent, but not its controller. If the permanent changes controllers before its first controller's next untap step has come around, then it won't untap during its new controller's next untap step."},{"date":"2013-07-01","text":"Planeswalkers are permanents. You can cast one at the time you could cast a sorcery. When your planeswalker spell resolves, it enters the battlefield under your control."},{"date":"2013-07-01","text":"Planeswalkers are not creatures. Spells and abilities that affect creatures won’t affect them."},{"date":"2013-07-01","text":"Planeswalkers have loyalty. A planeswalker enters the battlefield with a number of loyalty counters on it equal to the number printed in its lower right corner. Activating one of its abilities may cause it to gain or lose loyalty counters. Damage dealt to a planeswalker causes that many loyalty counters to be removed from it. If it has no loyalty counters on it, it’s put into its owner’s graveyard as a state-based action."},{"date":"2013-07-01","text":"Planeswalkers each have a number of activated abilities called “loyalty abilities.” You can activate a loyalty ability of a planeswalker you control only at the time you could cast a sorcery and only if you haven’t activated one of that planeswalker’s loyalty abilities yet that turn."},{"date":"2013-07-01","text":"The cost to activate a planeswalker’s loyalty ability is represented by a symbol with a number inside. Up-arrows contain positive numbers, such as “+1”; this means “Put one loyalty counter on this planeswalker.” Down-arrows contain negative numbers, such as “-7”; this means “Remove seven loyalty counters from this planeswalker.” A symbol with a “0” means “Put zero loyalty counters on this planeswalker.”"},{"date":"2013-07-01","text":"You can’t activate a planeswalker’s ability with a negative loyalty cost unless the planeswalker has at least that many loyalty counters on it."},{"date":"2013-07-01","text":"Planeswalkers can’t attack (unless an effect turns the planeswalker into a creature). However, they can be attacked. Each of your attacking creatures can attack your opponent or a planeswalker that player controls. You say which as you declare attackers."},{"date":"2013-07-01","text":"If your planeswalkers are being attacked, you can block the attackers as normal."},{"date":"2013-07-01","text":"If a creature that’s attacking a planeswalker isn’t blocked, it’ll deal its combat damage to that planeswalker. Damage dealt to a planeswalker causes that many loyalty counters to be removed from it."},{"date":"2013-07-01","text":"If a source you control would deal noncombat damage to an opponent, you may have that source deal that damage to a planeswalker that opponent controls instead. For example, although you can’t target a planeswalker with Shock, you can target your opponent with Shock, and then as Shock resolves, choose to have Shock deal its 2 damage to one of your opponent’s planeswalkers. (You can’t split up that damage between different players and/or planeswalkers.) If you have Shock deal its damage to a planeswalker, two loyalty counters are removed from it."},{"date":"2013-07-01","text":"If a player controls two or more planeswalkers that share a planeswalker type, that player chooses one of them and the rest are put into their owners’ graveyards as a state-based action."}],"legalities":{"Modern":"Legal","Shards of Alara Block":"Legal","Legacy":"Legal","Vintage":"Legal","Freeform":"Legal","Prismatic":"Legal","Tribal Wars Legacy":"Legal","Singleton 100":"Legal","Commander":"Legal"},"number":"4","foreignNames":[{"language":"Chinese Simplified","name":"复仇阿耶尼"},{"language":"French","name":"Ajani le Vengeur"},{"language":"German","name":"Ajani der Rächer"},{"language":"Italian","name":"Ajani Vendicativo"},{"language":"Japanese","name":"復讐のアジャニ"},{"language":"Portuguese (Brazil)","name":"Vingador Ajani"},{"language":"Russian","name":"Мстящий Аджани"},{"language":"Spanish","name":"Ajani Vengativo"}],"imageName":"ajani vengeant","printings":["Prerelease Events","Launch Parties","Shards of Alara","Duel Decks: Ajani vs. Nicol Bolas"],"source":"Shards of Alara Launch Party participation bonus","releaseDate":"2008-10-03"},{"layout":"normal","type":"Creature — Dragon","types":["Creature"],"colors":["Red"],"name":"Ancient Hellkite","rarity":"Special","subtypes":["Dragon"],"power":"6","toughness":"6","cmc":7,"manaCost":"{4}{R}{R}{R}","text":"Flying\n{R}: Ancient Hellkite deals 1 damage to target creature defending player controls. Activate this ability only if Ancient Hellkite is attacking.","flavor":"When a dragon attacks, there are no bystanders.","artist":"Wayne Reynolds","rulings":[{"date":"2010-08-15","text":"After Ancient Hellkite is declared as an attacker, or is put onto the battlefield attacking, its second ability may be activated. Unless Ancient Hellkite leaves combat, it continues to be attacking (so its ability may still be activated) through the end of combat step."}],"legalities":{"Modern":"Legal","Legacy":"Legal","Vintage":"Legal","Freeform":"Legal","Prismatic":"Legal","Tribal Wars Legacy":"Legal","Singleton 100":"Legal","Commander":"Legal"},"number":"11","foreignNames":[{"language":"Chinese Traditional","name":"遠古殘虐者"},{"language":"Chinese Simplified","name":"远古残虐者"},{"language":"French","name":"Escouflenfer ancien"},{"language":"German","name":"Uralter Höllendrache"},{"language":"Italian","name":"Nibbio Infernale Anziano"},{"language":"Japanese","name":"古えのヘルカイト"},{"language":"Portuguese (Brazil)","name":"Dragão Avérneo Ancião"},{"language":"Russian","name":"Древний Змей"},{"language":"Spanish","name":"Engendro anciano"}],"source":"Magic 2011 Launch Party participation bonus","imageName":"ancient hellkite","printings":["Launch Parties","Magic 2011"],"releaseDate":"2010-07-16"},{"layout":"normal","type":"Creature — Insect","types":["Creature"],"colors":["Green"],"name":"Ant Queen","rarity":"Special","subtypes":["Insect"],"power":"5","toughness":"5","cmc":5,"manaCost":"{3}{G}{G}","text":"{1}{G}: Put a 1/1 green Insect creature token onto the battlefield.","flavor":"\"Kill the queen first, or we'll be fighting her drones forever. It is not in a queen's nature to have enough servants.\"\n—Borzard, exterminator captain","artist":"Ron Spencer","legalities":{"Modern":"Legal","Legacy":"Legal","Vintage":"Legal","Freeform":"Legal","Prismatic":"Legal","Tribal Wars Legacy":"Legal","Singleton 100":"Legal","Commander":"Legal"},"number":"7","foreignNames":[{"language":"Chinese Simplified","name":"蚁后"},{"language":"French","name":"Reine des fourmis"},{"language":"German","name":"Ameisenkönigin"},{"language":"Italian","name":"Formica Regina"},{"language":"Japanese","name":"蟻の女王"},{"language":"Portuguese (Brazil)","name":"Formiga Rainha"},{"language":"Russian","name":"Муравьиная Королева"},{"language":"Spanish","name":"Hormiga reina"}],"source":"M10 Launch Party participation bonus","imageName":"ant queen","printings":["Launch Parties","Magic 2010"],"releaseDate":"2009-07-17"},{"layout":"normal","supertypes":["Legendary"],"type":"Legendary Enchantment Artifact","types":["Enchantment","Artifact"],"colors":["Blue"],"name":"Bident of Thassa","rarity":"Special","cmc":4,"manaCost":"{2}{U}{U}","text":"Whenever a creature you control deals combat damage to a player, you may draw a card.\n{1}{U}, {T}: Creatures your opponents control attack this turn if able.","flavor":"The wills of mortals shift as the tide ebbs and flows.","artist":"Ryan Yee","rulings":[{"date":"2013-09-15","text":"The controller of each attacking creature still chooses which player or planeswalker that creature attacks."},{"date":"2013-09-15","text":"If, during a player’s declare attackers step, a creature is tapped, is affected by a spell or ability that says it can’t attack, or hasn’t been under that player’s control continuously since the turn began (and doesn’t have haste), then it doesn’t attack. If there’s a cost associated with having a creature attack, the player isn’t forced to pay that cost, so it doesn’t have to attack in that case either."}],"legalities":{"Standard":"Legal","Modern":"Legal","Theros Block":"Legal","Legacy":"Legal","Vintage":"Legal","Freeform":"Legal","Prismatic":"Legal","Tribal Wars Legacy":"Legal","Tribal Wars Standard":"Legal","Singleton 100":"Legal","Commander":"Legal"},"number":"24","foreignNames":[{"language":"Chinese Traditional","name":"塔薩的雙叉戟"},{"language":"Chinese Simplified","name":"塔萨的双叉戟"},{"language":"French","name":"Bident de Thassa"},{"language":"German","name":"Zweizack der Thassa"},{"language":"Italian","name":"Bidente di Thassa"},{"language":"Japanese","name":"タッサの二叉槍"},{"language":"Korean","name":"타사의 쌍지창"},{"language":"Portuguese (Brazil)","name":"Bidente de Tassa"},{"language":"Russian","name":"Двузубец Тассы"},{"language":"Spanish","name":"Bidente de Tassa"}],"source":"Theros Launch Party participation bonus","imageName":"bident of thassa","printings":["Launch Parties","Theros"],"releaseDate":"2013-09-27"},{"layout":"split","type":"Sorcery","types":["Sorcery"],"colors":["Blue","Black"],"name":"Breaking","names":["Breaking","Entering"],"rarity":"Special","cmc":2,"manaCost":"{U}{B}","text":"Target player puts the top eight cards of his or her library into his or her graveyard.\nFuse (You may cast one or both halves of this card from your hand.)","artist":"Igor Kieryluk","rulings":[{"date":"2013-04-15","text":"If you're casting a split card with fuse from any zone other than your hand, you can't cast both halves. You'll only be able to cast one half or the other."},{"date":"2013-04-15","text":"To cast a fused split spell, pay both of its mana costs. While the spell is on the stack, its converted mana cost is the total amount of mana in both costs."},{"date":"2013-04-15","text":"You can choose the same object as the target of each half of a fused split spell, if appropriate."},{"date":"2013-04-15","text":"When resolving a fused split spell with multiple targets, treat it as you would any spell with multiple targets. If all targets are illegal when the spell tries to resolve, the spell is countered and none of its effects happen. If at least one target is still legal at that time, the spell resolves, but an illegal target can't perform any actions or have any actions performed on it."},{"date":"2013-04-15","text":"When a fused split spell resolves, follow the instructions of the left half first, then the instructions on the right half."},{"date":"2013-04-15","text":"In every zone except the stack, split cards have two sets of characteristics and two converted mana costs. If anything needs information about a split card not on the stack, it will get two values."},{"date":"2013-04-15","text":"On the stack, a split spell that hasn't been fused has only that half's characteristics and converted mana cost. The other half is treated as though it didn't exist."},{"date":"2013-04-15","text":"Some split cards with fuse have two monocolor halves of different colors. If such a card is cast as a fused split spell, the resulting spell is multicolored. If only one half is cast, the spell is the color of that half. While not on the stack, such a card is multicolored."},{"date":"2013-04-15","text":"Some split cards with fuse have two halves that are both multicolored. That card is multicolored no matter which half is cast, or if both halves are cast. It's also multicolored while not on the stack."},{"date":"2013-04-15","text":"If a player names a card, the player may name either half of a split card, but not both. A split card has the chosen name if one of its two names matches the chosen name."},{"date":"2013-04-15","text":"If you cast a split card with fuse from your hand without paying its mana cost, you can choose to use its fuse ability and cast both halves without paying their mana costs."}],"legalities":{"Modern":"Legal","Return to Ravnica Block":"Legal","Legacy":"Legal","Vintage":"Legal","Freeform":"Legal","Prismatic":"Legal","Tribal Wars Legacy":"Legal","Tribal Wars Standard":"Legal","Singleton 100":"Legal","Commander":"Legal"},"number":"22a","foreignNames":[{"language":"Chinese Traditional","name":"破壞"},{"language":"Chinese Simplified","name":"破坏"},{"language":"French","name":"Effraction"},{"language":"German","name":"Einbruch"},{"language":"Italian","name":"Spezzare"},{"language":"Japanese","name":"強行"},{"language":"Korean","name":"강제"},{"language":"Portuguese (Brazil)","name":"Quebrar"},{"language":"Russian","name":"Взлом"},{"language":"Spanish","name":"Allanar"}],"source":"Dragon's Maze Launch Party participation bonus","imageName":"breakingentering","printings":["Launch Parties","Dragon's Maze"],"releaseDate":"2013-05-03"},{"layout":"normal","type":"Creature — Whale","types":["Creature"],"colors":["Blue"],"name":"Colossal Whale","rarity":"Special","subtypes":["Whale"],"power":"5","toughness":"5","cmc":7,"manaCost":"{5}{U}{U}","text":"Islandwalk (This creature can't be blocked as long as defending player controls an Island.)\nWhenever Colossal Whale attacks, you may exile target creature defending player controls until Colossal Whale leaves the battlefield. (That creature returns under its owner's control.)","artist":"Erica Yang","rulings":[{"date":"2013-07-01","text":"Colossal Whale’s triggered ability triggers and resolves during the declare attackers step, before blocking creatures are declared."},{"date":"2013-07-01","text":"Colossal Whale’s ability causes a zone change with a duration, a new style of ability that’s somewhat reminiscent of older cards like Oblivion Ring. However, unlike Oblivion Ring, cards like Colossal Whale have a single ability that creates two one-shot effects: one that exiles the creature when the ability resolves, and another that returns the exiled card to the battlefield immediately after Colossal Whale leaves the battlefield."},{"date":"2013-07-01","text":"If Colossal Whale leaves the battlefield before its triggered ability resolves, the target creature won’t be exiled."},{"date":"2013-07-01","text":"Auras attached to the exiled creature will be put into their owners’ graveyards. Equipment attached to the exiled creature will become unattached and remain on the battlefield. Any counters on the exiled creature will cease to exist."},{"date":"2013-07-01","text":"If a creature token is exiled, it ceases to exist. It won’t be returned to the battlefield."},{"date":"2013-07-01","text":"The exiled card returns to the battlefield immediately after Colossal Whale leaves the battlefield. Nothing happens between the two events, including state-based actions. The two creatures aren’t on the battlefield at the same time. For example, if the returning creature is a Clone, it can’t enter the battlefield as a copy of Colossal Whale."},{"date":"2013-07-01","text":"In a multiplayer game, if Colossal Whale’s owner leaves the game, the exiled card will return to the battlefield. Because the one-shot effect that returns the card isn’t an ability that goes on the stack, it won’t cease to exist along with the leaving player’s spells and abilities on the stack."}],"legalities":{"Modern":"Legal","Legacy":"Legal","Vintage":"Legal","Freeform":"Legal","Prismatic":"Legal","Tribal Wars Legacy":"Legal","Tribal Wars Standard":"Legal","Singleton 100":"Legal","Commander":"Legal"},"number":"23","foreignNames":[{"language":"Chinese Traditional","name":"超巨鯨"},{"language":"Chinese Simplified","name":"超巨鲸"},{"language":"French","name":"Baleine colossale"},{"language":"German","name":"Gigantischer Wal"},{"language":"Italian","name":"Balena Colossale"},{"language":"Japanese","name":"壮大な鯨"},{"language":"Korean","name":"거대한 고래"},{"language":"Portuguese","name":"Baleia Colossal"},{"language":"Russian","name":"Громадный Кит"},{"language":"Spanish","name":"Ballena colosal"}],"source":"Magic 2014 Launch Party participation bonus","imageName":"colossal whale","printings":["Launch Parties","Magic 2014 Core Set"],"releaseDate":"2013-07-19"},{"layout":"normal","type":"Creature — Insect","types":["Creature"],"colors":["Green"],"name":"Deadbridge Goliath","rarity":"Special","subtypes":["Insect"],"power":"5","toughness":"5","cmc":4,"manaCost":"{2}{G}{G}","text":"Scavenge {4}{G}{G} ({4}{G}{G}, Exile this card from your graveyard: Put a number of +1/+1 counters equal to this card's power on target creature. Scavenge only as a sorcery.)","flavor":"Some Golgari insects live for centuries—and they never stop growing.","artist":"Nils Hamm","rulings":[{"date":"2013-04-15","text":"Exiling the creature card with scavenge is part of the cost of activating the scavenge ability. Once the ability is activated and the cost is paid, it's too late to stop the ability from being activated by trying to remove the creature card from the graveyard."}],"legalities":{"Modern":"Legal","Return to Ravnica Block":"Legal","Legacy":"Legal","Vintage":"Legal","Freeform":"Legal","Prismatic":"Legal","Tribal Wars Legacy":"Legal","Tribal Wars Standard":"Legal","Singleton 100":"Legal","Commander":"Legal"},"number":"20","foreignNames":[{"language":"Chinese Traditional","name":"亡橋巨甲蟲"},{"language":"Chinese Simplified","name":"亡桥巨甲虫"},{"language":"French","name":"Goliath de Mortepont"},{"language":"German","name":"Todesbrücken-Goliathkäfer"},{"language":"Italian","name":"Golia di Pontemorto"},{"language":"Japanese","name":"死橋の大巨虫"},{"language":"Korean","name":"죽은다리 거대곤충"},{"language":"Portuguese (Brazil)","name":"Golias de Ponte Mortífera"},{"language":"Russian","name":"Голиаф Мертвого Моста"},{"language":"Spanish","name":"Goliat de Puente Muerto"}],"source":"Return to Ravnica Launch Party participation bonus","imageName":"deadbridge goliath","printings":["Launch Parties","Return to Ravnica"],"releaseDate":"2012-10-05"},{"layout":"normal","type":"Enchantment","types":["Enchantment"],"colors":["Red"],"name":"Dictate of the Twin Gods","rarity":"Special","cmc":5,"manaCost":"{3}{R}{R}","text":"Flash\nIf a source would deal damage to a permanent or player, it deals double that damage to that permanent or player instead.","flavor":"Iroas and Mogis are as different in appearance as they are in personality.","artist":"Chase Stone","rulings":[{"date":"2014-04-26","text":"Dictate of the Twin Gods applies to any damage, not just combat damage. It also doesn’t matter who controls the source of the damage that’s being dealt."},{"date":"2014-04-26","text":"The source of the damage doesn’t change. A spell that deals damage will specify the source of the damage, often the spell itself. An ability that deals damage will also specify the source of the damage, although the ability itself will never be that source. Often the source of the ability is also the source of the damage."},{"date":"2014-04-26","text":"If more than one Dictate of the Twin Gods is on the battlefield, damage dealt will double for each one (two of them will end up multiplying the damage by four, three of them by eight, and four of them by sixteen)."},{"date":"2014-04-26","text":"If multiple effects modify how damage will be dealt, the player being dealt damage or the controller of the permanent being dealt damage chooses the order to apply the effects. For example, the ability of Decorated Griffin says “Prevent the next 1 combat damage that would be dealt to you this turn.” Suppose you would be dealt 3 combat damage and you activate the ability of Decorated Griffin. You can either (a) prevent 1 damage first and then let Dictate of the Twin Gods’s effect double the remaining 2 damage, for a result of being dealt 4 damage, or (b) double the damage to 6 and then prevent 1 damage, for a result of being dealt 5 damage."}],"legalities":{"Standard":"Legal","Modern":"Legal","Theros Block":"Legal","Legacy":"Legal","Vintage":"Legal","Freeform":"Legal","Prismatic":"Legal","Tribal Wars Legacy":"Legal","Tribal Wars Standard":"Legal","Singleton 100":"Legal","Commander":"Legal"},"number":"26","foreignNames":[{"language":"Chinese Traditional","name":"雙子神的旨意"},{"language":"Chinese Simplified","name":"双子神的旨意"},{"language":"French","name":"Précepte des dieux jumeaux"},{"language":"German","name":"Gebot der Zwillingsgötter"},{"language":"Italian","name":"Dettami degli Dei Gemelli"},{"language":"Japanese","name":"双子神の指図"},{"language":"Korean","name":"쌍둥이 신의 규율"},{"language":"Portuguese (Brazil)","name":"Decreto dos Deuses Gêmeos"},{"language":"Russian","name":"Веление Богов-Близнецов"},{"language":"Spanish","name":"Mandato de los dioses gemelos"}],"source":"Journey into Nyx Launch Party participation bonus","imageName":"dictate of the twin gods","printings":["Launch Parties","Journey into Nyx"],"releaseDate":"2014-05-02"},{"layout":"normal","supertypes":["Legendary"],"type":"Legendary Artifact — Equipment","types":["Artifact"],"name":"Dragon Throne of Tarkir","rarity":"Special","subtypes":["Equipment"],"cmc":4,"manaCost":"{4}","text":"Equipped creature has defender and \"{2}, {T}: Other creatures you control gain trample and get +X/+X until end of turn, where X is this creature's power.\"\nEquip {3}","flavor":"What once soared high above Tarkir is now reduced to a seat.","artist":"Daarken","legalities":{"Standard":"Legal","Modern":"Legal","Legacy":"Legal","Vintage":"Legal","Freeform":"Legal","Prismatic":"Legal","Tribal Wars Legacy":"Legal","Singleton 100":"Legal","Commander":"Legal"},"number":"27","foreignNames":[{"language":"Chinese Traditional","name":"韃契龍座"},{"language":"Chinese Simplified","name":"鞑契龙座"},{"language":"French","name":"Trône draconique de Tarkir"},{"language":"German","name":"Drachenthron von Tarkir"},{"language":"Italian","name":"Trono Draconico di Tarkir"},{"language":"Japanese","name":"タルキールの龍の玉座"},{"language":"Korean","name":"타르커의 용 왕좌"},{"language":"Portuguese (Brazil)","name":"Trono do Dragão de Tarkir"},{"language":"Russian","name":"Драконий Трон Таркира"},{"language":"Spanish","name":"Trono dragón de Tarkir"}],"source":"Khans of Tarkir","imageName":"dragon throne of tarkir","printings":["Launch Parties","Khans of Tarkir"],"rulings":[{"date":"2014-09-20","text":"The value of X is determined as the activated ability resolves. If the equipped creature isn’t on the battlefield at that time, use its power the last time it was on the battlefield to determine the value of X. If that power was negative, other creatures you control will lose power and toughness. For example, if the equipped creature was 2/2 and a spell gave it -5/-5 in response to Dragon Throne of Tarkir’s activated ability, other creatures you control would get -3/-3 until end of turn."}]},{"layout":"normal","type":"Creature — Goblin Rogue","types":["Creature"],"colors":["Black"],"name":"Earwig Squad","rarity":"Special","subtypes":["Goblin","Rogue"],"power":"5","toughness":"3","cmc":5,"manaCost":"{3}{B}{B}","text":"Prowl {2}{B} (You may cast this for its prowl cost if you dealt combat damage to a player this turn with a Goblin or Rogue.)\nWhen Earwig Squad enters the battlefield, if its prowl cost was paid, search target opponent's library for three cards and exile them. Then that player shuffles his or her library.","artist":"Warren Mahy","rulings":[{"date":"2013-06-07","text":"The cards are exiled face up. All players will know what they are."}],"legalities":{"Modern":"Legal","Lorwyn-Shadowmoor Block":"Legal","Legacy":"Legal","Vintage":"Legal","Freeform":"Legal","Prismatic":"Legal","Tribal Wars Legacy":"Legal","Singleton 100":"Legal","Commander":"Legal"},"number":"1","foreignNames":[{"language":"Chinese Traditional","name":"偷聽小隊"},{"language":"Chinese Simplified","name":"偷听小队"},{"language":"French","name":"Escouade de perce-oreilles"},{"language":"German","name":"Ohrwurm-Trupp"},{"language":"Italian","name":"Squadra di Forbicine"},{"language":"Japanese","name":"ヤスデ団"},{"language":"Portuguese (Brazil)","name":"Esquadrão da Lacrainha"},{"language":"Russian","name":"Отряд Уховерточников"},{"language":"Spanish","name":"Escuadrón tijereta"}],"imageName":"earwig squad","printings":["Morningtide","Launch Parties","Modern Masters"],"source":"Morningtide Launch Party participation bonus","releaseDate":"2008-02-01"},{"layout":"split","type":"Sorcery","types":["Sorcery"],"colors":["Black","Red"],"name":"Entering","names":["Breaking","Entering"],"rarity":"Special","cmc":6,"manaCost":"{4}{B}{R}","text":"Put a creature card from a graveyard onto the battlefield under your control. It gains haste until end of turn.\nFuse (You may cast one or both halves of this card from your hand.)","artist":"Igor Kieryluk","rulings":[{"date":"2013-04-15","text":"If you're casting a split card with fuse from any zone other than your hand, you can't cast both halves. You'll only be able to cast one half or the other."},{"date":"2013-04-15","text":"To cast a fused split spell, pay both of its mana costs. While the spell is on the stack, its converted mana cost is the total amount of mana in both costs."},{"date":"2013-04-15","text":"You can choose the same object as the target of each half of a fused split spell, if appropriate."},{"date":"2013-04-15","text":"When resolving a fused split spell with multiple targets, treat it as you would any spell with multiple targets. If all targets are illegal when the spell tries to resolve, the spell is countered and none of its effects happen. If at least one target is still legal at that time, the spell resolves, but an illegal target can't perform any actions or have any actions performed on it."},{"date":"2013-04-15","text":"When a fused split spell resolves, follow the instructions of the left half first, then the instructions on the right half."},{"date":"2013-04-15","text":"In every zone except the stack, split cards have two sets of characteristics and two converted mana costs. If anything needs information about a split card not on the stack, it will get two values."},{"date":"2013-04-15","text":"On the stack, a split spell that hasn't been fused has only that half's characteristics and converted mana cost. The other half is treated as though it didn't exist."},{"date":"2013-04-15","text":"Some split cards with fuse have two monocolor halves of different colors. If such a card is cast as a fused split spell, the resulting spell is multicolored. If only one half is cast, the spell is the color of that half. While not on the stack, such a card is multicolored."},{"date":"2013-04-15","text":"Some split cards with fuse have two halves that are both multicolored. That card is multicolored no matter which half is cast, or if both halves are cast. It's also multicolored while not on the stack."},{"date":"2013-04-15","text":"If a player names a card, the player may name either half of a split card, but not both. A split card has the chosen name if one of its two names matches the chosen name."},{"date":"2013-04-15","text":"If you cast a split card with fuse from your hand without paying its mana cost, you can choose to use its fuse ability and cast both halves without paying their mana costs."},{"date":"2013-04-15","text":"Entering doesn't target any creature card. You choose which card you're putting onto the battlefield as Entering resolves. You can choose any creature card in a graveyard at time, including one put into a graveyard because of Breaking if you cast Breaking // Entering as a fused split spell."}],"legalities":{"Modern":"Legal","Return to Ravnica Block":"Legal","Legacy":"Legal","Vintage":"Legal","Freeform":"Legal","Prismatic":"Legal","Tribal Wars Legacy":"Legal","Tribal Wars Standard":"Legal","Singleton 100":"Legal","Commander":"Legal"},"number":"22b","foreignNames":[{"language":"Chinese Traditional","name":"侵入"},{"language":"Chinese Simplified","name":"侵入"},{"language":"French","name":"Pénétration"},{"language":"German","name":"Diebstahl"},{"language":"Italian","name":"Irrompere"},{"language":"Japanese","name":"突入"},{"language":"Korean","name":"진입"},{"language":"Portuguese (Brazil)","name":"Entrar"},{"language":"Russian","name":"Проникновение"},{"language":"Spanish","name":"Entrar"}],"source":"Dragon's Maze Launch Party participation bonus","imageName":"breakingentering","printings":["Launch Parties","Dragon's Maze"],"releaseDate":"2013-05-03"},{"layout":"normal","type":"Creature — Kithkin","types":["Creature"],"colors":["White","Red"],"name":"Figure of Destiny","rarity":"Special","subtypes":["Kithkin"],"power":"1","toughness":"1","cmc":1,"manaCost":"{R/W}","text":"{R/W}: Figure of Destiny becomes a Kithkin Spirit with base power and toughness 2/2.\n{R/W}{R/W}{R/W}: If Figure of Destiny is a Spirit, it becomes a Kithkin Spirit Warrior with base power and toughness 4/4.\n{R/W}{R/W}{R/W}{R/W}{R/W}{R/W}: If Figure of Destiny is a Warrior, it becomes a Kithkin Spirit Warrior Avatar with base power and toughness 8/8, flying, and first strike.","artist":"Scott M. Fischer","rulings":[{"date":"2008-08-01","text":"None of these abilities has a duration. If one of them resolves, it will remain in effect until the game ends, Figure of Destiny leaves the battlefield, or some subsequent effect changes its characteristics, whichever comes first."},{"date":"2008-08-01","text":"Figure of Destiny's abilities overwrite its power, toughness, and creature types. Typically, those abilities are activated in the order they appear on the card. However, if Figure of Destiny is an 8/8 Kithkin Spirit Warrior Avatar with flying and first strike, and you activate its first ability, it will become a 2/2 Kithkin Spirit that still has flying and first strike."},{"date":"2008-08-01","text":"You can activate Figure of Destiny's second and third abilities regardless of what creature types it is. Each of those abilities checks Figure of Destiny's creature types when that ability resolves. If Figure of Destiny isn't the appropriate creature type at that time, the ability does nothing."},{"date":"2008-08-01","text":"Figure of Destiny's second ability checks whether it's a Spirit, and its third ability checks whether it's a Warrior. It doesn't matter how it became the appropriate creature type."},{"date":"2009-10-01","text":"The effect from the ability overwrites other effects that set power and/or toughness if and only if those effects existed before the ability resolved. It will not overwrite effects that modify power or toughness (whether from a static ability, counters, or a resolved spell or ability), nor will it overwrite effects that set power and toughness which come into existence after the ability resolves. Effects that switch the creature's power and toughness are always applied after any other power or toughness changing effects, including this one, regardless of the order in which they are created."}],"legalities":{"Modern":"Legal","Lorwyn-Shadowmoor Block":"Legal","Legacy":"Legal","Vintage":"Legal","Freeform":"Legal","Prismatic":"Legal","Tribal Wars Legacy":"Legal","Singleton 100":"Legal","Commander":"Legal"},"number":"3","foreignNames":[{"language":"Chinese Simplified","name":"天任斯人"},{"language":"French","name":"Représentation de la destinée"},{"language":"German","name":"Verkörperung des Schicksals"},{"language":"Italian","name":"Figura del Destino"},{"language":"Japanese","name":"運命の大立者"},{"language":"Portuguese (Brazil)","name":"Imagem do Destino"},{"language":"Russian","name":"Роковая Фигура"},{"language":"Spanish","name":"Figura del destino"}],"imageName":"figure of destiny","printings":["Launch Parties","Eventide","Premium Deck Series: Fire and Lightning","Modern Masters","Duel Decks: Heroes vs. Monsters"],"source":"Eventide Launch Party participation bonus","releaseDate":"2008-07-25"},{"layout":"normal","type":"Creature — Beast","types":["Creature"],"colors":["Green"],"name":"Garruk's Horde","rarity":"Special","subtypes":["Beast"],"power":"7","toughness":"7","cmc":7,"manaCost":"{5}{G}{G}","text":"Trample\nPlay with the top card of your library revealed.\nYou may cast the top card of your library if it's a creature card. (Do this only any time you could cast that creature card. You still pay the spell's costs.)","artist":"Kev Walker","rulings":[{"date":"2011-09-22","text":"Normally, Garruk's Horde allows you to cast the top card of your library if it's a creature card, it's your main phase, and the stack is empty. If that creature card has flash, you'll be able to cast it at the time you could cast an instant, even on an opponent's turn."},{"date":"2011-09-22","text":"You'll still pay all costs for that spell, including additional costs. You may also pay alternative costs."},{"date":"2011-09-22","text":"If the top card of your library is Dryad Arbor (the only card that's both a creature and a land), you can't play it this way. Dryad Arbor can't be cast as a spell."},{"date":"2013-04-15","text":"The top card of your library isn't in your hand, so you can't suspend it, cycle it, discard it, or activate any of its activated abilities."},{"date":"2013-04-15","text":"If the top card of your library changes while you're casting a spell or activating an ability, the new top card won't be revealed until you finish casting that spell or activating that ability."},{"date":"2013-04-15","text":"When playing with the top card of your library revealed, if an effect tells you to draw several cards, reveal each one before you draw it."}],"legalities":{"Modern":"Legal","Legacy":"Legal","Vintage":"Legal","Freeform":"Legal","Prismatic":"Legal","Tribal Wars Legacy":"Legal","Tribal Wars Standard":"Legal","Singleton 100":"Legal","Commander":"Legal"},"number":"15","foreignNames":[{"language":"Chinese Traditional","name":"賈路的獸群"},{"language":"Chinese Simplified","name":"贾路的兽群"},{"language":"French","name":"Horde de Garruk"},{"language":"German","name":"Garruks Horde"},{"language":"Italian","name":"Orda di Garruk"},{"language":"Japanese","name":"ガラクの大軍"},{"language":"Korean","name":"개럭의 군단"},{"language":"Portuguese","name":"Horda de Garruk"},{"language":"Portuguese (Brazil)","name":"Horda de Garruk"},{"language":"Russian","name":"Орда Гаррука"},{"language":"Spanish","name":"Horda de Garruk"}],"source":"M12 Launch Party participation bonus","imageName":"garruk's horde","printings":["Launch Parties","Magic 2012","Magic 2014 Core Set"],"releaseDate":"2011-07-15"},{"layout":"normal","type":"Sorcery","types":["Sorcery"],"colors":["Black"],"name":"In Garruk's Wake","rarity":"Special","cmc":9,"manaCost":"{7}{B}{B}","text":"Destroy all creatures you don't control and all planeswalkers you don't control.","flavor":"Beyond pain, beyond obsession and wild despair, there lies a place of twisted power only the most tormented souls can reach.","artist":"Brad Rigney","legalities":{"Standard":"Legal","Modern":"Legal","Legacy":"Legal","Vintage":"Legal","Freeform":"Legal","Prismatic":"Legal","Tribal Wars Legacy":"Legal","Singleton 100":"Legal","Commander":"Legal"},"number":"28","foreignNames":[{"language":"Chinese Traditional","name":"賈路開道"},{"language":"Chinese Simplified","name":"贾路开道"},{"language":"French","name":"Dans le sillage de Garruk"},{"language":"German","name":"Auf Garruks Pfad"},{"language":"Italian","name":"Sulla Scia di Garruk"},{"language":"Japanese","name":"ガラクの目覚め"},{"language":"Korean","name":"개럭의 발자취"},{"language":"Portuguese (Brazil)","name":"No Rastro de Garruk"},{"language":"Russian","name":"Где Прошел Гаррук"},{"language":"Spanish","name":"Tras los pasos de Garruk"}],"source":"Magic 2015 Launch Party participation bonus","imageName":"in garruk's wake","printings":["Launch Parties","Magic 2015 Core Set"],"releaseDate":"2014-07-18"},{"layout":"normal","type":"Creature — Elf Warrior","types":["Creature"],"colors":["Green"],"name":"Joraga Warcaller","rarity":"Special","subtypes":["Elf","Warrior"],"power":"1","toughness":"1","cmc":1,"manaCost":"{G}","text":"Multikicker {1}{G} (You may pay an additional {1}{G} any number of times as you cast this spell.)\nJoraga Warcaller enters the battlefield with a +1/+1 counter on it for each time it was kicked.\nOther Elf creatures you control get +1/+1 for each +1/+1 counter on Joraga Warcaller.","artist":"Kev Walker","rulings":[{"date":"2010-03-01","text":"The last ability counts the total number of +1/+1 counters on Joraga Warcaller, not just the ones placed on it as a result of its enters-the-battlefield ability."}],"legalities":{"Modern":"Legal","Zendikar Block":"Legal","Legacy":"Legal","Vintage":"Legal","Freeform":"Legal","Prismatic":"Legal","Tribal Wars Legacy":"Legal","Singleton 100":"Legal","Commander":"Legal"},"number":"9","foreignNames":[{"language":"Chinese Simplified","name":"玖瑞加战呼人"},{"language":"French","name":"Meneur de guerre de Joraga"},{"language":"German","name":"Kriegssänger aus Joraga"},{"language":"Italian","name":"Convocatore di Guerra di Joraga"},{"language":"Japanese","name":"ジョラーガの戦呼び"},{"language":"Portuguese (Brazil)","name":"Invocador de Guerra de Joraga"},{"language":"Russian","name":"Джорагский Военный Зазывала"},{"language":"Spanish","name":"Llamaguerra de Joraga"}],"source":"Worldwake Launch Party participation bonus","imageName":"joraga warcaller","printings":["Launch Parties","Worldwake","Commander 2014"],"releaseDate":"2010-02-05"},{"layout":"normal","type":"Creature — Human Knight","types":["Creature"],"colors":["White","Green"],"name":"Knight of New Alara","rarity":"Special","subtypes":["Human","Knight"],"power":"2","toughness":"2","cmc":4,"manaCost":"{2}{G}{W}","text":"Each other multicolored creature you control gets +1/+1 for each of its colors.","flavor":"\"I embrace all of Alara, Grixis as much as Bant. Let my former home call me traitor. I do this not for accolades, but because it is right.\"","artist":"David Palumbo","rulings":[{"date":"2009-05-01","text":"For example, a white creature gets no bonus. A white and blue creature gets +2/+2. A white, blue, and black creature gets +3/+3, and so on."}],"legalities":{"Modern":"Legal","Shards of Alara Block":"Legal","Legacy":"Legal","Vintage":"Legal","Freeform":"Legal","Prismatic":"Legal","Tribal Wars Legacy":"Legal","Singleton 100":"Legal","Commander":"Legal"},"number":"6","foreignNames":[{"language":"Chinese Simplified","name":"新阿拉若骑士"},{"language":"French","name":"Chevalier de la Nouvelle Alara"},{"language":"German","name":"Ritter des neuen Alara"},{"language":"Italian","name":"Cavaliere di Nuova Alara"},{"language":"Japanese","name":"新たなアラーラの騎士"},{"language":"Portuguese (Brazil)","name":"Cavaleiro da Nova Alara"},{"language":"Russian","name":"Рыцарь Новой Алары"},{"language":"Spanish","name":"Caballero de la Nueva Alara"}],"imageName":"knight of new alara","printings":["Launch Parties","Alara Reborn"],"source":"Alara Reborn Launch Party participation bonus","releaseDate":"2009-04-30"},{"layout":"leveler","type":"Creature — Minotaur Shaman","types":["Creature"],"colors":["Red"],"name":"Lord of Shatterskull Pass","rarity":"Special","subtypes":["Minotaur","Shaman"],"power":"3","toughness":"3","cmc":4,"manaCost":"{3}{R}","text":"Level up {1}{R} ({1}{R}: Put a level counter on this. Level up only as a sorcery.)\nLEVEL 1-5\n6/6\nLEVEL 6+\n6/6\nWhenever Lord of Shatterskull Pass attacks, it deals 6 damage to each creature defending player controls.","artist":"Igor Kieryluk","rulings":[{"date":"2010-06-15","text":"The abilities a leveler grants to itself don't overwrite any other abilities it may have. In particular, they don't overwrite the creature's level up ability; it always has that."},{"date":"2010-06-15","text":"Effects that set a leveler's power or toughness to a specific value, including the effects from a level symbol's ability, apply in timestamp order. The timestamp of each level symbol's ability is the same as the timestamp of the leveler itself, regardless of when the most recent level counter was put on it."},{"date":"2010-06-15","text":"Effects that modify a leveler's power or toughness, such as the effects of Giant Growth or Glorious Anthem, will apply to it no matter when they started to take effect. The same is true for counters that change the creature's power or toughness (such as +1/+1 counters) and effects that switch its power and toughness."},{"date":"2010-06-15","text":"If another creature becomes a copy of a leveler, all of the leveler's printed abilities -- including those represented by level symbols -- are copied. The current characteristics of the leveler, and the number of level counters on it, are not. The abilities, power, and toughness of the copy will be determined based on how many level counters are on the copy."},{"date":"2010-06-15","text":"A creature's level is based on how many level counters it has on it, not how many times its level up ability has been activated or has resolved. If a leveler gets level counters due to some other effect (such as Clockspinning) or loses level counters for some reason (such as Vampire Hexmage), its level is changed accordingly."},{"date":"2010-06-15","text":"The last ability triggers and resolves during the declare attackers step, before blockers are declared."},{"date":"2010-06-15","text":"In a multiplayer game, the only player affected by the last ability is the one Lord of Shatterskull Pass is attacking (or the one who controls the planeswalker Lord of Shatterskull Pass is attacking)."},{"date":"2010-06-15","text":"If a level 6 Lord of Shatterskull Pass attacks in a Two-Headed Giant game, its controller chooses which one of the defending players is affected by its ability. The choice is made as the ability resolves."}],"legalities":{"Modern":"Legal","Zendikar Block":"Legal","Legacy":"Legal","Vintage":"Legal","Freeform":"Legal","Prismatic":"Legal","Tribal Wars Legacy":"Legal","Singleton 100":"Legal","Commander":"Legal"},"number":"10","foreignNames":[{"language":"Chinese Simplified","name":"碎颅隘口领主"},{"language":"French","name":"Seigneur du Col de Fracassecrâne"},{"language":"German","name":"Fürst vom Schädeltrümmerpass"},{"language":"Italian","name":"Signore del Passo Frantumateschio"},{"language":"Japanese","name":"髑髏砕き峡の王"},{"language":"Portuguese (Brazil)","name":"Senhor do Passo de Quebra-Crânio"},{"language":"Russian","name":"Властелин Череполомного Перевала"},{"language":"Spanish","name":"Señor del Paso Aplastacráneos"}],"source":"Rise of the Eldrazi Launch Party participation bonus","imageName":"lord of shatterskull pass","printings":["Launch Parties","Rise of the Eldrazi"],"releaseDate":"2010-04-23"},{"layout":"double-faced","type":"Creature — Lizard Horror","types":["Creature"],"name":"Ludevic's Abomination","rarity":"Special","subtypes":["Lizard","Horror"],"power":"13","toughness":"13","colors":["Blue"],"text":"Trample","flavor":"After several frustrating experiments, the visionary Ludevic realized he needed to create a monster that fed on torch-wielding mobs.","artist":"Karl Kopinski","legalities":{"Modern":"Legal","Innistrad Block":"Legal","Legacy":"Legal","Vintage":"Legal","Freeform":"Legal","Prismatic":"Legal","Tribal Wars Legacy":"Legal","Tribal Wars Standard":"Legal","Singleton 100":"Legal","Commander":"Legal"},"number":"16b","source":"Innistrad Launch Party participation bonus","imageName":"ludevic's abomination","printings":["Launch Parties","Innistrad"],"releaseDate":"2011-09-30","names":["Ludevic's Test Subject","Ludevic's Abomination"]},{"layout":"double-faced","type":"Creature — Lizard","types":["Creature"],"colors":["Blue"],"name":"Ludevic's Test Subject","rarity":"Special","subtypes":["Lizard"],"power":"0","toughness":"3","cmc":2,"manaCost":"{1}{U}","text":"Defender\n{1}{U}: Put a hatchling counter on Ludevic's Test Subject. Then if there are five or more hatchling counters on it, remove all of them and transform it.","artist":"Karl Kopinski","rulings":[{"date":"2011-09-22","text":"It's possible (though not advisable) to activate the ability of Ludevic's Test Subject enough times in response to one another that a resolving ability places a fifth hatchling counter on Ludevic's *Abomination*. If that happens, it'll transform back into Ludevic's Test Subject."}],"legalities":{"Modern":"Legal","Innistrad Block":"Legal","Legacy":"Legal","Vintage":"Legal","Freeform":"Legal","Prismatic":"Legal","Tribal Wars Legacy":"Legal","Tribal Wars Standard":"Legal","Singleton 100":"Legal","Commander":"Legal"},"number":"16a","foreignNames":[{"language":"Chinese Traditional","name":"盧德維的實驗對象"},{"language":"Chinese Simplified","name":"卢德维的实验对象"},{"language":"French","name":"Cobaye de Ludevic"},{"language":"German","name":"Ludevics Testobjekt"},{"language":"Italian","name":"Cavia di Ludevic"},{"language":"Japanese","name":"ルーデヴィックの実験材料"},{"language":"Portuguese (Brazil)","name":"Cobaia de Ludevic"},{"language":"Russian","name":"Подопытный Людевика"},{"language":"Spanish","name":"Sujeto de prueba de Ludevic"}],"source":"Innistrad Launch Party participation bonus","imageName":"ludevic's test subject","printings":["Launch Parties","Innistrad"],"releaseDate":"2011-09-30","names":["Ludevic's Test Subject","Ludevic's Abomination"]},{"layout":"double-faced","type":"Creature — Human Werewolf Shaman","types":["Creature"],"colors":["Red"],"name":"Mondronen Shaman","rarity":"Special","subtypes":["Human","Werewolf","Shaman"],"power":"3","toughness":"2","cmc":4,"manaCost":"{3}{R}","text":"At the beginning of each upkeep, if no spells were cast last turn, transform Mondronen Shaman.","flavor":"\"Tovolar, my master. Gather the howlpack, for the Hunter's Moon is nigh and Thraben's walls grow weak.\"","artist":"Anthony Palumbo","rulings":[{"date":"2011-01-22","text":"Tovolar's Magehunter's first triggered ability will resolve before the spell that caused it to trigger. If this causes the player who cast that spell to lose the game, that spell won't resolve."}],"legalities":{"Modern":"Legal","Innistrad Block":"Legal","Legacy":"Legal","Vintage":"Legal","Freeform":"Legal","Prismatic":"Legal","Tribal Wars Legacy":"Legal","Tribal Wars Standard":"Legal","Singleton 100":"Legal","Commander":"Legal"},"number":"17a","foreignNames":[{"language":"Chinese Traditional","name":"蒙卓祭師"},{"language":"Chinese Simplified","name":"蒙卓祭师"},{"language":"French","name":"Shamane Mondronen"},{"language":"German","name":"Mondrenner-Schamanin"},{"language":"Italian","name":"Sciamana di Mondronen"},{"language":"Japanese","name":"モンドロネンのシャーマン"},{"language":"Korean","name":"몬드로넨 주술사"},{"language":"Portuguese (Brazil)","name":"Xamã Mondronen"},{"language":"Russian","name":"Шаманка Мондроненской Стаи"},{"language":"Spanish","name":"Chamán Mondronen"}],"source":"Dark Ascension Launch Party participation bonus","imageName":"mondronen shaman","printings":["Launch Parties","Dark Ascension"],"releaseDate":"2012-02-03","names":["Mondronen Shaman","Tovolar's Magehunter"]},{"layout":"normal","type":"Artifact","types":["Artifact"],"name":"Obelisk of Alara","rarity":"Special","cmc":6,"manaCost":"{6}","text":"{1}{W}, {T}: You gain 5 life.\n{1}{U}, {T}: Draw a card, then discard a card.\n{1}{B}, {T}: Target creature gets -2/-2 until end of turn.\n{1}{R}, {T}: Obelisk of Alara deals 3 damage to target player.\n{1}{G}, {T}: Target creature gets +4/+4 until end of turn.","artist":"John Avon","legalities":{"Modern":"Legal","Shards of Alara Block":"Legal","Legacy":"Legal","Vintage":"Legal","Freeform":"Legal","Prismatic":"Legal","Tribal Wars Legacy":"Legal","Singleton 100":"Legal","Commander":"Legal"},"number":"5","foreignNames":[{"language":"Chinese Simplified","name":"阿拉若碑"},{"language":"French","name":"Obélisque d'Alara"},{"language":"German","name":"Obelisk von Alara"},{"language":"Italian","name":"Obelisco di Alara"},{"language":"Japanese","name":"アラーラのオベリスク"},{"language":"Portuguese (Brazil)","name":"Obelisco de Alara"},{"language":"Russian","name":"Обелиск Алары"},{"language":"Spanish","name":"Obelisco de Alara"}],"imageName":"obelisk of alara","printings":["Launch Parties","Conflux"],"source":"Conflux Launch Party participation bonus","releaseDate":"2009-02-06"},{"layout":"normal","type":"Artifact Creature — Shapeshifter","types":["Artifact","Creature"],"colors":["Blue"],"name":"Phyrexian Metamorph","rarity":"Special","subtypes":["Shapeshifter"],"power":"0","toughness":"0","cmc":4,"manaCost":"{3}{U/P}","text":"({U/P} can be paid with either {U} or 2 life.)\nYou may have Phyrexian Metamorph enter the battlefield as a copy of any artifact or creature on the battlefield, except it's an artifact in addition to its other types.","artist":"Jung Park","rulings":[{"date":"2011-06-01","text":"A card with Phyrexian mana symbols in its mana cost is each color that appears in that mana cost, regardless of how that cost may have been paid."},{"date":"2011-06-01","text":"To calculate the converted mana cost of a card with Phyrexian mana symbols in its cost, count each Phyrexian mana symbol as 1."},{"date":"2011-06-01","text":"As you cast a spell or activate an activated ability with one or more Phyrexian mana symbols in its cost, you choose how to pay for each Phyrexian mana symbol at the same time you would choose modes or choose a value for X."},{"date":"2011-06-01","text":"If you're at 1 life or less, you can't pay 2 life."},{"date":"2011-06-01","text":"Phyrexian mana is not a new color. Players can't add Phyrexian mana to their mana pools."},{"date":"2011-06-01","text":"Except for also being an artifact, Phyrexian Metamorph copies exactly what was printed on the original permanent and nothing more (unless that creature is itself copying something or is a token; see below). It doesn't copy whether that permanent is tapped or untapped, whether it has any counters on it or Auras attached to it, or any noncopy effects that have changed its power, toughness, types, color, and so on."},{"date":"2011-06-01","text":"If Phyrexian Metamorph copies a noncreature artifact, it is no longer a creature."},{"date":"2011-06-01","text":"If the chosen permanent has {X} in its mana cost (such as Protean Hydra), X is considered to be zero."},{"date":"2011-06-01","text":"If the chosen creature is copying something else (for example, if the chosen creature is a Clone), then your Phyrexian Metamorph enters the battlefield as whatever the chosen creature copied, except it's also an artifact."},{"date":"2011-06-01","text":"If the chosen permanent is a token, Phyrexian Metamorph copies the original characteristics of that token as stated by the effect that put the token onto the battlefield, except it's also an artifact. Phyrexian Metamorph is not a token."},{"date":"2011-06-01","text":"Any enters-the-battlefield abilities of the copied permanent will trigger when Phyrexian Metamorph enters the battlefield. Any \"as [this] enters the battlefield\" or \"[this] enters the battlefield with\" abilities of the chosen permanent will also work."},{"date":"2011-06-01","text":"If Phyrexian Metamorph somehow enters the battlefield at the same time as another permanent (due to Mass Polymorph or Liliana Vess's third ability, for example), Phyrexian Metamorph can't become a copy of that permanent. You may only choose a permanent that's already on the battlefield."},{"date":"2011-06-01","text":"You can choose not to copy anything. In that case, Phyrexian Metamorph simply enters the battlefield as a 0/0 artifact creature and is put into its owner's graveyard as a state-based action (unless something else is raising its toughness)."}],"legalities":{"Modern":"Legal","Scars of Mirrodin Block":"Legal","Legacy":"Legal","Vintage":"Legal","Freeform":"Legal","Prismatic":"Legal","Tribal Wars Legacy":"Legal","Singleton 100":"Legal","Commander":"Legal"},"number":"14","foreignNames":[{"language":"Chinese Traditional","name":"非瑞克西亞蛻變妖"},{"language":"Chinese Simplified","name":"非瑞克西亚蜕变妖"},{"language":"French","name":"Métamorphe phyrexian"},{"language":"German","name":"Phyrexianischer Körperwandler"},{"language":"Italian","name":"Metamorfosi Phyrexian"},{"language":"Japanese","name":"ファイレクシアの変形者"},{"language":"Portuguese (Brazil)","name":"Metamórfico Phyrexiano"},{"language":"Russian","name":"Фирексийский Метаморф"},{"language":"Spanish","name":"Metamorfo pirexiano"}],"source":"New Phyrexia Launch Party participation bonus","imageName":"phyrexian metamorph","printings":["Launch Parties","New Phyrexia"],"releaseDate":"2011-05-13"},{"layout":"normal","type":"Creature — Angel","types":["Creature"],"colors":["White"],"name":"Restoration Angel","rarity":"Special","subtypes":["Angel"],"power":"3","toughness":"4","cmc":4,"manaCost":"{3}{W}","text":"Flash\nFlying\nWhen Restoration Angel enters the battlefield, you may exile target non-Angel creature you control, then return that card to the battlefield under your control.","artist":"Wesley Burt","legalities":{"Modern":"Legal","Innistrad Block":"Legal","Legacy":"Legal","Vintage":"Legal","Freeform":"Legal","Prismatic":"Legal","Tribal Wars Legacy":"Legal","Tribal Wars Standard":"Legal","Singleton 100":"Legal","Commander":"Legal"},"number":"18","foreignNames":[{"language":"Chinese Traditional","name":"復歸天使"},{"language":"Chinese Simplified","name":"复归天使"},{"language":"French","name":"Ange de la restauration"},{"language":"German","name":"Engel der Wiederherstellung"},{"language":"Italian","name":"Angelo della Restaurazione"},{"language":"Japanese","name":"修復の天使"},{"language":"Korean","name":"복원의 천사"},{"language":"Portuguese (Brazil)","name":"Anjo da Restauração"},{"language":"Russian","name":"Ангел Восстановления"},{"language":"Spanish","name":"Ángel de la restitución"}],"source":"Avacyn Restored Launch Party participation bonus","imageName":"restoration angel","printings":["Launch Parties","Avacyn Restored"],"releaseDate":"2012-05-04"},{"layout":"normal","type":"Creature — Beast","types":["Creature"],"colors":["Green"],"name":"Skarrg Goliath","rarity":"Special","subtypes":["Beast"],"power":"9","toughness":"9","cmc":8,"manaCost":"{6}{G}{G}","text":"Trample\nBloodrush — {5}{G}{G}, Discard Skarrg Goliath: Target attacking creature gets +9/+9 and gains trample until end of turn.","flavor":"\"They bind us with their laws. We free ourselves with nature's fist.\"\n—Nikya of the Old Ways","artist":"Karl Kopinski","legalities":{"Modern":"Legal","Return to Ravnica Block":"Legal","Legacy":"Legal","Vintage":"Legal","Freeform":"Legal","Prismatic":"Legal","Tribal Wars Legacy":"Legal","Tribal Wars Standard":"Legal","Singleton 100":"Legal","Commander":"Legal"},"number":"21","foreignNames":[{"language":"Chinese Traditional","name":"始卡克巨人"},{"language":"Chinese Simplified","name":"始卡克巨人"},{"language":"French","name":"Goliath de Skarrg"},{"language":"German","name":"Skarrg-Goliath"},{"language":"Italian","name":"Golia Skarrg"},{"language":"Japanese","name":"スカルグの大巨獣"},{"language":"Korean","name":"스카르그 거대괴수"},{"language":"Portuguese (Brazil)","name":"Golias de Skarrg"},{"language":"Russian","name":"Голиаф из Скарга"},{"language":"Spanish","name":"Goliat de Skarrg"}],"source":"Gatecrash Launch Party participation bonus","imageName":"skarrg goliath","printings":["Launch Parties","Gatecrash"],"releaseDate":"2013-02-01"},{"layout":"normal","type":"Artifact","types":["Artifact"],"name":"Staff of Nin","rarity":"Special","cmc":6,"manaCost":"{6}","text":"At the beginning of your upkeep, draw a card.\n{T}: Staff of Nin deals 1 damage to target creature or player.","flavor":"\"I have attuned the staff to your screams so that only I may benefit from your pain.\"\n—Volux, disciple of Nin","artist":"Brad Rigney","legalities":{"Modern":"Legal","Legacy":"Legal","Vintage":"Legal","Freeform":"Legal","Prismatic":"Legal","Tribal Wars Legacy":"Legal","Tribal Wars Standard":"Legal","Singleton 100":"Legal","Commander":"Legal"},"number":"19","foreignNames":[{"language":"Chinese Traditional","name":"凝虐杖"},{"language":"Chinese Simplified","name":"凝虐杖"},{"language":"French","name":"Bâton de Nin"},{"language":"German","name":"Nins Stab"},{"language":"Italian","name":"Bastone di Nin"},{"language":"Japanese","name":"ニンの杖"},{"language":"Korean","name":"닌의 지팡이"},{"language":"Portuguese (Brazil)","name":"Cajado de Nin"},{"language":"Russian","name":"Посох Нин"},{"language":"Spanish","name":"Bastón de Nin"}],"source":"Magic 2013 Launch Party participation bonus","imageName":"staff of nin","printings":["Launch Parties","Magic 2013"],"releaseDate":"2012-07-07"},{"layout":"normal","type":"Artifact Creature — Dragon","types":["Artifact","Creature"],"name":"Steel Hellkite","rarity":"Special","subtypes":["Dragon"],"power":"5","toughness":"5","cmc":6,"manaCost":"{6}","text":"Flying\n{2}: Steel Hellkite gets +1/+0 until end of turn.\n{X}: Destroy each nonland permanent with converted mana cost X whose controller was dealt combat damage by Steel Hellkite this turn. Activate this ability only once each turn.","artist":"Jaime Jones","rulings":[{"date":"2011-01-01","text":"Steel Hellkite's last ability destroys only nonland permanents whose converted mana cost is exactly equal to X, and only those controlled by players who have been dealt combat damage by Steel Hellkite this turn."},{"date":"2011-01-01","text":"It doesn't matter who controlled those permanents at the time Steel Hellkite dealt combat damage, or if those permanents were even on the battlefield at that time."},{"date":"2011-01-01","text":"You may activate the last ability even if Steel Hellkite hasn't dealt combat damage to any players that turn. If you do, the ability won't do anything."},{"date":"2011-01-01","text":"If Steel Hellkite's third ability is activated with X equal to 0, it will destroy each nonland permanent with converted mana cost 0 the appropriate players control."},{"date":"2011-01-01","text":"The converted mana cost of a permanent is determined solely by the mana symbols printed in its upper right corner, unless it's copying something else (see below). The converted mana cost is the total amount of mana in that cost, regardless of color. For example, a card with mana cost {3}{U}{U} has converted mana cost 5."},{"date":"2011-01-01","text":"If a permanent is copying something else, its converted mana cost is the converted mana cost of whatever it's copying."},{"date":"2011-01-01","text":"In all cases, ignore any alternative costs or additional costs (such as kicker) paid when the permanent was cast."},{"date":"2011-01-01","text":"If the mana cost of a permanent includes {X}, X is considered to be 0."},{"date":"2011-01-01","text":"If a nonland permanent has no mana symbols in its upper right corner (because it's a token that's not copying of something else, for example), its converted mana cost is 0."}],"legalities":{"Modern":"Legal","Scars of Mirrodin Block":"Legal","Legacy":"Legal","Vintage":"Legal","Freeform":"Legal","Prismatic":"Legal","Tribal Wars Legacy":"Legal","Singleton 100":"Legal","Commander":"Legal"},"number":"12","foreignNames":[{"language":"Chinese Traditional","name":"鋼鐵殘虐者"},{"language":"Chinese Simplified","name":"钢铁残虐者"},{"language":"French","name":"Escouflenfer d'acier"},{"language":"German","name":"Stählerner Höllendrache"},{"language":"Italian","name":"Nibbio Infernale d'Acciaio"},{"language":"Japanese","name":"鋼のヘルカイト"},{"language":"Portuguese (Brazil)","name":"Dragão Avérneo de Aço"},{"language":"Russian","name":"Стальной Змей"},{"language":"Spanish","name":"Engendro de acero"}],"source":"Scars of Mirrodin Launch Party participation bonus","imageName":"steel hellkite","printings":["Launch Parties","Scars of Mirrodin","Commander 2014"],"releaseDate":"2010-10-01"},{"layout":"normal","type":"Artifact Creature — Thopter","types":["Artifact","Creature"],"name":"Thopter Assembly","rarity":"Special","subtypes":["Thopter"],"power":"5","toughness":"5","cmc":6,"manaCost":"{6}","text":"Flying\nAt the beginning of your upkeep, if you control no Thopters other than Thopter Assembly, return Thopter Assembly to its owner's hand and put five 1/1 colorless Thopter artifact creature tokens with flying onto the battlefield.","artist":"Volkan Baga","rulings":[{"date":"2011-06-01","text":"The triggered ability looks for any permanent you control with the creature type Thopter, not just the Thopter tokens previously created by a Thopter Assembly."}],"legalities":{"Modern":"Legal","Scars of Mirrodin Block":"Legal","Legacy":"Legal","Vintage":"Legal","Freeform":"Legal","Prismatic":"Legal","Tribal Wars Legacy":"Legal","Singleton 100":"Legal","Commander":"Legal"},"number":"13","foreignNames":[{"language":"Chinese Traditional","name":"組裝振翼機"},{"language":"Chinese Simplified","name":"组装振翼机"},{"language":"French","name":"Assembleur de mécanoptères"},{"language":"German","name":"Thopter-Baugruppe"},{"language":"Italian","name":"Tottero Assemblato"},{"language":"Japanese","name":"飛行機械の組立工"},{"language":"Portuguese (Brazil)","name":"Montagem de Tóptero"},{"language":"Russian","name":"Сборный Топтер"},{"language":"Spanish","name":"Montaje de tópteros"}],"source":"Mirrodin Besieged Launch Party participation bonus","imageName":"thopter assembly","printings":["Launch Parties","Mirrodin Besieged"],"releaseDate":"2011-02-04"},{"layout":"double-faced","type":"Creature — Werewolf","types":["Creature"],"name":"Tovolar's Magehunter","rarity":"Special","subtypes":["Werewolf"],"power":"5","toughness":"5","colors":["Red"],"text":"Whenever an opponent casts a spell, Tovolar's Magehunter deals 2 damage to that player.\nAt the beginning of each upkeep, if a player cast two or more spells last turn, transform Tovolar's Magehunter.","flavor":"\"Tovolar, my master. Gather the howlpack, for the Hunter's Moon is nigh and Thraben's walls grow weak.\"","artist":"Anthony Palumbo","legalities":{"Modern":"Legal","Innistrad Block":"Legal","Legacy":"Legal","Vintage":"Legal","Freeform":"Legal","Prismatic":"Legal","Tribal Wars Legacy":"Legal","Tribal Wars Standard":"Legal","Singleton 100":"Legal","Commander":"Legal"},"number":"17b","source":"Dark Ascension Launch Party participation bonus","imageName":"tovolar's magehunter","printings":["Launch Parties","Dark Ascension"],"releaseDate":"2012-02-03","names":["Mondronen Shaman","Tovolar's Magehunter"]},{"layout":"normal","supertypes":["Legendary"],"type":"Legendary Creature — Kraken","types":["Creature"],"colors":["Blue"],"name":"Tromokratis","rarity":"Special","subtypes":["Kraken"],"power":"8","toughness":"8","cmc":7,"manaCost":"{5}{U}{U}","text":"Tromokratis has hexproof unless it's attacking or blocking.\nTromokratis can't be blocked unless all creatures defending player controls block it. (If any creature that player controls doesn't block this creature, it can't be blocked.)","artist":"Jaime Jones","rulings":[{"date":"2014-02-01","text":"The defending player may block Tromokratis with each creature he or she controls. If that player can’t, perhaps because one of those creatures is tapped, or chooses not to, Tromokratis can’t be blocked."},{"date":"2014-02-01","text":"Tromokratis (like all attacking and blocking creatures) remains an attacking or blocking creature until the end of combat step is over. Notably, it will still be an attacking or blocking creature during the combat damage step, so any abilities an opponent controls that trigger when a creature dies as a result of combat damage could target Tromokratis."}],"legalities":{"Standard":"Legal","Modern":"Legal","Theros Block":"Legal","Legacy":"Legal","Vintage":"Legal","Freeform":"Legal","Prismatic":"Legal","Tribal Wars Legacy":"Legal","Tribal Wars Standard":"Legal","Singleton 100":"Legal","Commander":"Legal"},"number":"25","foreignNames":[{"language":"Chinese Traditional","name":"卓莫克雷提"},{"language":"Chinese Simplified","name":"卓莫克雷提"},{"language":"Italian","name":"Tromokrate"},{"language":"Japanese","name":"トロモクラティス"},{"language":"Korean","name":"트로모크레이티스"},{"language":"Russian","name":"Тромократ"}],"source":"Born of the Gods Launch Party participation bonus","imageName":"tromokratis","printings":["Launch Parties","Born of the Gods"],"releaseDate":"2014-02-07"},{"layout":"normal","type":"Land","types":["Land"],"name":"Valakut, the Molten Pinnacle","rarity":"Special","text":"Valakut, the Molten Pinnacle enters the battlefield tapped.\nWhenever a Mountain enters the battlefield under your control, if you control at least five other Mountains, you may have Valakut, the Molten Pinnacle deal 3 damage to target creature or player.\n{T}: Add {R} to your mana pool.","artist":"James Paick","rulings":[{"date":"2009-10-01","text":"Valakut, the Molten Pinnacle's triggered ability has an \"intervening 'if' clause.\" That means (1) the ability won't trigger at all unless, at the time a Mountain enters the battlefield under your control, you control five or more Mountains other than that new one, and (2) the ability will do nothing if you control fewer than five Mountains other than that new one by the time it resolves."},{"date":"2009-10-01","text":"If a Mountain you control leaves the battlefield between the time Valakut's second ability triggers and the time it resolves, be aware if that was the Mountain that caused Valakut's ability to trigger or not. If it was, Valakut's count isn't affected; if it wasn't, Valakut's count goes down by one."},{"date":"2009-10-01","text":"If multiple Mountains enter the battlefield under your control at the same time, Valakut's second ability could trigger that many times. Each ability takes into consideration the other Mountains that entered the battlefield at the same time as the one that caused it to trigger."},{"date":"2009-10-01","text":"You target a creature or player when the ability triggers. You decide whether to have Valakut deal damage to that creature or player as the ability resolves."}],"legalities":{"Modern":"Legal","Zendikar Block":"Legal","Legacy":"Legal","Vintage":"Legal","Freeform":"Legal","Prismatic":"Legal","Tribal Wars Legacy":"Legal","Singleton 100":"Legal","Commander":"Legal"},"number":"8","foreignNames":[{"language":"Chinese Simplified","name":"熔天顶瓦拉库"},{"language":"French","name":"Valakut, la Cime en fusion"},{"language":"German","name":"Valakut, die geschmolzene Zinne"},{"language":"Italian","name":"Valakut, il Pinnacolo Fuso"},{"language":"Japanese","name":"溶鉄の尖峰、ヴァラクート"},{"language":"Portuguese (Brazil)","name":"Valakut, o Pináculo Derretido"},{"language":"Russian","name":"Валакут, Расплавленная Вершина"},{"language":"Spanish","name":"Valakut, el Pináculo Fundido"}],"source":"Zendikar Launch Launch Party participation bonus","imageName":"valakut, the molten pinnacle","printings":["Launch Parties","Zendikar"],"releaseDate":"2009-10-02"},{"layout":"normal","type":"Creature — Goblin Shaman","types":["Creature"],"colors":["Red","Green"],"name":"Vexing Shusher","rarity":"Special","subtypes":["Goblin","Shaman"],"power":"2","toughness":"2","cmc":2,"manaCost":"{R/G}{R/G}","text":"Vexing Shusher can't be countered.\n{R/G}: Target spell can't be countered by spells or abilities.","flavor":"The stench of bloodcap mushrooms on the breath is enough to ward off even the most potent magics, especially when combined with a special chant: \"Hushhh.\"","artist":"Cyril Van Der Haegen","rulings":[{"date":"2008-05-01","text":"After Vexing Shusher's ability resolves, any spells or abilities that would counter the targeted spell will still resolve. They just won't counter that spell."},{"date":"2008-05-01","text":"Vexing Shusher's ability won't prevent the targeted spell from being countered by the game rules (for example, if all its targets are illegal)."}],"legalities":{"Modern":"Legal","Lorwyn-Shadowmoor Block":"Legal","Legacy":"Legal","Vintage":"Legal","Freeform":"Legal","Prismatic":"Legal","Tribal Wars Legacy":"Legal","Singleton 100":"Legal","Commander":"Legal"},"number":"2","foreignNames":[{"language":"Chinese Simplified","name":"嘘声捣乱人"},{"language":"French","name":"Museleur vexatoire"},{"language":"German","name":"Lästiger Flüsterer"},{"language":"Italian","name":"Silenziatore Irritante"},{"language":"Japanese","name":"難問の鎮め屋"},{"language":"Portuguese (Brazil)","name":"Silenciador Irritante"},{"language":"Russian","name":"Шикающий Зануда"},{"language":"Spanish","name":"Silenciador irritante"}],"imageName":"vexing shusher","printings":["Launch Parties","Shadowmoor"],"source":"Shadowmoor Launch Party participation bonus","releaseDate":"2008-05"}]}