{"name":"Magic Game Day","code":"pMGD","magicRaritiesCodes":"119-rarities-magic-game-day-cards","releaseDate":"2007-07-14","border":"black","type":"promo","cards":[{"layout":"normal","type":"Sorcery","types":["Sorcery"],"colors":["Black"],"name":"Black Sun's Zenith","rarity":"Special","cmc":2,"manaCost":"{X}{B}{B}","text":"Put X -1/-1 counters on each creature. Shuffle Black Sun's Zenith into its owner's library.","artist":"James Paick","rulings":[{"date":"2011-06-01","text":"If this spell is countered, none of its effects occur. In particular, it will go to the graveyard rather than to its owner's library."}],"legalities":{"Modern":"Legal","Scars of Mirrodin Block":"Legal","Legacy":"Legal","Vintage":"Legal","Freeform":"Legal","Prismatic":"Legal","Tribal Wars Legacy":"Legal","Singleton 100":"Legal","Commander":"Legal"},"number":"7","foreignNames":[{"language":"Chinese Traditional","name":"黑陽當空"},{"language":"Chinese Simplified","name":"黑阳当空"},{"language":"French","name":"Zénith de Noirsoleil"},{"language":"German","name":"Zenit der Schwarzen Sonne"},{"language":"Italian","name":"Zenit del Sole Nero"},{"language":"Japanese","name":"黒の太陽の頂点"},{"language":"Portuguese (Brazil)","name":"Zênite do Sol Negro"},{"language":"Russian","name":"Зенит Черного Солнца"},{"language":"Spanish","name":"Cenit del sol negro"}],"source":"Mirrodin Besieged Game Day prize","imageName":"black sun's zenith","printings":["Magic Game Day","Mirrodin Besieged","Commander 2014"],"releaseDate":"2011-03-05"},{"layout":"normal","type":"Creature — Vedalken Artificer","types":["Creature"],"colors":["Blue"],"name":"Chief Engineer","rarity":"Special","subtypes":["Vedalken","Artificer"],"power":"1","toughness":"3","cmc":2,"manaCost":"{1}{U}","text":"Artifact spells you cast have convoke. (Your creatures can help cast those spells. Each creature you tap while casting an artifact spell pays for {1} or one mana of that creature's color.)","flavor":"An eye for detail, a mind for numbers, a soul of clockwork.","artist":"Ryan Barger","legalities":{"Standard":"Legal","Modern":"Legal","Legacy":"Legal","Vintage":"Legal","Freeform":"Legal","Prismatic":"Legal","Tribal Wars Legacy":"Legal","Singleton 100":"Legal","Commander":"Legal"},"number":"40","foreignNames":[{"language":"Chinese Traditional","name":"總工程師"},{"language":"Chinese Simplified","name":"总工程师"},{"language":"French","name":"Ingénieur en chef"},{"language":"German","name":"Oberster Ingenieur"},{"language":"Italian","name":"Ingegnere Capo"},{"language":"Japanese","name":"主任技師"},{"language":"Korean","name":"기관장"},{"language":"Portuguese (Brazil)","name":"Engenheiro-chefe"},{"language":"Russian","name":"Старший Инженер"},{"language":"Spanish","name":"Ingeniero jefe"}],"source":"Magic 2015 Game Day prize","imageName":"chief engineer","printings":["Magic Game Day","Magic 2015 Core Set"],"releaseDate":"2014-08-09","rulings":[{"date":"2014-07-18","text":"Multiple instances of convoke on a single spell are redundant."},{"date":"2014-07-18","text":"The rules for convoke have changed slightly since it last appeared in an expansion. Previously, convoke reduced the cost to cast a spell. Under current rules, you tap creatures at the same time you pay the spell’s costs. Tapping a creature this way is simply another way to pay."},{"date":"2014-07-18","text":"Convoke doesn’t change a spell’s mana cost or converted mana cost."},{"date":"2014-07-18","text":"When calculating a spell’s total cost, include any alternative costs, additional costs, or anything else that increases or reduces the cost to cast the spell. Convoke applies after the total cost is calculated."},{"date":"2014-07-18","text":"Because convoke isn’t an alternative cost, it can be used in conjunction with alternative costs."},{"date":"2014-07-18","text":"Tapping a multicolored creature using convoke will pay for {1} or one mana of your choice of any of that creature’s colors."},{"date":"2014-07-18","text":"When using convoke to cast a spell with {X} in its mana cost, first choose the value for X. That choice, plus any cost increases or decreases, will determine the spell’s total cost. Then you can tap creatures you control to help pay that cost. For example, if you cast Chord of Calling (a spell with convoke and mana cost {X}{G}{G}{G}) and choose X to be 3, the total cost is {3}{G}{G}{G}. If you tap two green creatures and two red creatures, you’ll have to pay {1}{G}."},{"date":"2014-07-18","text":"If a creature you control has a mana ability with {T} in the cost, activating that ability while casting a spell with convoke will result in the creature being tapped when you pay the spell’s costs. You won’t be able to tap it again for convoke. Similarly, if you sacrifice a creature to activate a mana ability while casting a spell with convoke, that creature won’t be on the battlefield when you pay the spell’s costs, so you won’t be able to tap it for convoke."}]},{"layout":"normal","type":"Creature — Horror","types":["Creature"],"colors":["Black","Red"],"name":"Cryptborn Horror","rarity":"Special","subtypes":["Horror"],"power":"0","toughness":"0","cmc":3,"manaCost":"{1}{B/R}{B/R}","text":"Trample\nCryptborn Horror enters the battlefield with X +1/+1 counters on it, where X is the total life lost by your opponents this turn.","artist":"Nils Hamm","rulings":[{"date":"2012-10-01","text":"Remember, damage dealt to a player causes that player to lose that much life (unless the source has infect)."},{"date":"2012-10-01","text":"If no opponent has lost life on the turn Cryptborn Horror enters the battlefield, it will enter with no +1/+1 counters on it and be put into its owner's graveyard (unless something else is raising its toughness)."},{"date":"2012-10-01","text":"Cryptborn Horror cares about the total life lost, not necessarily what an opponent's life total is compared to what it was at the beginning of the turn. For example, if an opponent loses 5 life and then gains 10 life on the turn Cryptborn Horror enters the battlefield, it will enter with five +1/+1 counters on it."},{"date":"2012-10-01","text":"In multiplayer games, life lost the turn Cryptborn Horror enters the battlefield by opponents who left the game later that turn will count toward the value of X."}],"legalities":{"Modern":"Legal","Return to Ravnica Block":"Legal","Legacy":"Legal","Vintage":"Legal","Freeform":"Legal","Prismatic":"Legal","Tribal Wars Legacy":"Legal","Tribal Wars Standard":"Legal","Singleton 100":"Legal","Commander":"Legal"},"number":"22","foreignNames":[{"language":"Chinese Traditional","name":"窖生驚懼獸"},{"language":"Chinese Simplified","name":"窖生惊惧兽"},{"language":"French","name":"Horreur née des cryptes"},{"language":"German","name":"Schrecken aus der Krypta"},{"language":"Italian","name":"Orrore Criptoneonato"},{"language":"Japanese","name":"墓所生まれの恐怖"},{"language":"Korean","name":"묘지에서 태어난 괴수"},{"language":"Portuguese (Brazil)","name":"Horror Criptonato"},{"language":"Russian","name":"Жуткое Порождение Склепа"},{"language":"Spanish","name":"Horror criptonato"}],"source":"Return to Ravnica Game Day prize","imageName":"cryptborn horror","printings":["Magic Game Day","Return to Ravnica"],"releaseDate":"2012-10-27"},{"layout":"normal","type":"Enchantment","types":["Enchantment"],"colors":["Blue"],"name":"Dictate of Kruphix","rarity":"Special","cmc":3,"manaCost":"{1}{U}{U}","text":"Flash\nAt the beginning of each player's draw step, that player draws an additional card.","artist":"Ryan Barger","legalities":{"Standard":"Legal","Modern":"Legal","Theros Block":"Legal","Legacy":"Legal","Vintage":"Legal","Freeform":"Legal","Prismatic":"Legal","Tribal Wars Legacy":"Legal","Tribal Wars Standard":"Legal","Singleton 100":"Legal","Commander":"Legal"},"number":"35","foreignNames":[{"language":"Chinese Traditional","name":"克羅芬斯的旨意"},{"language":"Chinese Simplified","name":"克罗芬斯的旨意"},{"language":"French","name":"Précepte de Kruphix"},{"language":"German","name":"Gebot des Kruphix"},{"language":"Italian","name":"Dettami di Krufix"},{"language":"Japanese","name":"クルフィックスの指図"},{"language":"Korean","name":"크루픽스의 규율"},{"language":"Portuguese (Brazil)","name":"Decreto de Crufix"},{"language":"Russian","name":"Веление Круфикса"},{"language":"Spanish","name":"Mandato de Krufix"}],"source":"Journey into Nyx Game Day prize","imageName":"dictate of kruphix","printings":["Magic Game Day","Journey into Nyx"],"releaseDate":"2014-05-24"},{"layout":"normal","type":"Creature — Zombie","types":["Creature"],"colors":["Black"],"name":"Diregraf Ghoul","rarity":"Special","subtypes":["Zombie"],"power":"2","toughness":"2","cmc":1,"manaCost":"{B}","text":"Diregraf Ghoul enters the battlefield tapped.","artist":"Austin Hsu","legalities":{"Modern":"Legal","Innistrad Block":"Legal","Legacy":"Legal","Vintage":"Legal","Freeform":"Legal","Prismatic":"Legal","Tribal Wars Legacy":"Legal","Tribal Wars Standard":"Legal","Singleton 100":"Legal","Commander":"Legal"},"number":"12","foreignNames":[{"language":"Chinese Traditional","name":"戰墓食屍鬼"},{"language":"Chinese Simplified","name":"战墓食尸鬼"},{"language":"French","name":"Goule du diregraf"},{"language":"German","name":"Düstergrab-Ghul"},{"language":"Italian","name":"Ghoul del Cimitero di Guerra"},{"language":"Japanese","name":"戦墓のグール"},{"language":"Portuguese (Brazil)","name":"Carniçal do Cemitério do Terror"},{"language":"Russian","name":"Упырь с Места Резни"},{"language":"Spanish","name":"Necrófaga de la tumbanefasta"}],"source":"Innistrad Game Day participation bonus","imageName":"diregraf ghoul","printings":["Magic Game Day","Innistrad"],"releaseDate":"2011-10-29"},{"layout":"normal","type":"Creature — Dryad Soldier","types":["Creature"],"colors":["White","Green"],"name":"Dryad Militant","rarity":"Special","subtypes":["Dryad","Soldier"],"power":"2","toughness":"1","cmc":1,"manaCost":"{G/W}","text":"If an instant or sorcery card would be put into a graveyard from anywhere, exile it instead.","artist":"Ryan Pancoast","rulings":[{"date":"2012-10-01","text":"If an instant or sorcery spell destroys Dryad Militant directly (like Murder does), that instant or sorcery card will be put into its owner's graveyard. However, if an instant or sorcery card deals lethal damage to Dryad Militant, Dryad Militant will remain on the battlefield until the next time state-based actions are checked, which is after the instant or sorcery finishes resolving. The instant or sorcery will be exiled."},{"date":"2012-10-01","text":"If an instant or sorcery card is discarded while Dryad Militant is on the battlefield, abilities that function when a card is discarded (such as madness) still work, even though that card never reaches a graveyard. In addition, spells or abilities that check the characteristics of a discarded card (such as Chandra Ablaze's first ability) can find that card in exile."}],"legalities":{"Modern":"Legal","Return to Ravnica Block":"Legal","Legacy":"Legal","Vintage":"Legal","Freeform":"Legal","Prismatic":"Legal","Tribal Wars Legacy":"Legal","Tribal Wars Standard":"Legal","Singleton 100":"Legal","Commander":"Legal"},"number":"23","foreignNames":[{"language":"Chinese Traditional","name":"好鬥樹靈"},{"language":"Chinese Simplified","name":"好斗树灵"},{"language":"French","name":"Militante dryade"},{"language":"German","name":"Militante Dryade"},{"language":"Italian","name":"Driade Militante"},{"language":"Japanese","name":"ドライアドの闘士"},{"language":"Korean","name":"호전적 드라이어드"},{"language":"Portuguese (Brazil)","name":"Militante Dríade"},{"language":"Russian","name":"Воинственная Дриада"},{"language":"Spanish","name":"Dríada militante"}],"source":"Return to Ravnica Game Day participation bonus","imageName":"dryad militant","printings":["Magic Game Day","Return to Ravnica"],"releaseDate":"2012-10-27"},{"layout":"normal","type":"Creature — Treefolk","types":["Creature"],"colors":["Green"],"name":"Dungrove Elder","rarity":"Special","subtypes":["Treefolk"],"power":"*","toughness":"*","cmc":3,"manaCost":"{2}{G}","text":"Hexproof (This creature can't be the target of spells or abilities your opponents control.)\nDungrove Elder's power and toughness are each equal to the number of Forests you control.","artist":"Scott Chou","rulings":[{"date":"2011-09-22","text":"Dungrove Elder's power and toughness are each equal to the number of lands you control with the land type Forest, not necessarily lands named Forest."},{"date":"2011-09-22","text":"Dungrove Elder's power and toughness will change as the number of Forests you control changes."},{"date":"2011-09-22","text":"Dungrove Elder's ability sets its power and toughness in all zones, not just the battlefield."}],"legalities":{"Modern":"Legal","Legacy":"Legal","Vintage":"Legal","Freeform":"Legal","Prismatic":"Legal","Tribal Wars Legacy":"Legal","Singleton 100":"Legal","Commander":"Legal"},"number":"11","foreignNames":[{"language":"Chinese Traditional","name":"丘叢長老"},{"language":"Chinese Simplified","name":"丘丛长老"},{"language":"French","name":"Doyen de Brunbosquet"},{"language":"German","name":"Ältester des Dunkelhags"},{"language":"Italian","name":"Anziano di Selva Tetra"},{"language":"Japanese","name":"ダングローブの長老"},{"language":"Portuguese (Brazil)","name":"Ancião Bosque Pardo"},{"language":"Russian","name":"Старейшина Племени Дангровов"},{"language":"Spanish","name":"Anciano de Arboleda Parda"}],"source":"Magic 2012 Game Day prize","imageName":"dungrove elder","printings":["Magic Game Day","Magic 2012"],"releaseDate":"2011-08-13"},{"layout":"normal","type":"Creature — Human Soldier","types":["Creature"],"colors":["White"],"name":"Elite Inquisitor","rarity":"Special","subtypes":["Human","Soldier"],"power":"2","toughness":"2","cmc":2,"manaCost":"{W}{W}","text":"First strike, vigilance\nProtection from Vampires, from Werewolves, and from Zombies","artist":"Igor Kieryluk","legalities":{"Modern":"Legal","Innistrad Block":"Legal","Legacy":"Legal","Vintage":"Legal","Freeform":"Legal","Prismatic":"Legal","Tribal Wars Legacy":"Legal","Tribal Wars Standard":"Legal","Singleton 100":"Legal","Commander":"Legal"},"number":"13","foreignNames":[{"language":"Chinese Traditional","name":"精英審判官"},{"language":"Chinese Simplified","name":"精英审判官"},{"language":"French","name":"Inquisiteur d'élite"},{"language":"German","name":"Elite-Inquisitor"},{"language":"Italian","name":"Inquisitore Scelto"},{"language":"Japanese","name":"精鋭の審問官"},{"language":"Portuguese (Brazil)","name":"Inquisidor de Elite"},{"language":"Russian","name":"Элитный Инквизитор"},{"language":"Spanish","name":"Inquisidor de élite"}],"source":"Innistrad Game Day prize","imageName":"elite inquisitor","printings":["Magic Game Day","Innistrad"],"releaseDate":"2011-10-29"},{"layout":"normal","type":"Creature — Angel","types":["Creature"],"colors":["White","Red"],"name":"Firemane Avenger","rarity":"Special","subtypes":["Angel"],"power":"3","toughness":"3","cmc":4,"manaCost":"{2}{R}{W}","text":"Flying\nBattalion — Whenever Firemane Avenger and at least two other creatures attack, Firemane Avenger deals 3 damage to target creature or player and you gain 3 life.","artist":"Ryan Barger","rulings":[{"date":"2013-01-24","text":"If the target creature or player is an illegal target when Firemane Avenger's battalion ability tries to resolve, the ability will be countered and none of its effects will happen. You won't gain life."},{"date":"2013-01-24","text":"If Firemane Avenger's battalion ability resolves but some or all of the damage is prevented, you'll still gain 3 life."},{"date":"2013-04-15","text":"The three attacking creatures don't have to be attacking the same player or planeswalker."},{"date":"2013-04-15","text":"Once a battalion ability has triggered, it doesn't matter how many creatures are still attacking when that ability resolves."},{"date":"2013-04-15","text":"The effects of battalion abilities vary from card to card. Read each card carefully."}],"legalities":{"Modern":"Legal","Return to Ravnica Block":"Legal","Legacy":"Legal","Vintage":"Legal","Freeform":"Legal","Prismatic":"Legal","Tribal Wars Legacy":"Legal","Tribal Wars Standard":"Legal","Singleton 100":"Legal","Commander":"Legal"},"number":"24","foreignNames":[{"language":"Chinese Traditional","name":"炎鬃復仇者"},{"language":"Chinese Simplified","name":"炎鬃复仇者"},{"language":"French","name":"Vengeresse crinefeu"},{"language":"German","name":"Feuerschweif-Rächerin"},{"language":"Italian","name":"Vendicatrice Chioma di Fuoco"},{"language":"Japanese","name":"炎まといの報復者"},{"language":"Korean","name":"불꽃갈기 응징자"},{"language":"Portuguese (Brazil)","name":"Vingador Cabeleira de Fogo"},{"language":"Russian","name":"Огнегривая Мстительница"},{"language":"Spanish","name":"Vengadora melenafuego"}],"source":"Gatecrash Game Day prize","imageName":"firemane avenger","printings":["Magic Game Day","Gatecrash"],"releaseDate":"2013-02-23"},{"layout":"normal","type":"Creature — Goblin","types":["Creature"],"colors":["Red"],"name":"Goblin Diplomats","rarity":"Special","subtypes":["Goblin"],"power":"2","toughness":"1","cmc":2,"manaCost":"{1}{R}","text":"{T}: Each creature attacks this turn if able.","artist":"Jesper Ejsing","rulings":[{"date":"2013-07-01","text":"The controller of each creature still decides which player or planeswalker that creature attacks."},{"date":"2013-07-01","text":"Creatures that enter the battlefield (or noncreature permanents that become creatures) after the ability resolves are affected by the ability and must attack if able."},{"date":"2013-07-01","text":"If, during a player’s declare attackers step, a creature is tapped, is affected by a spell or ability that says it can’t attack, or hasn’t been under that player’s control continuously since the turn began (and doesn’t have haste), then it doesn’t attack. If there’s a cost associated with having a creature attack, the player isn’t forced to pay that cost, so it doesn’t have to attack in that case either."}],"legalities":{"Modern":"Legal","Legacy":"Legal","Vintage":"Legal","Freeform":"Legal","Prismatic":"Legal","Tribal Wars Legacy":"Legal","Tribal Wars Standard":"Legal","Singleton 100":"Legal","Commander":"Legal"},"number":"29","foreignNames":[{"language":"Chinese Traditional","name":"鬼怪外交官"},{"language":"Chinese Simplified","name":"鬼怪外交官"},{"language":"French","name":"Diplomates gobelins"},{"language":"German","name":"Goblin-Diplomaten"},{"language":"Italian","name":"Diplomatici Goblin"},{"language":"Japanese","name":"ゴブリンの外交官"},{"language":"Korean","name":"고블린 외교관"},{"language":"Portuguese","name":"Diplomatas Goblins"},{"language":"Russian","name":"Гоблины-Дипломаты"},{"language":"Spanish","name":"Diplomáticos trasgos"}],"source":"Magic 2014 Game Day prize","imageName":"goblin diplomats","printings":["Magic Game Day","Magic 2014 Core Set"],"releaseDate":"2013-08-10"},{"layout":"normal","supertypes":["Legendary"],"type":"Legendary Artifact","types":["Artifact"],"name":"Hall of Triumph","rarity":"Special","cmc":3,"manaCost":"{3}","text":"As Hall of Triumph enters the battlefield, choose a color.\nCreatures you control of the chosen color get +1/+1.","flavor":"Heroes act without thought of glory or reward. Accolades are a consequence, not a goal.","artist":"Chuck Lukacs","legalities":{"Standard":"Legal","Modern":"Legal","Theros Block":"Legal","Legacy":"Legal","Vintage":"Legal","Freeform":"Legal","Prismatic":"Legal","Tribal Wars Legacy":"Legal","Tribal Wars Standard":"Legal","Singleton 100":"Legal","Commander":"Legal"},"number":"36","foreignNames":[{"language":"Chinese Traditional","name":"凱旋大廳"},{"language":"Chinese Simplified","name":"凯旋大厅"},{"language":"French","name":"Mégaron du triomphe"},{"language":"German","name":"Halle des Triumphes"},{"language":"Italian","name":"Sala del Trionfo"},{"language":"Japanese","name":"凱旋の間"},{"language":"Korean","name":"승리의 전당"},{"language":"Portuguese (Brazil)","name":"Salão do Triunfo"},{"language":"Russian","name":"Триумфальный Зал"},{"language":"Spanish","name":"Sala del triunfo"}],"source":"Journey into Nyx Game Day Special participation bonus","imageName":"hall of triumph","printings":["Magic Game Day","Journey into Nyx"],"releaseDate":"2014-05-24"},{"layout":"normal","type":"Creature — Human Warrior","types":["Creature"],"colors":["Green"],"name":"Heir of the Wilds","rarity":"Special","subtypes":["Human","Warrior"],"power":"2","toughness":"2","cmc":2,"manaCost":"{1}{G}","text":"Deathtouch\nFerocious — Whenever Heir of the Wilds attacks, if you control a creature with power 4 or greater, Heir of the Wilds gets +1/+1 until end of turn.","flavor":"In the high caves of the Qal Sisma mountains, young hunters quest to hear the echoes of their fierce ancestors.","artist":"David Palumbo","legalities":{"Standard":"Legal","Modern":"Legal","Legacy":"Legal","Vintage":"Legal","Freeform":"Legal","Prismatic":"Legal","Tribal Wars Legacy":"Legal","Singleton 100":"Legal","Commander":"Legal"},"number":"37","foreignNames":[{"language":"Chinese Traditional","name":"蠻荒傳人"},{"language":"Chinese Simplified","name":"蛮荒传人"},{"language":"French","name":"Héritier des terres sauvages"},{"language":"German","name":"Erbe der Wildnis"},{"language":"Italian","name":"Erede delle Terre Selvagge"},{"language":"Japanese","name":"荒野の後継者"},{"language":"Korean","name":"야생의 계승자"},{"language":"Portuguese (Brazil)","name":"Herdeiro do Mundo Selvagem"},{"language":"Russian","name":"Наследник Дебрей"},{"language":"Spanish","name":"Heredero de las tierras salvajes"}],"source":"Khans of Tarkir Game Day participation bonus","imageName":"heir of the wilds","printings":["Magic Game Day","Khans of Tarkir"],"releaseDate":"2014-10-18","rulings":[{"date":"2014-09-20","text":"Heir of the Wilds has a triggered ferocious ability with an intervening “if” clause. That ability will check if you control a creature with power 4 or greater whenever Heir of the Wilds attacks. If you don’t at that time, the ability won’t trigger at all. If it triggers, the ability will also check if you control a creature with power 4 or greater as it resolves. If you don’t at that time, the ability won’t do anything. Note that the creature with power 4 or greater you control as the ability triggers doesn’t necessarily have to be the same one you control as the ability resolves."},{"date":"2014-09-20","text":"Some ferocious abilities that appear on instants and sorceries use the word “instead.” These spells have an upgraded effect if you control a creature with power 4 or greater as they resolve. For these, you only get the upgraded effect, not both effects."},{"date":"2014-09-20","text":"Ferocious abilities of instants and sorceries that don’t use the word “instead” will provide an additional effect if you control a creature with power 4 or greater as they resolve."}]},{"layout":"normal","type":"Sorcery","types":["Sorcery"],"colors":["White"],"name":"Hive Stirrings","rarity":"Special","cmc":3,"manaCost":"{2}{W}","text":"Put two 1/1 colorless Sliver creature tokens onto the battlefield.","artist":"Johann Bodin","rulings":[{"date":"2013-07-01","text":"If you change the creature type of a Sliver you control so it’s no longer a Sliver, it will no longer be affected by its own ability. Its ability will continue to affect other Sliver creatures you control."},{"date":"2013-07-01","text":"Abilities that Slivers grant, as well as power/toughness boosts, are cumulative. However, for some abilities, like flying, having more than one instance of the ability doesn’t provide any additional benefit."}],"legalities":{"Modern":"Legal","Legacy":"Legal","Vintage":"Legal","Freeform":"Legal","Prismatic":"Legal","Tribal Wars Legacy":"Legal","Tribal Wars Standard":"Legal","Singleton 100":"Legal","Commander":"Legal"},"number":"28","foreignNames":[{"language":"Chinese Traditional","name":"巢穴醒生"},{"language":"Chinese Simplified","name":"巢穴醒生"},{"language":"French","name":"Frémissements de l'essaim"},{"language":"German","name":"Regung des Schwarms"},{"language":"Italian","name":"Alveare in Agitazione"},{"language":"Japanese","name":"巣の活性化"},{"language":"Korean","name":"군락의 요동"},{"language":"Portuguese","name":"Agitações na Colônia"},{"language":"Russian","name":"Пробуждение Улья"},{"language":"Spanish","name":"Conmoción en la colmena"}],"source":"Magic 2014 Game Day participation bonus","imageName":"hive stirrings","printings":["Magic Game Day","Magic 2014 Core Set"],"releaseDate":"2013-09-10"},{"layout":"normal","type":"Sorcery","types":["Sorcery"],"colors":["Black"],"name":"Killing Wave","rarity":"Special","cmc":1,"manaCost":"{X}{B}","text":"For each creature, its controller sacrifices it unless he or she pays X life.","artist":"Michael Komarck","rulings":[{"date":"2012-05-01","text":"First, the active player chooses whether to pay X life for each creature he or she controls. Then each other player in turn order chooses for his or her creatures. Then each player pays life and sacrifices creatures at the same time. Players will know the decisions of players who chose before them."},{"date":"2012-05-01","text":"A player may choose to pay life for some creatures and sacrifice the rest. It's not an all-or-nothing decision."},{"date":"2012-05-01","text":"You can't pay more life than you have."},{"date":"2012-05-01","text":"If you can't sacrifice a creature (perhaps because of Sigarda, Host of Herons), you can choose not to pay life and nothing will happen."}],"legalities":{"Modern":"Legal","Innistrad Block":"Legal","Legacy":"Legal","Vintage":"Legal","Freeform":"Legal","Prismatic":"Legal","Tribal Wars Legacy":"Legal","Tribal Wars Standard":"Legal","Singleton 100":"Legal","Commander":"Legal"},"number":"19","foreignNames":[{"language":"Chinese Traditional","name":"殺生浪潮"},{"language":"Chinese Simplified","name":"杀生浪潮"},{"language":"French","name":"Vague meurtrière"},{"language":"German","name":"Tötungswelle"},{"language":"Italian","name":"Onda Assassina"},{"language":"Japanese","name":"殺戮の波"},{"language":"Korean","name":"살상의 파도"},{"language":"Portuguese (Brazil)","name":"Onda Assassina"},{"language":"Russian","name":"Убийственная Волна"},{"language":"Spanish","name":"Ola asesina"}],"source":"Avacyn Restored Game Day prize","imageName":"killing wave","printings":["Magic Game Day","Avacyn Restored"],"releaseDate":"2012-05-26"},{"layout":"normal","type":"Creature — Merfolk","types":["Creature"],"colors":["Blue","Green"],"name":"Kiora's Follower","rarity":"Special","subtypes":["Merfolk"],"power":"2","toughness":"2","cmc":2,"manaCost":"{G}{U}","text":"{T}: Untap another target permanent.","artist":"Steve Prescott","legalities":{"Standard":"Legal","Modern":"Legal","Theros Block":"Legal","Legacy":"Legal","Vintage":"Legal","Freeform":"Legal","Prismatic":"Legal","Tribal Wars Legacy":"Legal","Tribal Wars Standard":"Legal","Singleton 100":"Legal","Commander":"Legal"},"number":"33","foreignNames":[{"language":"Chinese Traditional","name":"奇奧拉的追隨者"},{"language":"Chinese Simplified","name":"奇奥拉的追随者"},{"language":"French","name":"Fidèle de Kiora"},{"language":"German","name":"Kioras Jünger"},{"language":"Italian","name":"Seguace di Kiora"},{"language":"Japanese","name":"キオーラの追随者"},{"language":"Korean","name":"키오라의 추종자"},{"language":"Portuguese (Brazil)","name":"Seguidor de Kiora"},{"language":"Russian","name":"Последователь Киоры"},{"language":"Spanish","name":"Seguidor de Kiora"}],"source":"Born of the Gods Game Day participation bonus","imageName":"kiora's follower","printings":["Magic Game Day","Born of the Gods"],"releaseDate":"2014-03-01"},{"layout":"normal","type":"Creature — Spirit","types":["Creature"],"colors":["Blue"],"name":"Latch Seeker","rarity":"Special","subtypes":["Spirit"],"power":"3","toughness":"1","cmc":3,"manaCost":"{1}{U}{U}","text":"Latch Seeker can't be blocked.","artist":"Eytan Zana","legalities":{"Modern":"Legal","Innistrad Block":"Legal","Legacy":"Legal","Vintage":"Legal","Freeform":"Legal","Prismatic":"Legal","Tribal Wars Legacy":"Legal","Tribal Wars Standard":"Legal","Singleton 100":"Legal","Commander":"Legal"},"number":"18","foreignNames":[{"language":"Chinese Traditional","name":"覓錮魂"},{"language":"Chinese Simplified","name":"觅锢魂"},{"language":"French","name":"Chercheur de verrou"},{"language":"German","name":"Riegelsucher"},{"language":"Italian","name":"Cercatore di Chiavistelli"},{"language":"Japanese","name":"掛け金探し"},{"language":"Korean","name":"걸쇠 사냥꾼"},{"language":"Portuguese (Brazil)","name":"Buscador de Tranca"},{"language":"Russian","name":"Искатель Укрытий"},{"language":"Spanish","name":"Buscador de cerrojos"}],"source":"Avacyn Restored Game Day participation bonus","imageName":"latch seeker","printings":["Magic Game Day","Avacyn Restored"],"releaseDate":"2012-05-26"},{"layout":"normal","type":"Creature — Specter","types":["Creature"],"colors":["Black"],"name":"Liliana's Specter","rarity":"Special","subtypes":["Specter"],"power":"2","toughness":"1","cmc":3,"manaCost":"{1}{B}{B}","text":"Flying\nWhen Liliana's Specter enters the battlefield, each opponent discards a card.","artist":"Jaime Jones","legalities":{"Modern":"Legal","Legacy":"Legal","Vintage":"Legal","Freeform":"Legal","Prismatic":"Legal","Tribal Wars Legacy":"Legal","Singleton 100":"Legal","Commander":"Legal"},"number":"2","foreignNames":[{"language":"Chinese Traditional","name":"莉蓮娜僕幽靈"},{"language":"Chinese Simplified","name":"莉莲娜仆幽灵"},{"language":"French","name":"Spectre de Liliana"},{"language":"German","name":"Lilianas Specter"},{"language":"Italian","name":"Spettro di Liliana"},{"language":"Japanese","name":"リリアナの死霊"},{"language":"Portuguese (Brazil)","name":"Espectro de Liliana"},{"language":"Russian","name":"Призрак Лилианы"},{"language":"Spanish","name":"Espectro de Liliana"}],"source":"M11 Game Day participation bonus","imageName":"liliana's specter","printings":["Magic Game Day","Magic 2011","Planechase 2012 Edition","Magic: The Gathering—Conspiracy"],"releaseDate":"2010-08-14"},{"layout":"normal","type":"Instant","types":["Instant"],"colors":["Red"],"name":"Magmaquake","rarity":"Special","cmc":2,"manaCost":"{X}{R}{R}","text":"Magmaquake deals X damage to each creature without flying and each planeswalker.","artist":"Sam Burley","rulings":[{"date":"2012-07-01","text":"Magmaquake doesn't target any creature or planeswalker. For example, it will deal damage to a creature without flying that has hexproof."}],"legalities":{"Modern":"Legal","Legacy":"Legal","Vintage":"Legal","Freeform":"Legal","Prismatic":"Legal","Tribal Wars Legacy":"Legal","Tribal Wars Standard":"Legal","Singleton 100":"Legal","Commander":"Legal"},"number":"20","foreignNames":[{"language":"Chinese Traditional","name":"岩漿暴震"},{"language":"Chinese Simplified","name":"岩浆暴震"},{"language":"French","name":"Tremblement de lave"},{"language":"German","name":"Magmabeben"},{"language":"Italian","name":"Magmamoto"},{"language":"Japanese","name":"溶岩震"},{"language":"Korean","name":"마그마 지진"},{"language":"Portuguese (Brazil)","name":"Magmamoto"},{"language":"Russian","name":"Магматрясение"},{"language":"Spanish","name":"Magmamoto"}],"source":"Magic 2013 Game Day prize","imageName":"magmaquake","printings":["Magic Game Day","Magic 2013","Commander 2014"],"releaseDate":"2012-08-04"},{"layout":"normal","supertypes":["Legendary"],"type":"Legendary Creature — Weird Wizard","types":["Creature"],"colors":["Blue","Red"],"name":"Melek, Izzet Paragon","rarity":"Special","subtypes":["Weird","Wizard"],"power":"2","toughness":"4","cmc":6,"manaCost":"{4}{U}{R}","text":"Play with the top card of your library revealed.\nYou may cast the top card of your library if it's an instant or sorcery card.\nWhenever you cast an instant or sorcery spell from your library, copy it. You may choose new targets for the copy.","artist":"Johann Bodin","rulings":[{"date":"2013-04-15","text":"Melek doesn't affect the timing rules associated with when you can cast the card. If it's a sorcery card, you can cast it only during your main phase when the stack is empty."},{"date":"2013-04-15","text":"You still pay all costs for that spell, including additional costs. You may also pay alternative costs, such as overload costs. Although you can't pay additional costs for the copy that's created, effects based on any additional costs that were paid for the original spell are copied as though those same costs were paid for the copy too. For example, if a player sacrifices a 3/3 creature to cast Fling, and you copy it, the copy of Fling will also deal 3 damage to its target."},{"date":"2013-04-15","text":"Melek's last ability will copy any instant or sorcery spell you cast from your library, not just one with targets."},{"date":"2013-04-15","text":"When the last ability resolves, it creates a copy of the spell. You control the copy. That copy is created on the stack, so it's not “cast.” Abilities that trigger when a player casts a spell won't trigger. The copy will then resolve like a normal spell, after players get a chance to cast spells and activate abilities."},{"date":"2013-04-15","text":"The copy will have the same targets as the spell it's copying unless you choose new ones. You may change any number of the targets, including all of them or none of them. If, for one of the targets, you can't choose a new legal target, then it remains unchanged (even if the current target is illegal)."},{"date":"2013-04-15","text":"If the spell being copied is modal (that is, it says “Choose one —” or the like), the copy will have the same mode. You can't choose a different one."},{"date":"2013-04-15","text":"If the spell being copied has an X whose value was determined as it was cast (like Debt to the Deathless has), the copy has the same value of X."},{"date":"2013-04-15","text":"Instant and sorcery cards with miracle allow a player to cast a card immediately upon drawing it. If you cast a spell this way, you're casting it from your hand, not your library. Melek's ability won't trigger."},{"date":"2013-04-15","text":"The top card of your library isn't in your hand, so you can't suspend it, cycle it, discard it, or activate any of its activated abilities."},{"date":"2013-04-15","text":"If the top card of your library changes while you're casting a spell or activating an ability, the new top card won't be revealed until you finish casting that spell or activating that ability."},{"date":"2013-04-15","text":"When playing with the top card of your library revealed, if an effect tells you to draw several cards, reveal each one before you draw it."}],"legalities":{"Modern":"Legal","Return to Ravnica Block":"Legal","Legacy":"Legal","Vintage":"Legal","Freeform":"Legal","Prismatic":"Legal","Tribal Wars Legacy":"Legal","Tribal Wars Standard":"Legal","Singleton 100":"Legal","Commander":"Legal"},"number":"26","foreignNames":[{"language":"Chinese Traditional","name":"伊捷守護者梅列克"},{"language":"Chinese Simplified","name":"伊捷守护者梅列克"},{"language":"French","name":"Melek, Parangon d'Izzet"},{"language":"German","name":"Melek, Paragon der Izzet"},{"language":"Italian","name":"Melek, Archetipo Izzet"},{"language":"Japanese","name":"イゼットの模範、メーレク"},{"language":"Korean","name":"이젯의 정수 멜렉"},{"language":"Russian","name":"Мелек, Эталон Иззетов"},{"language":"Spanish","name":"Mélek, ejemplar ízzet"}],"source":"Dragon's Maze Game Day prize","imageName":"melek, izzet paragon","printings":["Magic Game Day","Dragon's Maze"],"releaseDate":"2013-05-25"},{"layout":"normal","type":"Artifact Creature — Construct","types":["Artifact","Creature"],"name":"Memnite","rarity":"Special","subtypes":["Construct"],"power":"1","toughness":"1","manaCost":"{0}","cmc":0,"flavor":"Reminders of Memnarch's reign still skirr across Mirrodin, reminiscent of his form if not his power.","artist":"rk post","legalities":{"Modern":"Legal","Scars of Mirrodin Block":"Legal","Legacy":"Legal","Vintage":"Legal","Freeform":"Legal","Prismatic":"Legal","Tribal Wars Legacy":"Legal","Singleton 100":"Legal","Commander":"Legal"},"number":"4","foreignNames":[{"language":"Chinese Traditional","name":"蒙納獸"},{"language":"Chinese Simplified","name":"蒙纳兽"},{"language":"German","name":"Memnit"},{"language":"Italian","name":"Memnito"},{"language":"Japanese","name":"メムナイト"},{"language":"Portuguese (Brazil)","name":"Memnito"},{"language":"Russian","name":"Мемнит"},{"language":"Spanish","name":"Memnita"}],"source":"Scars of Mirrodin Game Day participation bonus","imageName":"memnite","printings":["Magic Game Day","Scars of Mirrodin"],"releaseDate":"2010"},{"layout":"normal","type":"Creature — Ooze","types":["Creature"],"colors":["Green"],"name":"Mitotic Slime","rarity":"Special","subtypes":["Ooze"],"power":"4","toughness":"4","cmc":5,"manaCost":"{4}{G}","text":"When Mitotic Slime dies, put two 2/2 green Ooze creature tokens onto the battlefield. They have \"When this creature dies, put two 1/1 green Ooze creature tokens onto the battlefield.\"","artist":"Ron Spencer","legalities":{"Modern":"Legal","Legacy":"Legal","Vintage":"Legal","Freeform":"Legal","Prismatic":"Legal","Tribal Wars Legacy":"Legal","Singleton 100":"Legal","Commander":"Legal"},"number":"3","foreignNames":[{"language":"Chinese Traditional","name":"絲裂黏菌"},{"language":"Chinese Simplified","name":"丝裂黏菌"},{"language":"French","name":"Boue mitotique"},{"language":"German","name":"Mitotischer Schleim"},{"language":"Italian","name":"Melma Mitotica"},{"language":"Japanese","name":"分裂するスライム"},{"language":"Portuguese (Brazil)","name":"Gosma Mitótica"},{"language":"Russian","name":"Митотическая Слизь"},{"language":"Spanish","name":"Fango mitótico"}],"source":"M11 Game Day prize","imageName":"mitotic slime","printings":["Magic Game Day","Magic 2011","Planechase 2012 Edition"],"releaseDate":"2010-08-14"},{"layout":"normal","type":"Creature — Human Scout","types":["Creature"],"colors":["Green"],"name":"Mwonvuli Beast Tracker","rarity":"Special","subtypes":["Human","Scout"],"power":"2","toughness":"1","cmc":3,"manaCost":"{1}{G}{G}","text":"When Mwonvuli Beast Tracker enters the battlefield, search your library for a creature card with deathtouch, hexproof, reach, or trample and reveal it. Shuffle your library and put that card on top of it.","artist":"Jason A. Engle","rulings":[{"date":"2012-07-01","text":"The creature card must have one of the listed abilities, not an ability that grants one of the listed abilities to the creature. For example, you couldn't put Prized Elephant, which has \"{G}: Prized Elephant gains trample until end of turn,\" on top of your library this way."}],"legalities":{"Modern":"Legal","Legacy":"Legal","Vintage":"Legal","Freeform":"Legal","Prismatic":"Legal","Tribal Wars Legacy":"Legal","Tribal Wars Standard":"Legal","Singleton 100":"Legal","Commander":"Legal"},"number":"21","foreignNames":[{"language":"Chinese Traditional","name":"木萬弗黎偵獵手"},{"language":"Chinese Simplified","name":"木万弗黎侦猎手"},{"language":"French","name":"Traqueuse de bête de la Mwônvouli"},{"language":"German","name":"Mwonvuli-Bestienfängerin"},{"language":"Italian","name":"Battipista Mwonvuli"},{"language":"Japanese","name":"ムウォンヴーリーの獣記し"},{"language":"Korean","name":"몬불리 야수추적꾼"},{"language":"Portuguese (Brazil)","name":"Rastreador de Feras de Mwonvuli"},{"language":"Russian","name":"Охотница Мвонвули"},{"language":"Spanish","name":"Rastreadora de bestias de Mwonvuli"}],"source":"Magic 2013 Game Day participation bonus","imageName":"mwonvuli beast tracker","printings":["Magic Game Day","Magic 2013"],"releaseDate":"2012-08-04"},{"layout":"normal","type":"Artifact Creature — Myr","types":["Artifact","Creature"],"name":"Myr Superion","rarity":"Special","subtypes":["Myr"],"power":"5","toughness":"6","cmc":2,"manaCost":"{2}","text":"Spend only mana produced by creatures to cast Myr Superion.","artist":"Greg Staples","rulings":[{"date":"2011-06-01","text":"Myr Superion can be cast only with mana produced by the abilities of one or more creatures on the battlefield (such as Alloy Myr or Priest of Urabrask in this set)."},{"date":"2011-06-01","text":"Mana produced by abilities of creature cards not on the battlefield, such as Chancellor of the Tangle or Elvish Spirit Guide, can't be used to cast Myr Superion."}],"legalities":{"Modern":"Legal","Scars of Mirrodin Block":"Legal","Legacy":"Legal","Vintage":"Legal","Freeform":"Legal","Prismatic":"Legal","Tribal Wars Legacy":"Legal","Singleton 100":"Legal","Commander":"Legal"},"number":"8","foreignNames":[{"language":"Chinese Traditional","name":"精壯秘耳"},{"language":"Chinese Simplified","name":"精壮秘耳"},{"language":"French","name":"Superion myr"},{"language":"German","name":"Übermyr"},{"language":"Japanese","name":"マイアの超越種"},{"language":"Russian","name":"Суперион Миэров"},{"language":"Spanish","name":"Superión myr"}],"source":"New Phyrexia Game Day prize","imageName":"myr superion","printings":["Magic Game Day","New Phyrexia"],"releaseDate":"2011-06-11"},{"layout":"normal","type":"Enchantment Creature — Horror","types":["Enchantment","Creature"],"colors":["Black"],"name":"Nighthowler","rarity":"Special","subtypes":["Horror"],"power":"0","toughness":"0","cmc":3,"manaCost":"{1}{B}{B}","text":"Bestow {2}{B}{B} (If you cast this card for its bestow cost, it's an Aura spell with enchant creature. It becomes a creature again if it's not attached to a creature.)\nNighthowler and enchanted creature each get +X/+X, where X is the number of creature cards in all graveyards.","artist":"Seb McKinnon","rulings":[{"date":"2013-09-15","text":"Nighthowler’s last ability functions only from the battlefield. In other zones, Nighthowler is a 0/0 enchantment creature."},{"date":"2013-09-15","text":"You don’t choose whether the spell is going to be an Aura spell or not until the spell is already on the stack. Abilities that affect when you can cast a spell, such as flash, will apply to the creature card in whatever zone you’re casting it from. For example, an effect that said you can cast creature spells as though they have flash will allow you to cast a creature card with bestow as an Aura spell anytime you could cast an instant."},{"date":"2013-09-15","text":"On the stack, a spell with bestow is either a creature spell or an Aura spell. It’s never both, although it’s an enchantment spell in either case."},{"date":"2013-09-15","text":"Unlike other Aura spells, an Aura spell with bestow isn’t countered if its target is illegal as it begins to resolve. Rather, the effect making it an Aura spell ends, it loses enchant creature, it returns to being an enchantment creature spell, and it resolves and enters the battlefield as an enchantment creature."},{"date":"2013-09-15","text":"Unlike other Auras, an Aura with bestow isn’t put into its owner’s graveyard if it becomes unattached. Rather, the effect making it an Aura ends, it loses enchant creature, and it remains on the battlefield as an enchantment creature. It can attack (and its {T} abilities can be activated, if it has any) on the turn it becomes unattached if it’s been under your control continuously, even as an Aura, since your most recent turn began."},{"date":"2013-09-15","text":"If a permanent with bestow enters the battlefield by any method other than being cast, it will be an enchantment creature. You can’t choose to pay the bestow cost and have it become an Aura."},{"date":"2013-09-15","text":"Auras attached to a creature don’t become tapped when the creature becomes tapped. Except in some rare cases, an Aura with bestow remains untapped when it becomes unattached and becomes a creature."},{"date":"2013-09-15","text":"An Aura that becomes a creature is no longer put into its owner’s graveyard as a state-based action. Rather, it becomes unattached and remains on the battlefield as long as it’s a creature. While it’s a creature, it can’t be attached to another permanent or player. An Aura that’s not attached to a legal permanent or player as defined by its enchant ability and also isn’t a creature will be put into its owner’s graveyard as a state-based action."}],"legalities":{"Standard":"Legal","Modern":"Legal","Theros Block":"Legal","Legacy":"Legal","Vintage":"Legal","Freeform":"Legal","Prismatic":"Legal","Tribal Wars Legacy":"Legal","Tribal Wars Standard":"Legal","Singleton 100":"Legal","Commander":"Legal"},"number":"31","foreignNames":[{"language":"Chinese Traditional","name":"夜嚎怪"},{"language":"Chinese Simplified","name":"夜嚎怪"},{"language":"French","name":"Hurlenuit"},{"language":"German","name":"Nachtheuler"},{"language":"Italian","name":"Ululatore Notturno"},{"language":"Japanese","name":"夜の咆哮獣"},{"language":"Korean","name":"울부짖는 밤야수"},{"language":"Portuguese (Brazil)","name":"Uivador Noturno"},{"language":"Russian","name":"Воющий в Ночи"},{"language":"Spanish","name":"Aullador nocturno"}],"source":"Theros Game Day prize","imageName":"nighthowler","printings":["Magic Game Day","Theros"],"releaseDate":"2013-10-19"},{"layout":"normal","type":"Creature — Human Wizard","types":["Creature"],"colors":["Black"],"name":"Pain Seer","rarity":"Special","subtypes":["Human","Wizard"],"power":"2","toughness":"2","cmc":2,"manaCost":"{1}{B}","text":"Inspired — Whenever Pain Seer becomes untapped, reveal the top card of your library and put that card into your hand. You lose life equal to that card's converted mana cost.","artist":"Mark Winters","rulings":[{"date":"2014-02-01","text":"If the mana cost of the revealed card includes {X}, X is considered to be 0."},{"date":"2014-02-01","text":"If the revealed card doesn’t have a mana cost (because it’s a land card, for example), its converted mana cost is 0."},{"date":"2014-02-01","text":"Split cards in your library have two converted costs, one for each half. If you reveal a split card this way, you’ll lose life equal to the sum of those converted mana costs."},{"date":"2014-02-01","text":"Inspired abilities trigger no matter how the creature becomes untapped: by the turn-based action at the beginning of the untap step or by a spell or ability."},{"date":"2014-02-01","text":"If an inspired ability triggers during your untap step, the ability will be put on the stack at the beginning of your upkeep. If the ability creates one or more token creatures, those creatures won’t be able to attack that turn (unless they gain haste)."},{"date":"2014-02-01","text":"Inspired abilities don’t trigger when the creature enters the battlefield."},{"date":"2014-02-01","text":"If the inspired ability includes an optional cost, you decide whether to pay that cost as the ability resolves. You can do this even if the creature leaves the battlefield in response to the ability."}],"legalities":{"Standard":"Legal","Modern":"Legal","Theros Block":"Legal","Legacy":"Legal","Vintage":"Legal","Freeform":"Legal","Prismatic":"Legal","Tribal Wars Legacy":"Legal","Tribal Wars Standard":"Legal","Singleton 100":"Legal","Commander":"Legal"},"number":"32","foreignNames":[{"language":"Chinese Traditional","name":"苦痛預言師"},{"language":"Chinese Simplified","name":"苦痛预言师"},{"language":"French","name":"Voyant de douleur"},{"language":"German","name":"Schmerzseher"},{"language":"Italian","name":"Veggente del Dolore"},{"language":"Japanese","name":"苦痛の予見者"},{"language":"Korean","name":"고통의 예언자"},{"language":"Portuguese (Brazil)","name":"Vidente da Dor"},{"language":"Russian","name":"Провидец Боли"},{"language":"Spanish","name":"Vidente del dolor"}],"source":"Born of the Gods Game Day prize","imageName":"pain seer","printings":["Magic Game Day","Born of the Gods"],"releaseDate":"2014-03-01"},{"layout":"normal","type":"Creature — Human Soldier","types":["Creature"],"colors":["White"],"name":"Phalanx Leader","rarity":"Special","subtypes":["Human","Soldier"],"power":"1","toughness":"1","cmc":2,"manaCost":"{W}{W}","text":"Heroic — Whenever you cast a spell that targets Phalanx Leader, put a +1/+1 counter on each creature you control.","artist":"Raymond Swanland","rulings":[{"date":"2013-09-15","text":"Heroic abilities will resolve before the spell that caused them to trigger."},{"date":"2013-09-15","text":"Heroic abilities will trigger only once per spell, even if that spell targets the creature with the heroic ability multiple times."},{"date":"2013-09-15","text":"Heroic abilities won’t trigger when a copy of a spell is created on the stack or when a spell’s targets are changed to include a creature with a heroic ability."}],"legalities":{"Standard":"Legal","Modern":"Legal","Theros Block":"Legal","Legacy":"Legal","Vintage":"Legal","Freeform":"Legal","Prismatic":"Legal","Tribal Wars Legacy":"Legal","Tribal Wars Standard":"Legal","Singleton 100":"Legal","Commander":"Legal"},"number":"30","foreignNames":[{"language":"Chinese Traditional","name":"方陣兵團隊長"},{"language":"Chinese Simplified","name":"方阵兵团队长"},{"language":"French","name":"Chef de phalange"},{"language":"German","name":"Phalanx-Anführer"},{"language":"Italian","name":"Capo della Falange"},{"language":"Japanese","name":"密集軍の指揮者"},{"language":"Korean","name":"팔랑크스 지휘관"},{"language":"Portuguese (Brazil)","name":"Líder da Falange"},{"language":"Russian","name":"Командир Фаланги"},{"language":"Spanish","name":"Líder de la Falange"}],"source":"Theros Game Day participation bonus","imageName":"phalanx leader","printings":["Magic Game Day","Theros"],"releaseDate":"2013-10-19"},{"layout":"normal","type":"Creature — Human Cleric","types":["Creature"],"colors":["Red"],"name":"Priest of Urabrask","rarity":"Special","subtypes":["Human","Cleric"],"power":"2","toughness":"1","cmc":3,"manaCost":"{2}{R}","text":"When Priest of Urabrask enters the battlefield, add {R}{R}{R} to your mana pool.","artist":"Clint Cearley","rulings":[{"date":"2011-01-25","text":"You get the mana whether you want it or not. If you don't spend it, it will disappear at the end of the current step (or phase)."}],"legalities":{"Modern":"Legal","Scars of Mirrodin Block":"Legal","Legacy":"Legal","Vintage":"Legal","Freeform":"Legal","Prismatic":"Legal","Tribal Wars Legacy":"Legal","Singleton 100":"Legal","Commander":"Legal"},"number":"9","foreignNames":[{"language":"Chinese Traditional","name":"窪巴司牧師"},{"language":"Chinese Simplified","name":"洼巴司牧师"},{"language":"French","name":"Prêtresse d'Urabrask"},{"language":"German","name":"Urabrasks Priesterin"},{"language":"Italian","name":"Sacerdotessa di Urabrask"},{"language":"Japanese","name":"ウラブラスクの僧侶"},{"language":"Portuguese (Brazil)","name":"Sacerdote de Urabrask"},{"language":"Russian","name":"Жрица Урабраска"},{"language":"Spanish","name":"Sacerdotisa de Úrabrask"}],"source":"New Phyrexia Game Day participation bonus","imageName":"priest of urabrask","printings":["Magic Game Day","New Phyrexia"],"releaseDate":"2011-06-11"},{"layout":"normal","type":"Artifact","types":["Artifact"],"name":"Pristine Talisman","rarity":"Special","cmc":3,"manaCost":"{3}","text":"{T}: Add {1} to your mana pool. You gain 1 life.","flavor":"\"Tools and artisans can be destroyed, but the act of creation is inviolate.\"\n—Elspeth Tirel","artist":"Matt Cavotta","rulings":[{"date":"2011-06-01","text":"Pristine Talisman has a mana ability. Its ability doesn't use the stack and can't be responded to."}],"legalities":{"Modern":"Legal","Scars of Mirrodin Block":"Legal","Legacy":"Legal","Vintage":"Legal","Freeform":"Legal","Prismatic":"Legal","Tribal Wars Legacy":"Legal","Singleton 100":"Legal","Commander":"Legal"},"number":"17","foreignNames":[{"language":"Chinese Traditional","name":"純淨飾符"},{"language":"Chinese Simplified","name":"纯净饰符"},{"language":"French","name":"Talisman immaculé"},{"language":"German","name":"Makelloser Talisman"},{"language":"Italian","name":"Talismano Integro"},{"language":"Japanese","name":"清純のタリスマン"},{"language":"Portuguese (Brazil)","name":"Talismã Imaculado"},{"language":"Russian","name":"Нетронутый Талисман"},{"language":"Spanish","name":"Talismán prístino"}],"source":"Mirrodin Besieged Game Day","imageName":"pristine talisman","printings":["Magic Game Day","New Phyrexia","Commander 2013 Edition","Commander 2014"],"releaseDate":"2011-03-05"},{"layout":"normal","type":"Creature — Elf Shaman","types":["Creature"],"colors":["Green"],"name":"Reclamation Sage","rarity":"Special","subtypes":["Elf","Shaman"],"power":"2","toughness":"1","cmc":3,"manaCost":"{2}{G}","text":"When Reclamation Sage enters the battlefield, you may destroy target artifact or enchantment.","flavor":"\"What was once formed by masons, shaped by smiths, or given life by mages, I will return to the embrace of the earth.\"","artist":"Clint Cearley","legalities":{"Standard":"Legal","Modern":"Legal","Legacy":"Legal","Vintage":"Legal","Freeform":"Legal","Prismatic":"Legal","Tribal Wars Legacy":"Legal","Singleton 100":"Legal","Commander":"Legal"},"number":"39","foreignNames":[{"language":"Chinese Traditional","name":"復碧智者"},{"language":"Chinese Simplified","name":"复碧智者"},{"language":"French","name":"Sage du reboisement"},{"language":"German","name":"Weise der Renaturierung"},{"language":"Italian","name":"Saggia della Rivendicazione"},{"language":"Japanese","name":"再利用の賢者"},{"language":"Korean","name":"교화의 현자"},{"language":"Portuguese (Brazil)","name":"Sábio da Reivindicação"},{"language":"Russian","name":"Возвращающая к Истокам"},{"language":"Spanish","name":"Sabia de la recuperación"}],"source":"Magic 2015 Game Day participation bonus","imageName":"reclamation sage","printings":["Magic Game Day","Magic 2015 Core Set","Commander 2014"],"releaseDate":"2014-08-09"},{"layout":"normal","supertypes":["Legendary"],"type":"Legendary Creature — Angel","types":["Creature"],"colors":["White"],"name":"Reya Dawnbringer","rarity":"Special","subtypes":["Angel"],"power":"4","toughness":"6","cmc":9,"manaCost":"{6}{W}{W}{W}","text":"Flying\nAt the beginning of your upkeep, you may return target creature card from your graveyard to the battlefield.","flavor":"\"You have not died until I consent.\"","artist":"Matthew D. Wilson","legalities":{"Modern":"Legal","Invasion Block":"Legal","Legacy":"Legal","Vintage":"Legal","Freeform":"Legal","Prismatic":"Legal","Tribal Wars Legacy":"Legal","Singleton 100":"Legal","Commander":"Legal"},"number":"1","foreignNames":[{"language":"Chinese Traditional","name":"黎明使者蕾亞"},{"language":"Chinese Simplified","name":"黎明使者蕾亚"},{"language":"French","name":"Reya Aubevenant"},{"language":"German","name":"Reya Morgenbringer"},{"language":"Japanese","name":"黎明をもたらす者レイヤ"},{"language":"Portuguese (Brazil)","name":"Reya, Portadora da Alvorada"},{"language":"Russian","name":"Рея, Приносящая Рассвет"},{"language":"Spanish","name":"Reya Portaalba"}],"source":"Magic The Gathering Worldwide Game Day Participation Bonus.","imageName":"reya dawnbringer","printings":["Invasion","Tenth Edition","Magic Game Day","Duel Decks: Divine vs. Demonic","Magic: The Gathering—Conspiracy"],"releaseDate":"2007-07-14"},{"layout":"normal","type":"Creature — Leech","types":["Creature"],"colors":["Black"],"name":"Squelching Leeches","rarity":"Special","subtypes":["Leech"],"power":"*","toughness":"*","cmc":4,"manaCost":"{2}{B}{B}","text":"Squelching Leeches's power and toughness are each equal to the number of Swamps you control.","artist":"Tomasz Jedruszek","rulings":[{"date":"2014-04-26","text":"Squelching Leeches’s power and toughness will change as the number of Swamps you control changes. Its ability counts all lands you control with the subtype Swamp, not just those named Swamp."},{"date":"2014-04-26","text":"The ability that defines Squelching Leeches’s power and toughness works in all zones, not just the battlefield."}],"legalities":{"Standard":"Legal","Modern":"Legal","Theros Block":"Legal","Legacy":"Legal","Vintage":"Legal","Freeform":"Legal","Prismatic":"Legal","Tribal Wars Legacy":"Legal","Tribal Wars Standard":"Legal","Singleton 100":"Legal","Commander":"Legal"},"number":"34","foreignNames":[{"language":"Chinese Traditional","name":"吱響蛭群"},{"language":"Chinese Simplified","name":"吱响蛭群"},{"language":"French","name":"Sangsues grouillantes"},{"language":"German","name":"Schmatzende Egel"},{"language":"Italian","name":"Sanguisughe Sguazzanti"},{"language":"Japanese","name":"押し潰すヒル"},{"language":"Korean","name":"짓누르는 거머리"},{"language":"Portuguese (Brazil)","name":"Sanguessugas Famintas"},{"language":"Russian","name":"Хлюпающие Пиявки"},{"language":"Spanish","name":"Sanguijuelas viscosas"}],"imageName":"squelching leeches","printings":["Magic Game Day","Journey into Nyx"],"source":"Journey into Nyx Game Day participation bonus","releaseDate":"2014-05-24"},{"layout":"normal","type":"Creature — Human Berserker","types":["Creature"],"colors":["Red"],"name":"Stormblood Berserker","rarity":"Special","subtypes":["Human","Berserker"],"power":"1","toughness":"1","cmc":2,"manaCost":"{1}{R}","text":"Bloodthirst 2 (If an opponent was dealt damage this turn, this creature enters the battlefield with two +1/+1 counters on it.)\nStormblood Berserker can't be blocked except by two or more creatures.","artist":"Greg Staples","legalities":{"Modern":"Legal","Legacy":"Legal","Vintage":"Legal","Freeform":"Legal","Prismatic":"Legal","Tribal Wars Legacy":"Legal","Singleton 100":"Legal","Commander":"Legal"},"number":"10","foreignNames":[{"language":"Chinese Traditional","name":"腥風狂戰士"},{"language":"Chinese Simplified","name":"腥风狂战士"},{"language":"French","name":"Berserker sangorage"},{"language":"German","name":"Sturmblut-Berserker"},{"language":"Italian","name":"Berserker Sangue Tempestoso"},{"language":"Japanese","name":"嵐血の狂戦士"},{"language":"Portuguese (Brazil)","name":"Amoque do Sangue Tempestuoso"},{"language":"Russian","name":"Берсерк Буйной Крови"},{"language":"Spanish","name":"Berserker tormenta de sangre"}],"source":"Magic 2012 Game Day participation bonus","imageName":"stormblood berserker","printings":["Magic Game Day","Magic 2012"],"releaseDate":"2011-08-13"},{"layout":"normal","type":"Creature — Spirit","types":["Creature"],"colors":["Green"],"name":"Strangleroot Geist","rarity":"Special","subtypes":["Spirit"],"power":"2","toughness":"1","cmc":2,"manaCost":"{G}{G}","text":"Haste\nUndying (When this creature dies, if it had no +1/+1 counters on it, return it to the battlefield under its owner's control with a +1/+1 counter on it.)","artist":"Erica Yang","legalities":{"Modern":"Legal","Innistrad Block":"Legal","Legacy":"Legal","Vintage":"Legal","Freeform":"Legal","Prismatic":"Legal","Tribal Wars Legacy":"Legal","Tribal Wars Standard":"Legal","Singleton 100":"Legal","Commander":"Legal"},"number":"15","foreignNames":[{"language":"Chinese Traditional","name":"縛根遊魂"},{"language":"Chinese Simplified","name":"缚根游魂"},{"language":"French","name":"Geist étrangleracine"},{"language":"German","name":"Würgewurzelgeist"},{"language":"Italian","name":"Geist dalle Radici Strangolanti"},{"language":"Japanese","name":"絡み根の霊"},{"language":"Korean","name":"교살하는 뿌리의 심령"},{"language":"Portuguese (Brazil)","name":"Geist da Raiz Estrangulante"},{"language":"Russian","name":"Привидение Удушающих Корней"},{"language":"Spanish","name":"Geist raíz estranguladora"}],"source":"Dark Ascension Game Day participation bonus","imageName":"strangleroot geist","printings":["Magic Game Day","Dark Ascension"],"releaseDate":"2012-02-25"},{"layout":"normal","type":"Creature — Cleric","types":["Creature"],"colors":["White"],"name":"Suture Priest","rarity":"Special","subtypes":["Cleric"],"power":"1","toughness":"1","cmc":2,"manaCost":"{1}{W}","text":"Whenever another creature enters the battlefield under your control, you may gain 1 life.\nWhenever a creature enters the battlefield under an opponent's control, you may have that player lose 1 life.","artist":"Igor Kieryluk","legalities":{"Modern":"Legal","Scars of Mirrodin Block":"Legal","Legacy":"Legal","Vintage":"Legal","Freeform":"Legal","Prismatic":"Legal","Tribal Wars Legacy":"Legal","Singleton 100":"Legal","Commander":"Legal"},"number":"16","foreignNames":[{"language":"Chinese Traditional","name":"縫組牧師"},{"language":"Chinese Simplified","name":"缝组牧师"},{"language":"French","name":"Prêtresse de suture"},{"language":"German","name":"Naht-Priesterin"},{"language":"Italian","name":"Sacerdotessa di Sutura"},{"language":"Japanese","name":"縫合の僧侶"},{"language":"Portuguese (Brazil)","name":"Sacerdote da Sutura"},{"language":"Russian","name":"Жрица Сшивания"},{"language":"Spanish","name":"Sacerdotisa suturadora"}],"source":"Mirrodin Besieged Game Day","imageName":"suture priest","printings":["Magic Game Day","New Phyrexia"],"releaseDate":"2011-03-05"},{"layout":"normal","type":"Enchantment","types":["Enchantment"],"colors":["White"],"name":"Tempered Steel","rarity":"Special","cmc":3,"manaCost":"{1}{W}{W}","text":"Artifact creatures you control get +2/+2.","artist":"jD","legalities":{"Modern":"Legal","Scars of Mirrodin Block":"Legal","Legacy":"Legal","Vintage":"Legal","Freeform":"Legal","Prismatic":"Legal","Tribal Wars Legacy":"Legal","Singleton 100":"Legal","Commander":"Legal"},"number":"5","foreignNames":[{"language":"Chinese Traditional","name":"精鍊鋼"},{"language":"Chinese Simplified","name":"精炼钢"},{"language":"French","name":"Acier trempé"},{"language":"German","name":"Gehärteter Stahl"},{"language":"Italian","name":"Acciaio Temprato"},{"language":"Japanese","name":"鍛えられた鋼"},{"language":"Portuguese (Brazil)","name":"Aço Temperado"},{"language":"Russian","name":"Закаленная Сталь"},{"language":"Spanish","name":"Acero templado"}],"source":"Scars of Mirrodin Game Day prize","imageName":"tempered steel","printings":["Magic Game Day","Scars of Mirrodin"],"releaseDate":"2010"},{"layout":"normal","type":"Creature — Human Wizard","types":["Creature"],"colors":["Blue"],"name":"Treasure Mage","rarity":"Special","subtypes":["Human","Wizard"],"power":"2","toughness":"2","cmc":3,"manaCost":"{2}{U}","text":"When Treasure Mage enters the battlefield, you may search your library for an artifact card with converted mana cost 6 or greater, reveal that card, and put it into your hand. If you do, shuffle your library.","artist":"Greg Staples","rulings":[{"date":"2011-06-01","text":"If a card in your library has X in its mana cost, X is considered to be 0."}],"legalities":{"Modern":"Legal","Scars of Mirrodin Block":"Legal","Legacy":"Legal","Vintage":"Legal","Freeform":"Legal","Prismatic":"Legal","Tribal Wars Legacy":"Legal","Singleton 100":"Legal","Commander":"Legal"},"number":"6","foreignNames":[{"language":"Chinese Traditional","name":"寶物法師"},{"language":"Chinese Simplified","name":"宝物法师"},{"language":"French","name":"Mage au trésor"},{"language":"German","name":"Schatzmagier"},{"language":"Italian","name":"Mago dei Tesori"},{"language":"Japanese","name":"宝物の魔道士"},{"language":"Portuguese (Brazil)","name":"Mago do Tesouro"},{"language":"Russian","name":"Маг Сокровищ"},{"language":"Spanish","name":"Mago de tesoros"}],"source":"Mirrodin Besieged Game Day participation bonus","imageName":"treasure mage","printings":["Magic Game Day","Mirrodin Besieged"],"releaseDate":"2011-03-05"},{"layout":"normal","type":"Creature — Elf Shaman","types":["Creature"],"colors":["White","Green"],"name":"Trostani's Summoner","rarity":"Special","subtypes":["Elf","Shaman"],"power":"1","toughness":"1","cmc":7,"manaCost":"{5}{G}{W}","text":"When Trostani's Summoner enters the battlefield, put a 2/2 white Knight creature token with vigilance, a 3/3 green Centaur creature token, and a 4/4 green Rhino creature token with trample onto the battlefield.","artist":"Nils Hamm","legalities":{"Modern":"Legal","Return to Ravnica Block":"Legal","Legacy":"Legal","Vintage":"Legal","Freeform":"Legal","Prismatic":"Legal","Tribal Wars Legacy":"Legal","Tribal Wars Standard":"Legal","Singleton 100":"Legal","Commander":"Legal"},"number":"27","foreignNames":[{"language":"Chinese Traditional","name":"卓塔妮的召喚師"},{"language":"Chinese Simplified","name":"卓塔妮的召唤师"},{"language":"French","name":"Invocatrice de Trostani"},{"language":"German","name":"Trostanis Beschwörerin"},{"language":"Italian","name":"Evocatrice di Trostani"},{"language":"Japanese","name":"トロスターニの召喚士"},{"language":"Korean","name":"트로스타니의 소환사"},{"language":"Russian","name":"Вызывательница Тростани"},{"language":"Spanish","name":"Invocadora de Trostani"}],"source":"Dragon's Maze Game Day participation bonus","imageName":"trostani's summoner","printings":["Magic Game Day","Dragon's Maze"],"releaseDate":"2013-05-25"},{"layout":"normal","type":"Instant","types":["Instant"],"colors":["White","Black"],"name":"Utter End","rarity":"Special","cmc":4,"manaCost":"{2}{W}{B}","text":"Exile target nonland permanent.","flavor":"\"I came seeking a challenge. All I found was you.\"\n—Zurgo, khan of the Mardu","artist":"Jack Wang","legalities":{"Standard":"Legal","Modern":"Legal","Legacy":"Legal","Vintage":"Legal","Freeform":"Legal","Prismatic":"Legal","Tribal Wars Legacy":"Legal","Singleton 100":"Legal","Commander":"Legal"},"number":"38","foreignNames":[{"language":"Chinese Traditional","name":"徹底終結"},{"language":"Chinese Simplified","name":"彻底终结"},{"language":"French","name":"Destruction totale"},{"language":"German","name":"Aus und vorbei"},{"language":"Italian","name":"Fine Assoluta"},{"language":"Japanese","name":"完全なる終わり"},{"language":"Korean","name":"정말 끝장"},{"language":"Portuguese (Brazil)","name":"Fim Absoluto"},{"language":"Russian","name":"Окончательная Погибель"},{"language":"Spanish","name":"Fin absoluto"}],"source":"Khans of Tarkir Game Day prize","imageName":"utter end","printings":["Magic Game Day","Khans of Tarkir"],"releaseDate":"2014-10-18"},{"layout":"normal","type":"Creature — Elf Wizard","types":["Creature"],"colors":["Blue","Green"],"name":"Zameck Guildmage","rarity":"Special","subtypes":["Elf","Wizard"],"power":"2","toughness":"2","cmc":2,"manaCost":"{G}{U}","text":"{G}{U}: This turn, each creature you control enters the battlefield with an additional +1/+1 counter on it.\n{G}{U}, Remove a +1/+1 counter from a creature you control: Draw a card.","artist":"Raymond Swanland","rulings":[{"date":"2013-01-24","text":"Zameck Guildmage's first ability is cumulative. For example, if it resolves twice in a turn, each creature that enters the battlefield under your control that turn will do so with two +1/+1 additional counters on it."},{"date":"2013-01-24","text":"Zameck Guildmage's first ability has no effect on creatures already on the battlefield when it resolves."}],"legalities":{"Modern":"Legal","Return to Ravnica Block":"Legal","Legacy":"Legal","Vintage":"Legal","Freeform":"Legal","Prismatic":"Legal","Tribal Wars Legacy":"Legal","Tribal Wars Standard":"Legal","Singleton 100":"Legal","Commander":"Legal"},"number":"25","foreignNames":[{"language":"Chinese Traditional","name":"查美克公會法師"},{"language":"Chinese Simplified","name":"查美克公会法师"},{"language":"French","name":"Ghildmage de Zameck"},{"language":"German","name":"Zameck-Gildenmagier"},{"language":"Italian","name":"Mago della Gilda di Zameck"},{"language":"Japanese","name":"ザーメクのギルド魔道士"},{"language":"Korean","name":"자멕의 길드 마도사"},{"language":"Portuguese (Brazil)","name":"Mago de Guilda de Zameck"},{"language":"Russian","name":"Маг Гильдии из Замека"},{"language":"Spanish","name":"Mago del gremio de Zameck"}],"source":"Gatecrash Game Day participation bonus","imageName":"zameck guildmage","printings":["Magic Game Day","Gatecrash"],"releaseDate":"2013-02-23"},{"layout":"normal","type":"Sorcery","types":["Sorcery"],"colors":["Black"],"name":"Zombie Apocalypse","rarity":"Special","cmc":6,"manaCost":"{3}{B}{B}{B}","text":"Return all Zombie creature cards from your graveyard to the battlefield tapped, then destroy all Humans.","artist":"Volkan Baga","rulings":[{"date":"2011-01-22","text":"All Humans are destroyed, not just ones you control."},{"date":"2011-01-22","text":"If a creature card in your graveyard is both a Zombie and a Human, it will be returned to the battlefield tapped, then be destroyed."}],"legalities":{"Modern":"Legal","Innistrad Block":"Legal","Legacy":"Legal","Vintage":"Legal","Freeform":"Legal","Prismatic":"Legal","Tribal Wars Legacy":"Legal","Tribal Wars Standard":"Legal","Singleton 100":"Legal","Commander":"Legal"},"number":"14","foreignNames":[{"language":"Chinese Traditional","name":"殭屍末日戰"},{"language":"Chinese Simplified","name":"灵俑末日战"},{"language":"French","name":"Apocalypse des zombies"},{"language":"German","name":"Zombie-Apokalypse"},{"language":"Italian","name":"Apocalisse di Zombie"},{"language":"Japanese","name":"ゾンビの黙示録"},{"language":"Korean","name":"좀비의 묵시록"},{"language":"Portuguese (Brazil)","name":"Apocalipse dos Zumbis"},{"language":"Russian","name":"Апокалипсис Зомби"},{"language":"Spanish","name":"Apocalipsis zombie"}],"source":"Dark Ascension Game Day prize","imageName":"zombie apocalypse","printings":["Magic Game Day","Dark Ascension"],"releaseDate":"2012-02-25"}]}