{"name":"Magic Player Rewards","code":"pMPR","magicRaritiesCodes":"29-rarities-magic-player-rewards","releaseDate":"2001-05-01","border":"black","type":"promo","cards":[{"layout":"normal","type":"Instant","types":["Instant"],"colors":["Black","Red"],"name":"Bituminous Blast","rarity":"Special","cmc":5,"manaCost":"{3}{B}{R}","text":"Cascade (When you cast this spell, exile cards from the top of your library until you exile a nonland card that costs less. You may cast it without paying its mana cost. Put the exiled cards on the bottom in a random order.)\nBituminous Blast deals 4 damage to target creature.","artist":"Aleksi Briclot","rulings":[{"date":"2009-05-01","text":"Cascade triggers when you cast the spell, meaning that it resolves before that spell. If you end up casting the exiled card, it will go on the stack above the spell with Cascade."},{"date":"2009-05-01","text":"When the Cascade ability resolves, you must exile cards. The only optional part of the ability is whether or not your cast the last card exiled."},{"date":"2009-05-01","text":"If a spell with Cascade is countered, the Cascade ability will still resolve normally."},{"date":"2009-05-01","text":"You exile the cards face-up. All players will be able to see them."},{"date":"2009-05-01","text":"If you exile a split card with Cascade, check if at least one half of that split card has a converted mana cost that's less than the converted mana cost of the spell with cascade. If so, you can cast either half of that split card."},{"date":"2009-05-01","text":"If you cast the last exiled card, you're casting it as a spell. It can be countered. If that card has cascade, the new spell's cascade ability will trigger, and you'll repeat the process for the new spell."},{"date":"2009-05-01","text":"After you're done exiling cards and casting the last one if you chose to do so, the remaining exiled cards are randomly placed on the bottom of your library. Neither you nor any other player is allowed to know the order of those cards."}],"legalities":{"Modern":"Legal","Shards of Alara Block":"Legal","Legacy":"Legal","Vintage":"Legal","Freeform":"Legal","Prismatic":"Legal","Tribal Wars Legacy":"Legal","Singleton 100":"Legal","Commander":"Legal"},"number":"46","foreignNames":[{"language":"Chinese Simplified","name":"沥青冲击"},{"language":"French","name":"Salve bitumeuse"},{"language":"German","name":"Pechhaltiger Strahl"},{"language":"Italian","name":"Esplosione di Bitume"},{"language":"Japanese","name":"瀝青破"},{"language":"Portuguese (Brazil)","name":"Explosão Betuminosa"},{"language":"Russian","name":"Битуминозная Волна"},{"language":"Spanish","name":"Ráfaga bituminosa"}],"source":"Magic Player Rewards program reward","imageName":"bituminous blast","printings":["Magic Player Rewards","Alara Reborn","Archenemy","Planechase 2012 Edition"],"releaseDate":"2010"},{"layout":"normal","type":"Sorcery","types":["Sorcery"],"colors":["Black","Red"],"name":"Blightning","rarity":"Special","cmc":3,"manaCost":"{1}{B}{R}","text":"Blightning deals 3 damage to target player. That player discards two cards.","artist":"Jim Pavelec","rulings":[{"date":"2008-10-01","text":"The targeted player will discard two cards even if some or all of Blightning's damage is prevented or redirected."}],"legalities":{"Modern":"Legal","Shards of Alara Block":"Legal","Legacy":"Legal","Vintage":"Legal","Freeform":"Legal","Prismatic":"Legal","Tribal Wars Legacy":"Legal","Singleton 100":"Legal","Commander":"Legal"},"number":"36","foreignNames":[{"language":"Chinese Simplified","name":"脑电击"},{"language":"French","name":"Éclair de flétrissement"},{"language":"German","name":"Fahlschlag"},{"language":"Italian","name":"Folgore Devastante"},{"language":"Japanese","name":"荒廃稲妻"},{"language":"Portuguese (Brazil)","name":"Detonar"},{"language":"Russian","name":"Губительная Молния"},{"language":"Spanish","name":"Ruinámpago"}],"source":"Magic Player Rewards program reward","imageName":"blightning","printings":["Magic Player Rewards","Shards of Alara","Duel Decks: Sorin vs. Tibalt"],"releaseDate":"2009-04"},{"layout":"normal","type":"Instant","types":["Instant"],"colors":["White"],"name":"Brave the Elements","rarity":"Special","cmc":1,"manaCost":"{W}","text":"Choose a color. White creatures you control gain protection from the chosen color until end of turn.","artist":"Kekai Kotaki","rulings":[{"date":"2009-10-01","text":"You choose a color as Brave the Elements resolves. Once the color is chosen, it's too late for players to respond."},{"date":"2009-10-01","text":"Only white creatures you control at the time Brave the Elements resolves gain the protection ability. Creatures that come under your control later in the turn, or that turn white later in the turn, won't have it."}],"legalities":{"Modern":"Legal","Zendikar Block":"Legal","Legacy":"Legal","Vintage":"Legal","Freeform":"Legal","Prismatic":"Legal","Tribal Wars Legacy":"Legal","Tribal Wars Standard":"Legal","Singleton 100":"Legal","Commander":"Legal"},"number":"50","foreignNames":[{"language":"Chinese Traditional","name":"不懼酷境"},{"language":"Chinese Simplified","name":"不惧酷境"},{"language":"French","name":"Braver les éléments"},{"language":"German","name":"Den Elementen trotzen"},{"language":"Italian","name":"Sfidare gli Elementi"},{"language":"Japanese","name":"精霊への挑戦"},{"language":"Korean","name":"원소 돌파"},{"language":"Portuguese (Brazil)","name":"Enfrentar os Elementos"},{"language":"Portuguese","name":"Enfrentar os Elementos"},{"language":"Russian","name":"Вызов Стихии"},{"language":"Spanish","name":"Resistir los elementos"}],"source":"Magic Player Rewards program reward","imageName":"brave the elements","printings":["Magic Player Rewards","Zendikar","Magic 2014 Core Set","Commander 2014"],"releaseDate":"2011"},{"layout":"normal","type":"Instant","types":["Instant"],"colors":["Red"],"name":"Burst Lightning","rarity":"Special","cmc":1,"manaCost":"{R}","text":"Kicker {4} (You may pay an additional {4} as you cast this spell.)\nBurst Lightning deals 2 damage to target creature or player. If Burst Lightning was kicked, it deals 4 damage to that creature or player instead.","artist":"Jung Park","legalities":{"Modern":"Legal","Zendikar Block":"Legal","Legacy":"Legal","Vintage":"Legal","Freeform":"Legal","Prismatic":"Legal","Tribal Wars Legacy":"Legal","Singleton 100":"Legal","Commander":"Legal"},"number":"47","foreignNames":[{"language":"Chinese Simplified","name":"闪电迸发"},{"language":"French","name":"Éclair explosif"},{"language":"German","name":"Geborstener Blitz"},{"language":"Italian","name":"Fulmine Dirompente"},{"language":"Japanese","name":"噴出の稲妻"},{"language":"Portuguese (Brazil)","name":"Explodir em Raios"},{"language":"Russian","name":"Взрывная Молния"},{"language":"Spanish","name":"Estallido de relámpagos"}],"source":"Magic Player Rewards program reward","imageName":"burst lightning","printings":["Magic Player Rewards","Zendikar"],"releaseDate":"2010"},{"layout":"normal","type":"Instant","types":["Instant"],"colors":["Blue"],"name":"Cancel","rarity":"Special","cmc":3,"manaCost":"{1}{U}{U}","text":"Counter target spell.","artist":"Izzy","legalities":{"Standard":"Legal","Modern":"Legal","Return to Ravnica Block":"Legal","Zendikar Block":"Legal","Shards of Alara Block":"Legal","Time Spiral Block":"Legal","Legacy":"Legal","Vintage":"Legal","Freeform":"Legal","Prismatic":"Legal","Tribal Wars Legacy":"Legal","Tribal Wars Standard":"Legal","Singleton 100":"Legal","Commander":"Legal"},"number":"41","foreignNames":[{"language":"Chinese Simplified","name":"取消"},{"language":"Chinese Traditional","name":"取消"},{"language":"French","name":"Révocation"},{"language":"German","name":"Abbrechen"},{"language":"Italian","name":"Eliminare"},{"language":"Japanese","name":"取り消し"},{"language":"Korean","name":"주문 취소"},{"language":"Portuguese","name":"Cancelar"},{"language":"Portuguese (Brazil)","name":"Cancelar"},{"language":"Russian","name":"Отмена"},{"language":"Spanish","name":"Deshacer"}],"source":"Magic Player Rewards program reward","imageName":"cancel","printings":["Magic Player Rewards","Time Spiral","Tenth Edition","Shards of Alara","Magic 2010","Zendikar","Duels of the Planeswalkers","Magic 2011","Magic 2012","Planechase 2012 Edition","Return to Ravnica","Magic 2014 Core Set","Magic 2015 Core Set","Khans of Tarkir"],"releaseDate":"2010"},{"layout":"normal","type":"Instant","types":["Instant"],"colors":["White"],"name":"Celestial Purge","rarity":"Special","cmc":2,"manaCost":"{1}{W}","text":"Exile target black or red permanent.","artist":"Nils Hamm","rulings":[{"date":"2009-10-01","text":"Lands are colorless (even if their frames have some colored elements to them). You can't target a Swamp, a Mountain, or any other land with Celestial Purge (unless some other effect has turned that land black or red)."}],"legalities":{"Modern":"Legal","Shards of Alara Block":"Legal","Legacy":"Legal","Vintage":"Legal","Freeform":"Legal","Prismatic":"Legal","Tribal Wars Legacy":"Legal","Singleton 100":"Legal","Commander":"Legal"},"number":"45","foreignNames":[{"language":"Chinese Simplified","name":"天界涤净"},{"language":"Chinese Traditional","name":"天界滌淨"},{"language":"French","name":"Épuration céleste"},{"language":"German","name":"Himmlische Säuberung"},{"language":"Italian","name":"Epurazione Celeste"},{"language":"Japanese","name":"天界の粛清"},{"language":"Portuguese (Brazil)","name":"Expurgo Celestial"},{"language":"Russian","name":"Небесное Очищение"},{"language":"Spanish","name":"Purga celestial"}],"source":"Magic Player Rewards program reward","imageName":"celestial purge","printings":["Magic Player Rewards","Conflux","Magic 2010","Magic 2011","Magic 2012"],"releaseDate":"2010"},{"layout":"normal","type":"Instant","types":["Instant"],"colors":["White"],"name":"Condemn","rarity":"Special","cmc":1,"manaCost":"{W}","text":"Put target attacking creature on the bottom of its owner's library. Its controller gains life equal to its toughness.","artist":"Kev Walker","rulings":[{"date":"2010-08-15","text":"The affected creature's last known existence on the battlefield is checked to determine its toughness."}],"legalities":{"Modern":"Legal","Ravnica Block":"Legal","Legacy":"Legal","Vintage":"Legal","Freeform":"Legal","Prismatic":"Legal","Tribal Wars Legacy":"Legal","Singleton 100":"Legal","Commander":"Legal"},"number":"18","foreignNames":[{"language":"Chinese Simplified","name":"判罪"},{"language":"Chinese Traditional","name":"判罪"},{"language":"French","name":"Condamnation"},{"language":"German","name":"Verdammen"},{"language":"Italian","name":"Condannare"},{"language":"Japanese","name":"糾弾"},{"language":"Portuguese (Brazil)","name":"Condenar"},{"language":"Russian","name":"Осуждение"},{"language":"Spanish","name":"Condenar"}],"source":"Magic Player Rewards program reward","imageName":"condemn","printings":["Magic Player Rewards","Dissension","Tenth Edition","Magic 2011","Duel Decks: Heroes vs. Monsters","Commander 2014"],"releaseDate":"2006-09"},{"layout":"normal","type":"Sorcery","types":["Sorcery"],"colors":["Black"],"name":"Corrupt","rarity":"Special","cmc":6,"manaCost":"{5}{B}","text":"Corrupt deals damage equal to the number of Swamps you control to target creature or player. You gain life equal to the damage dealt this way.","artist":"Philip Straub","rulings":[{"date":"2004-10-04","text":"The swamps are counted on resolution."},{"date":"2010-08-15","text":"The life you gain is equal to the damage dealt by Corrupt, not necessarily to the number of Swamps you control (if some or all of the damage is prevented, for example)."},{"date":"2010-08-15","text":"The amount of damage dealt to a creature is not bounded by its toughness, and the amount of damage dealt to a player is not bounded by that player's life total. For example, if Corrupt deals 6 damage to a 2/2 creature, you'll gain 6 life."},{"date":"2013-07-01","text":"Corrupt counts any land you control with the subtype Swamp, not just ones named Swamp."}],"legalities":{"Modern":"Legal","Lorwyn-Shadowmoor Block":"Legal","Urza Block":"Legal","Legacy":"Legal","Vintage":"Legal","Freeform":"Legal","Prismatic":"Legal","Tribal Wars Legacy":"Legal","Tribal Wars Standard":"Legal","Singleton 100":"Legal","Commander":"Legal"},"number":"30","foreignNames":[{"language":"Chinese Traditional","name":"腐化"},{"language":"Chinese Simplified","name":"腐化"},{"language":"French","name":"Corruption"},{"language":"German","name":"Korruption"},{"language":"Italian","name":"Corrompere"},{"language":"Japanese","name":"堕落"},{"language":"Korean","name":"타락"},{"language":"Portuguese (Brazil)","name":"Corromper"},{"language":"Portuguese","name":"Corromper"},{"language":"Russian","name":"Разложение"},{"language":"Spanish","name":"Corromper"}],"source":"Magic Player Rewards program reward","imageName":"corrupt","printings":["Media Inserts","Urza's Saga","Seventh Edition","Magic Player Rewards","Shadowmoor","Duel Decks: Divine vs. Demonic","Duel Decks: Garruk vs. Liliana","Magic 2011","Magic 2014 Core Set"],"releaseDate":"2008-07"},{"layout":"normal","type":"Sorcery","types":["Sorcery"],"colors":["Black"],"name":"Cruel Edict","rarity":"Special","cmc":2,"manaCost":"{1}{B}","text":"Target opponent sacrifices a creature.","artist":"Steve Ellis","legalities":{"Modern":"Legal","Legacy":"Legal","Vintage":"Legal","Freeform":"Legal","Prismatic":"Legal","Tribal Wars Legacy":"Legal","Singleton 100":"Legal","Commander":"Legal"},"number":"21","foreignNames":[{"language":"Chinese Simplified","name":"残酷勒令"},{"language":"Chinese Traditional","name":"殘酷勒令"},{"language":"French","name":"Édit cruel"},{"language":"German","name":"Grausames Edikt"},{"language":"Italian","name":"Editto Crudele"},{"language":"Japanese","name":"残酷な布告"},{"language":"Portuguese (Brazil)","name":"Édito Cruel"},{"language":"Russian","name":"Жестокий указ"},{"language":"Spanish","name":"Edicto cruel"}],"source":"Magic Player Rewards program reward","imageName":"cruel edict","printings":["Portal Second Age","Magic Player Rewards","Ninth Edition","Tenth Edition","Duel Decks: Divine vs. Demonic"],"releaseDate":"2007-07"},{"layout":"normal","type":"Instant","types":["Instant"],"colors":["Blue"],"name":"Cryptic Command","rarity":"Special","cmc":4,"manaCost":"{1}{U}{U}{U}","text":"Choose two —\n• Counter target spell.\n• Return target permanent to its owner's hand.\n• Tap all creatures your opponents control.\n• Draw a card.","artist":"Wayne England","rulings":[{"date":"2013-06-07","text":"You choose both modes as you cast Cryptic Command. You must choose two different modes."},{"date":"2013-06-07","text":"Look at both chosen modes to determine how many targets Cryptic Command has, if any. If it has at least one target, and all its targets are illegal when it tries to resolve, then it will be countered and none of its effects will happen. For example, if you choose the second and fourth modes, and the permanent is an illegal target when Cryptic Command tries to resolve, you won't draw a card."}],"legalities":{"Modern":"Legal","Lorwyn-Shadowmoor Block":"Legal","Legacy":"Legal","Vintage":"Legal","Freeform":"Legal","Prismatic":"Legal","Tribal Wars Legacy":"Legal","Singleton 100":"Legal","Commander":"Legal"},"number":"31","foreignNames":[{"language":"Chinese Traditional","name":"地下指命"},{"language":"Chinese Simplified","name":"地下指命"},{"language":"French","name":"Commandement cryptique"},{"language":"German","name":"Kryptischer Befehl"},{"language":"Italian","name":"Ordine Criptico"},{"language":"Japanese","name":"謎めいた命令"},{"language":"Portuguese (Brazil)","name":"Comando Críptico"},{"language":"Russian","name":"Тайная Команда"},{"language":"Spanish","name":"Dictado críptico"}],"source":"Magic Player Rewards program reward","imageName":"cryptic command","printings":["Magic Player Rewards","Lorwyn","Modern Masters"],"releaseDate":"2009"},{"layout":"normal","type":"Sorcery","types":["Sorcery"],"colors":["Black"],"name":"Damnation","rarity":"Special","cmc":4,"manaCost":"{2}{B}{B}","text":"Destroy all creatures. They can't be regenerated.","artist":"Ron Spencer","rulings":[{"date":"2007-02-01","text":"This is the timeshifted version of Wrath of God."}],"legalities":{"Modern":"Legal","Time Spiral Block":"Legal","Legacy":"Legal","Vintage":"Legal","Freeform":"Legal","Prismatic":"Legal","Tribal Wars Legacy":"Legal","Singleton 100":"Legal","Commander":"Legal"},"number":"24","foreignNames":[{"language":"Chinese Simplified","name":"破灭"},{"language":"German","name":"Verdammung"},{"language":"Italian","name":"Dannazione"},{"language":"Japanese","name":"滅び"},{"language":"Portuguese (Brazil)","name":"Danação"},{"language":"Russian","name":"Проклятие Ада"},{"language":"Spanish","name":"Condenación"}],"source":"Magic Player Rewards program reward","imageName":"damnation","printings":["Magic Player Rewards","Planar Chaos"],"releaseDate":"2007-12"},{"layout":"normal","type":"Sorcery","types":["Sorcery"],"colors":["White"],"name":"Day of Judgment","rarity":"Special","cmc":4,"manaCost":"{2}{W}{W}","text":"Destroy all creatures.","artist":"Svetlin Velinov","legalities":{"Modern":"Legal","Zendikar Block":"Legal","Legacy":"Legal","Vintage":"Legal","Freeform":"Legal","Prismatic":"Legal","Tribal Wars Legacy":"Legal","Singleton 100":"Legal","Commander":"Legal"},"number":"49","foreignNames":[{"language":"Chinese Simplified","name":"审判末日"},{"language":"Chinese Traditional","name":"審判末日"},{"language":"French","name":"Jour de condamnation"},{"language":"German","name":"Tag der Abrechnung"},{"language":"Italian","name":"Giorno del Castigo"},{"language":"Japanese","name":"審判の日"},{"language":"Portuguese (Brazil)","name":"Dia do Julgamento"},{"language":"Russian","name":"Судный День"},{"language":"Spanish","name":"Día del juicio final"}],"source":"Magic Player Rewards program reward","imageName":"day of judgment","printings":["Media Inserts","Magic Player Rewards","Zendikar","Magic 2011","Magic 2012"],"releaseDate":"2011"},{"layout":"normal","type":"Instant","types":["Instant"],"colors":["White"],"name":"Disenchant","rarity":"Special","cmc":2,"manaCost":"{1}{W}","text":"Destroy target artifact or enchantment.","artist":"Heather Hudson","rulings":[{"date":"2004-10-04","text":"This is not modal. If the target changes from an artifact to an enchantment or vice versa, this still destroys it."}],"legalities":{"Modern":"Legal","Time Spiral Block":"Legal","Masques Block":"Legal","Urza Block":"Legal","Tempest Block":"Legal","Mirage Block":"Legal","Ice Age Block":"Legal","Legacy":"Legal","Vintage":"Legal","Freeform":"Legal","Prismatic":"Legal","Tribal Wars Legacy":"Legal","Singleton 100":"Legal","Commander":"Legal"},"number":"22","foreignNames":[{"language":"Chinese Simplified","name":"消除魔障"},{"language":"French","name":"Désenchantement"},{"language":"German","name":"Entzauberung"},{"language":"Italian","name":"Disincantare"},{"language":"Japanese","name":"解呪"},{"language":"Portuguese (Brazil)","name":"Desencantar"},{"language":"Russian","name":"Разочаровывать"},{"language":"Spanish","name":"Desencantar"}],"source":"Magic Player Rewards program reward","imageName":"disenchant","printings":["Limited Edition Alpha","Limited Edition Beta","Unlimited Edition","Revised Edition","Fourth Edition","Ice Age","Arena League","Mirage","Fifth Edition","Tempest","Urza's Saga","Anthologies","Classic Sixth Edition","Mercadian Masques","Battle Royale Box Set","Friday Night Magic","Starter 2000","Seventh Edition","Magic Player Rewards","Coldsnap Theme Decks","Time Spiral \"Timeshifted\"","Masters Edition II","Masters Edition III"],"releaseDate":"2007-03"},{"layout":"normal","type":"Instant","types":["Instant"],"colors":["Black"],"name":"Doom Blade","rarity":"Special","cmc":2,"manaCost":"{1}{B}","text":"Destroy target nonblack creature.","artist":"Carl Critchlow","legalities":{"Modern":"Legal","Legacy":"Legal","Vintage":"Legal","Freeform":"Legal","Prismatic":"Legal","Tribal Wars Legacy":"Legal","Tribal Wars Standard":"Legal","Singleton 100":"Legal","Commander":"Legal"},"number":"51","foreignNames":[{"language":"Chinese Simplified","name":"送终刀锋"},{"language":"Chinese Traditional","name":"送終刀鋒"},{"language":"French","name":"Lame du destin"},{"language":"German","name":"Klinge des Schicksals"},{"language":"Italian","name":"Lama del Fato"},{"language":"Japanese","name":"破滅の刃"},{"language":"Korean","name":"파멸의 칼날"},{"language":"Portuguese","name":"Lâmina da Destruição"},{"language":"Portuguese (Brazil)","name":"Lâmina da Destruição"},{"language":"Russian","name":"Клинок Судьбы"},{"language":"Spanish","name":"Cuchilla fatal"}],"source":"Magic Player Rewards program reward","imageName":"doom blade","printings":["Magic Player Rewards","Magic 2010","Magic 2011","Magic: The Gathering-Commander","Magic 2012","Magic 2014 Core Set"],"releaseDate":"2011"},{"layout":"normal","type":"Sorcery","types":["Sorcery"],"colors":["Red"],"name":"Fireball","rarity":"Special","cmc":1,"manaCost":"{X}{R}","text":"Fireball deals X damage divided evenly, rounded down, among any number of target creatures and/or players.\nFireball costs {1} more to cast for each target beyond the first.","artist":"Mark Tedin","rulings":[{"date":"2004-12-01","text":"The additional cost is paid when you pay the rest of Fireball's costs, even though that text appears second on the card (to make the card easier to read). The additional cost doesn't count toward Fireball's converted mana cost."},{"date":"2004-12-01","text":"If, for example, X is 5 and you choose three target creatures, Fireball has a total cost of {7}{R} (even though its mana cost is just {5}{R}). If those creatures are all still legal targets as Fireball resolves, it deals 1 damage to each of them."},{"date":"2009-05-01","text":"You may cast Fireball with zero targets, regardless of the value chosen for X. If you do so, it will not be a targeted spell, and no damage will actually be dealt when it resolves."},{"date":"2009-10-01","text":"Fireball's damage is divided as Fireball resolves, not as it's cast, because there are no choices involved. The division involves only targets that are still legal at that time."},{"date":"2009-10-01","text":"You can target more than X creatures. However, if the number of legal targets at the time Fireball resolves is greater than X, none of them will be dealt any damage."}],"legalities":{"Modern":"Legal","Mirrodin Block":"Legal","Legacy":"Legal","Vintage":"Legal","Freeform":"Legal","Prismatic":"Legal","Tribal Wars Legacy":"Legal","Singleton 100":"Legal","Commander":"Legal"},"number":"6","foreignNames":[{"language":"Chinese Simplified","name":"火球"},{"language":"Chinese Traditional","name":"火球"},{"language":"French","name":"Boule de feu"},{"language":"German","name":"Feuerball"},{"language":"Italian","name":"Palla di Fuoco"},{"language":"Japanese","name":"火の玉"},{"language":"Portuguese (Brazil)","name":"Bola de Fogo"},{"language":"Russian","name":"Огненный Шар"},{"language":"Spanish","name":"Bola de fuego"}],"source":"Magic Player Rewards program reward","imageName":"fireball","printings":["Limited Edition Alpha","Limited Edition Beta","Unlimited Edition","Revised Edition","Media Inserts","Fourth Edition","Rivals Quick Start Set","Arena League","Introductory Two-Player Set","Fifth Edition","Anthologies","Beatdown Box Set","Magic Player Rewards","Darksteel","Duel Decks: Jace vs. Chandra","Magic 2010","Archenemy","Magic 2011","Premium Deck Series: Fire and Lightning","Masters Edition IV","Magic 2012","Commander 2013 Edition"],"releaseDate":"2005-01"},{"layout":"normal","type":"Instant","types":["Instant"],"colors":["Red"],"name":"Flame Javelin","rarity":"Special","cmc":6,"manaCost":"{2/R}{2/R}{2/R}","text":"({2/R} can be paid with any two mana or with {R}. This card's converted mana cost is 6.)\nFlame Javelin deals 4 damage to target creature or player.","artist":"Zoltan Boros & Gabor Szikszai","rulings":[{"date":"2008-05-01","text":"If an effect reduces the cost to cast a spell by an amount of generic mana, it applies to a monocolored hybrid spell only if you've chosen a method of paying for it that includes generic mana."},{"date":"2008-05-01","text":"A card with a monocolored hybrid mana symbol in its mana cost is each of the colors that appears in its mana cost, regardless of what mana was spent to cast it. Thus, Flame Javelin is red even if you spend six green mana to cast it."},{"date":"2008-05-01","text":"A card with monocolored hybrid mana symbols in its mana cost has a converted mana cost equal to the highest possible cost it could be cast for. Its converted mana cost never changes. Thus, Flame Javelin has a converted mana cost of 6, even if you spend {R}{R}{R} to cast it."},{"date":"2008-05-01","text":"If a cost includes more than one monocolored hybrid mana symbol, you can choose a different way to pay for each symbol. For example, you can pay for Flame Javelin by spending {R}{R}{R}, {2}{R}{R}, {4}{R}, or {6}."}],"legalities":{"Modern":"Legal","Lorwyn-Shadowmoor Block":"Legal","Legacy":"Legal","Vintage":"Legal","Freeform":"Legal","Prismatic":"Legal","Tribal Wars Legacy":"Legal","Singleton 100":"Legal","Commander":"Legal"},"number":"32","foreignNames":[{"language":"Chinese Simplified","name":"火焰标枪"},{"language":"French","name":"Javelot de flammes"},{"language":"German","name":"Flammenspeer"},{"language":"Italian","name":"Giavellotto Infuocato"},{"language":"Japanese","name":"炎の投げ槍"},{"language":"Portuguese (Brazil)","name":"Azagaia Ardente"},{"language":"Russian","name":"Пламенное Копье"},{"language":"Spanish","name":"Jabalina de llamas"}],"source":"Magic Player Rewards program reward","imageName":"flame javelin","printings":["Magic Player Rewards","Shadowmoor","Duel Decks: Jace vs. Chandra","Duel Decks: Sorin vs. Tibalt"],"releaseDate":"2009"},{"layout":"normal","type":"Instant","types":["Instant"],"colors":["Green"],"name":"Giant Growth","rarity":"Special","cmc":1,"manaCost":"{G}","text":"Target creature gets +3/+3 until end of turn.","artist":"Joel Thomas","legalities":{"Modern":"Legal","Return to Ravnica Block":"Legal","Ice Age Block":"Legal","Legacy":"Legal","Vintage":"Legal","Freeform":"Legal","Prismatic":"Legal","Tribal Wars Legacy":"Legal","Tribal Wars Standard":"Legal","Singleton 100":"Legal","Commander":"Legal"},"number":"13","foreignNames":[{"language":"Chinese Simplified","name":"变巨术"},{"language":"Chinese Traditional","name":"變巨術"},{"language":"French","name":"Croissance gigantesque"},{"language":"German","name":"Riesenwuchs"},{"language":"Italian","name":"Crescita Gigante"},{"language":"Japanese","name":"巨大化"},{"language":"Korean","name":"거대화"},{"language":"Portuguese (Brazil)","name":"Crescimento Desenfreado"},{"language":"Portuguese","name":"Crescimento Desenfreado"},{"language":"Russian","name":"Исполинский рост"},{"language":"Spanish","name":"Crecimiento gigante"}],"source":"Magic Player Rewards program reward","imageName":"giant growth","printings":["Limited Edition Alpha","Limited Edition Beta","Unlimited Edition","Revised Edition","Fourth Edition","Ice Age","Fifth Edition","Anthologies","Classic Sixth Edition","Battle Royale Box Set","Super Series","Friday Night Magic","Starter 2000","Beatdown Box Set","Seventh Edition","Magic Player Rewards","Deckmasters","Eighth Edition","Ninth Edition","Tenth Edition","Duel Decks: Elves vs. Goblins","Masters Edition II","Magic 2010","Masters Edition III","Duel Decks: Garruk vs. Liliana","Duels of the Planeswalkers","Magic 2011","Masters Edition IV","Return to Ravnica","Magic 2014 Core Set"],"releaseDate":"2006-01"},{"layout":"normal","type":"Sorcery","types":["Sorcery"],"colors":["Green"],"name":"Harmonize","rarity":"Special","cmc":4,"manaCost":"{2}{G}{G}","text":"Draw three cards.","artist":"Vance Kovacs","rulings":[{"date":"2007-02-01","text":"This is the timeshifted version of Concentrate."}],"legalities":{"Modern":"Legal","Time Spiral Block":"Legal","Legacy":"Legal","Vintage":"Legal","Freeform":"Legal","Prismatic":"Legal","Tribal Wars Legacy":"Legal","Singleton 100":"Legal","Commander":"Legal"},"number":"28","foreignNames":[{"language":"Chinese Simplified","name":"和谐"},{"language":"French","name":"Harmonisation"},{"language":"German","name":"In Einklang bringen"},{"language":"Italian","name":"Armonizzare"},{"language":"Japanese","name":"調和"},{"language":"Portuguese (Brazil)","name":"Harmonizar"},{"language":"Russian","name":"Гармония"},{"language":"Spanish","name":"Armonizar"}],"source":"Magic Player Rewards program reward","imageName":"harmonize","printings":["Magic Player Rewards","Planar Chaos","Duel Decks: Elves vs. Goblins","Duel Decks: Garruk vs. Liliana","Archenemy","Magic: The Gathering-Commander","Commander 2013 Edition"],"releaseDate":"2008-03"},{"layout":"normal","type":"Instant","types":["Instant"],"colors":["Green"],"name":"Harrow","rarity":"Special","cmc":3,"manaCost":"{2}{G}","text":"As an additional cost to cast Harrow, sacrifice a land.\nSearch your library for up to two basic land cards and put them onto the battlefield. Then shuffle your library.","artist":"Lars Grant-West","rulings":[{"date":"2004-10-04","text":"The sacrifice of a land is part of the cost of casting Harrow. You can't pay this cost more than once to get a multiple effect."},{"date":"2004-10-04","text":"The two lands do not count toward your normal one land you can play each turn."},{"date":"2004-10-04","text":"Because the \"search\" requires you to find a card with certain characteristics, you don't have to find the card if you don't want to."}],"legalities":{"Modern":"Legal","Zendikar Block":"Legal","Invasion Block":"Legal","Tempest Block":"Legal","Legacy":"Legal","Vintage":"Legal","Freeform":"Legal","Prismatic":"Legal","Tribal Wars Legacy":"Legal","Singleton 100":"Legal","Commander":"Legal"},"number":"48","foreignNames":[{"language":"Chinese Simplified","name":"整地"},{"language":"French","name":"Hersage"},{"language":"German","name":"Brandrodung"},{"language":"Italian","name":"Erpice"},{"language":"Japanese","name":"砕土"},{"language":"Portuguese (Brazil)","name":"Estorrar"},{"language":"Russian","name":"Боронение"},{"language":"Spanish","name":"Gradar"}],"source":"Magic Player Rewards program reward","imageName":"harrow","printings":["Tempest","Invasion","Magic Player Rewards","Zendikar","Duel Decks: Phyrexia vs. the Coalition","Commander 2014"],"releaseDate":"2010"},{"layout":"normal","type":"Instant","types":["Instant"],"colors":["Blue"],"name":"Hinder","rarity":"Special","cmc":3,"manaCost":"{1}{U}{U}","text":"Counter target spell. If that spell is countered this way, put that card on the top or bottom of its owner's library instead of into that player's graveyard.","artist":"Anthony S. Waters","legalities":{"Modern":"Legal","Kamigawa Block":"Legal","Legacy":"Legal","Vintage":"Legal","Freeform":"Legal","Prismatic":"Legal","Tribal Wars Legacy":"Legal","Singleton 100":"Legal","Commander":"Legal"},"number":"11","foreignNames":[{"language":"Chinese Simplified","name":"阻碍"},{"language":"French","name":"Obstacle"},{"language":"German","name":"Hindern"},{"language":"Italian","name":"Intralciare"},{"language":"Japanese","name":"邪魔"},{"language":"Portuguese (Brazil)","name":"Obstruir"},{"language":"Spanish","name":"Obstaculizar"}],"source":"Magic Player Rewards program reward","imageName":"hinder","printings":["Magic Player Rewards","Champions of Kamigawa"],"releaseDate":"2005-09"},{"layout":"normal","type":"Creature — Specter","types":["Creature"],"colors":["Black"],"name":"Hypnotic Specter","rarity":"Special","subtypes":["Specter"],"power":"2","toughness":"2","cmc":3,"manaCost":"{1}{B}{B}","text":"Flying\nWhenever Hypnotic Specter deals damage to an opponent, that player discards a card at random.","flavor":"\"There was no trace\nOf aught on that illumined face...\" -Samuel Taylor Coleridge, \"Phantom\"","artist":"Douglas Shuler","rulings":[{"date":"2008-08-01","text":"The ability triggers even if the Specter's damage is being redirected to an opponent. It does not trigger if damage that would have been dealt to the opponent is redirected to a nonopponent player or a creature, or if the damage is prevented."}],"legalities":{"Modern":"Legal","Legacy":"Legal","Vintage":"Legal","Freeform":"Legal","Prismatic":"Legal","Tribal Wars Legacy":"Legal","Singleton 100":"Legal","Commander":"Legal"},"number":"10","foreignNames":[{"language":"Chinese Simplified","name":"催眠幽灵"},{"language":"Chinese Traditional","name":"催眠幽靈"},{"language":"French","name":"Spectre hypnotiseur"},{"language":"German","name":"Hypnotisierendes Gespenst"},{"language":"Italian","name":"Spettro Ipnotico"},{"language":"Japanese","name":"惑乱の死霊"},{"language":"Portuguese (Brazil)","name":"Espectro Hipnótico"},{"language":"Russian","name":"Усыпляющий призрак"},{"language":"Spanish","name":"Espectro hipnótico"}],"source":"Magic Player Rewards program reward","imageName":"hypnotic specter","printings":["Limited Edition Alpha","Limited Edition Beta","Unlimited Edition","Revised Edition","Fourth Edition","Anthologies","Magic Player Rewards","Ninth Edition","Tenth Edition","Magic 2010"],"releaseDate":"2005-09"},{"layout":"normal","type":"Instant","types":["Instant"],"colors":["Red"],"name":"Incinerate","rarity":"Special","cmc":2,"manaCost":"{1}{R}","text":"Incinerate deals 3 damage to target creature or player. A creature dealt damage this way can't be regenerated this turn.","artist":"Zoltan Boros & Gabor Szikszai","rulings":[{"date":"2007-07-15","text":"Regeneration abilities that would affect that creature can still be activated; they just won't do anything. The creature can't be regenerated for any reason, even if an effect other than Incinerate would deal lethal damage to it or otherwise destroy it."}],"legalities":{"Modern":"Legal","Mirage Block":"Legal","Ice Age Block":"Legal","Legacy":"Legal","Vintage":"Legal","Freeform":"Legal","Prismatic":"Legal","Tribal Wars Legacy":"Legal","Singleton 100":"Legal","Commander":"Legal"},"number":"26","foreignNames":[{"language":"Chinese Traditional","name":"焚化"},{"language":"Chinese Simplified","name":"焚化"},{"language":"French","name":"Incinération"},{"language":"German","name":"Einäscherung"},{"language":"Italian","name":"Incenerire"},{"language":"Japanese","name":"火葬"},{"language":"Portuguese (Brazil)","name":"Incinerar"},{"language":"Russian","name":"Сжигание"},{"language":"Spanish","name":"Incinerar"}],"source":"Magic Player Rewards program reward","imageName":"incinerate","printings":["Legend Membership","Ice Age","Mirage","Fifth Edition","Magic Player Rewards","Deckmasters","Coldsnap Theme Decks","Tenth Edition","Masters Edition II","Duel Decks: Jace vs. Chandra","Duels of the Planeswalkers","Magic 2012"],"releaseDate":"2007-12"},{"layout":"normal","type":"Sorcery","types":["Sorcery"],"colors":["Black"],"name":"Infest","rarity":"Special","cmc":3,"manaCost":"{1}{B}{B}","text":"All creatures get -2/-2 until end of turn.","artist":"Pete Venters","legalities":{"Modern":"Legal","Shards of Alara Block":"Legal","Onslaught Block":"Legal","Legacy":"Legal","Vintage":"Legal","Freeform":"Legal","Prismatic":"Legal","Tribal Wars Legacy":"Legal","Singleton 100":"Legal","Commander":"Legal"},"number":"43","foreignNames":[{"language":"Chinese Simplified","name":"疫病蔓延"},{"language":"French","name":"Infestation"},{"language":"German","name":"Anstecken"},{"language":"Italian","name":"Infestare"},{"language":"Japanese","name":"蔓延"},{"language":"Portuguese (Brazil)","name":"Infestar"},{"language":"Russian","name":"Заражение"},{"language":"Spanish","name":"Infestar"}],"source":"Magic Player Rewards program reward","imageName":"infest","printings":["Magic Player Rewards","Onslaught","Shards of Alara","Archenemy","Commander 2013 Edition"],"releaseDate":"2010"},{"layout":"normal","type":"Instant","types":["Instant"],"colors":["Red"],"name":"Lightning Bolt","rarity":"Special","cmc":1,"manaCost":"{R}","text":"Lightning Bolt deals 3 damage to target creature or player.","artist":"Véronique Meignaud","legalities":{"Modern":"Legal","Legacy":"Legal","Vintage":"Legal","Freeform":"Legal","Prismatic":"Legal","Tribal Wars Legacy":"Legal","Singleton 100":"Legal","Commander":"Legal"},"number":"40","foreignNames":[{"language":"Chinese Simplified","name":"闪电击"},{"language":"Chinese Traditional","name":"閃電擊"},{"language":"French","name":"Foudre"},{"language":"German","name":"Blitzschlag"},{"language":"Italian","name":"Fulmine"},{"language":"Japanese","name":"稲妻"},{"language":"Portuguese (Brazil)","name":"Raio"},{"language":"Russian","name":"Удар Молнии"},{"language":"Spanish","name":"Relámpago"}],"source":"Magic Player Rewards program reward","imageName":"lightning bolt","printings":["Limited Edition Alpha","Limited Edition Beta","Unlimited Edition","Revised Edition","Fourth Edition","Judge Gift Program","Anthologies","Beatdown Box Set","Magic Player Rewards","Masters Edition","Magic 2010","Magic 2011","Premium Deck Series: Fire and Lightning"],"releaseDate":"2010"},{"layout":"normal","type":"Instant","types":["Instant"],"colors":["White","Red"],"name":"Lightning Helix","rarity":"Special","cmc":2,"manaCost":"{R}{W}","text":"Lightning Helix deals 3 damage to target creature or player and you gain 3 life.","artist":"Kev Walker","rulings":[{"date":"2013-06-07","text":"If the creature or player is an illegal target as Lightning Helix tries to resolve, it will be countered and none of its effects will happen. You won't gain 3 life."}],"legalities":{"Modern":"Legal","Ravnica Block":"Legal","Legacy":"Legal","Vintage":"Legal","Freeform":"Legal","Prismatic":"Legal","Tribal Wars Legacy":"Legal","Singleton 100":"Legal","Commander":"Legal"},"number":"16","foreignNames":[{"language":"Chinese Simplified","name":"闪电螺旋"},{"language":"French","name":"Hélice d'éclairs"},{"language":"German","name":"Blitzhelix"},{"language":"Italian","name":"Spirale Fulminante"},{"language":"Japanese","name":"稲妻のらせん"},{"language":"Portuguese (Brazil)","name":"Hélice de Raios"},{"language":"Russian","name":"Спираль молний"},{"language":"Spanish","name":"Hélice de relámpagos"}],"source":"Magic Player Rewards program reward","imageName":"lightning helix","printings":["Magic Player Rewards","Ravnica: City of Guilds","Planechase","Duel Decks: Ajani vs. Nicol Bolas","Modern Masters","Duel Decks: Speed vs. Cunning"],"releaseDate":"2006-05"},{"layout":"normal","type":"Instant","types":["Instant"],"colors":["Blue"],"name":"Mana Leak","rarity":"Special","cmc":2,"manaCost":"{1}{U}","text":"Counter target spell unless its controller pays {3}.","artist":"Christopher Rush","legalities":{"Modern":"Legal","Tempest Block":"Legal","Legacy":"Legal","Vintage":"Legal","Freeform":"Legal","Prismatic":"Legal","Tribal Wars Legacy":"Legal","Singleton 100":"Legal","Commander":"Legal"},"number":"8","foreignNames":[{"language":"Chinese Simplified","name":"魔力流失"},{"language":"Chinese Traditional","name":"魔力流失"},{"language":"French","name":"Fuite de mana"},{"language":"German","name":"Manaleck"},{"language":"Italian","name":"Indebolimento Magico"},{"language":"Japanese","name":"マナ漏出"},{"language":"Portuguese (Brazil)","name":"Fuga de Mana"},{"language":"Russian","name":"Утечка маны"},{"language":"Spanish","name":"Fuga de maná"}],"source":"Magic Player Rewards program reward","imageName":"mana leak","printings":["Arena League","Stronghold","Battle Royale Box Set","Magic Player Rewards","Eighth Edition","Ninth Edition","Magic 2011","Magic 2012","Duel Decks: Speed vs. Cunning"],"releaseDate":"2005-05"},{"layout":"normal","type":"Instant","types":["Instant"],"colors":["White"],"name":"Mana Tithe","rarity":"Special","cmc":1,"manaCost":"{W}","text":"Counter target spell unless its controller pays {1}.","artist":"Donato Giancola","rulings":[{"date":"2004-10-04","text":"The payment is optional."},{"date":"2007-02-01","text":"This is the timeshifted version of Force Spike."}],"legalities":{"Modern":"Legal","Time Spiral Block":"Legal","Legacy":"Legal","Vintage":"Legal","Freeform":"Legal","Prismatic":"Legal","Tribal Wars Legacy":"Legal","Singleton 100":"Legal","Commander":"Legal"},"number":"27","foreignNames":[{"language":"Chinese Simplified","name":"魔力什一税"},{"language":"French","name":"Dîme de mana"},{"language":"German","name":"Manazehnt"},{"language":"Italian","name":"Tributo di Mana"},{"language":"Japanese","name":"マナの税収"},{"language":"Portuguese (Brazil)","name":"Dízimo de Mana"},{"language":"Russian","name":"Мановый Налог"},{"language":"Spanish","name":"Diezmo de maná"}],"source":"Magic Player Rewards program reward","imageName":"mana tithe","printings":["Magic Player Rewards","Planar Chaos"],"releaseDate":"2008-03"},{"layout":"normal","type":"Instant","types":["Instant"],"colors":["White","Black"],"name":"Mortify","rarity":"Special","cmc":3,"manaCost":"{1}{W}{B}","text":"Destroy target creature or enchantment.","artist":"Brian Snõddy","rulings":[{"date":"2006-02-01","text":"This spell isn't Modal. When it resolves, it will destroy the target if it's a creature or an enchantment, even if it changed from one to the other between targeting and resolution."}],"legalities":{"Modern":"Legal","Ravnica Block":"Legal","Legacy":"Legal","Vintage":"Legal","Freeform":"Legal","Prismatic":"Legal","Tribal Wars Legacy":"Legal","Singleton 100":"Legal","Commander":"Legal"},"number":"19","foreignNames":[{"language":"Chinese Simplified","name":"羞愧"},{"language":"French","name":"Mortification"},{"language":"German","name":"Kasteiung"},{"language":"Italian","name":"Mortificare"},{"language":"Japanese","name":"屈辱"},{"language":"Portuguese (Brazil)","name":"Mortificar"},{"language":"Russian","name":"Унижение"},{"language":"Spanish","name":"Mortificar"}],"source":"Magic Player Rewards program reward","imageName":"mortify","printings":["Magic Player Rewards","Guildpact","Magic: The Gathering-Commander","Duel Decks: Sorin vs. Tibalt","Magic: The Gathering—Conspiracy"],"releaseDate":"2006-09"},{"layout":"normal","type":"Tribal Instant — Shapeshifter","types":["Tribal","Instant"],"colors":["Black"],"name":"Nameless Inversion","rarity":"Special","subtypes":["Shapeshifter"],"cmc":2,"manaCost":"{1}{B}","text":"Changeling (This card is every creature type at all times.)\nTarget creature gets +3/-3 and loses all creature types until end of turn.","artist":"Jesper Ejsing","rulings":[{"date":"2007-10-01","text":"If a creature loses all creature types but then gains a new creature type later in the turn, it will be that new creature type."},{"date":"2013-07-01","text":"Examples of creature types include Sliver, Goblin, and Soldier. Creature types appear after the dash on the type line of creatures."}],"legalities":{"Modern":"Legal","Lorwyn-Shadowmoor Block":"Legal","Legacy":"Legal","Vintage":"Legal","Freeform":"Legal","Prismatic":"Legal","Tribal Wars Legacy":"Legal","Singleton 100":"Legal","Commander":"Legal"},"number":"34","foreignNames":[{"language":"Chinese Traditional","name":"無名倒錯"},{"language":"Chinese Simplified","name":"无名倒错"},{"language":"French","name":"Inversion sans nom"},{"language":"German","name":"Namenlose Umkehrung"},{"language":"Italian","name":"Inversione Indicibile"},{"language":"Japanese","name":"名も無き転置"},{"language":"Portuguese (Brazil)","name":"Inversão Anônima"},{"language":"Russian","name":"Невыразимое Превращение"},{"language":"Spanish","name":"Inversión sin nombre"}],"source":"Magic Player Rewards program reward","imageName":"nameless inversion","printings":["Magic Player Rewards","Lorwyn"],"releaseDate":"2009"},{"layout":"normal","type":"Instant","types":["Instant"],"colors":["Blue"],"name":"Negate","rarity":"Special","cmc":2,"manaCost":"{1}{U}","text":"Counter target noncreature spell.","artist":"Ralph Horsley","rulings":[{"date":"2009-10-01","text":"A \"creature spell\" is any spell with the type Creature, even if it has other types such as Artifact or Enchantment. Older cards of type Summon are also Creature spells."}],"legalities":{"Standard":"Legal","Modern":"Legal","Lorwyn-Shadowmoor Block":"Legal","Legacy":"Legal","Vintage":"Legal","Freeform":"Legal","Prismatic":"Legal","Tribal Wars Legacy":"Legal","Tribal Wars Standard":"Legal","Singleton 100":"Legal","Commander":"Legal"},"number":"38","foreignNames":[{"language":"Chinese Simplified","name":"失效"},{"language":"Chinese Traditional","name":"失效"},{"language":"French","name":"Négation"},{"language":"German","name":"Negieren"},{"language":"Italian","name":"Negare"},{"language":"Japanese","name":"否認"},{"language":"Korean","name":"부인"},{"language":"Portuguese (Brazil)","name":"Negar"},{"language":"Portuguese","name":"Negar"},{"language":"Russian","name":"Отвергнуть"},{"language":"Spanish","name":"Negar"}],"source":"Magic Player Rewards program reward","imageName":"negate","printings":["Magic Player Rewards","Morningtide","Magic 2010","Duels of the Planeswalkers","Magic 2011","Magic 2012","Magic 2013","Magic 2014 Core Set","Magic 2015 Core Set"],"releaseDate":"2009"},{"layout":"normal","type":"Instant","types":["Instant"],"colors":["Green"],"name":"Oxidize","rarity":"Special","cmc":1,"manaCost":"{G}","text":"Destroy target artifact. It can't be regenerated.","artist":"Scott M. Fischer","legalities":{"Modern":"Legal","Mirrodin Block":"Legal","Legacy":"Legal","Vintage":"Legal","Freeform":"Legal","Prismatic":"Legal","Tribal Wars Legacy":"Legal","Singleton 100":"Legal","Commander":"Legal"},"number":"7","foreignNames":[{"language":"Chinese Simplified","name":"氧化"},{"language":"French","name":"Oxydation"},{"language":"German","name":"Oxidieren"},{"language":"Italian","name":"Ossidare"},{"language":"Japanese","name":"酸化"},{"language":"Portuguese (Brazil)","name":"Oxidar"},{"language":"Spanish","name":"Oxidar"}],"source":"Magic Player Rewards program reward","imageName":"oxidize","printings":["Magic Player Rewards","Darksteel"],"releaseDate":"2005-01"},{"layout":"normal","type":"Sorcery","types":["Sorcery"],"colors":["Blue"],"name":"Ponder","rarity":"Special","cmc":1,"manaCost":"{U}","text":"Look at the top three cards of your library, then put them back in any order. You may shuffle your library.\nDraw a card.","artist":"Steve Argyle","rulings":[{"date":"2007-10-01","text":"If you choose to shuffle your library, that includes the three cards you just looked at and put back on top of it."}],"legalities":{"Modern":"Banned","Lorwyn-Shadowmoor Block":"Legal","Legacy":"Legal","Vintage":"Restricted","Freeform":"Legal","Prismatic":"Legal","Tribal Wars Legacy":"Legal","Singleton 100":"Legal","Commander":"Legal"},"number":"29","foreignNames":[{"language":"Chinese Simplified","name":"沉思"},{"language":"Chinese Traditional","name":"沉思"},{"language":"French","name":"Contemplation"},{"language":"German","name":"In Betracht ziehen"},{"language":"Italian","name":"Ponderare"},{"language":"Japanese","name":"思案"},{"language":"Portuguese (Brazil)","name":"Ponderar"},{"language":"Russian","name":"Размышления"},{"language":"Spanish","name":"Reflexionar"}],"source":"Magic Player Rewards program reward","imageName":"ponder","printings":["Magic Player Rewards","Lorwyn","Magic 2010","Magic 2012"],"releaseDate":"2008-07"},{"layout":"normal","type":"Artifact","types":["Artifact"],"name":"Powder Keg","rarity":"Special","cmc":2,"manaCost":"{2}","text":"At the beginning of your upkeep, you may put a fuse counter on Powder Keg.\n{T}, Sacrifice Powder Keg: Destroy each artifact and creature with converted mana cost equal to the number of fuse counters on Powder Keg.","artist":"Dan Frazier","number":"3","source":"Magic Player Rewards program reward","imageName":"powder keg","printings":["Urza's Destiny","Magic Player Rewards"],"releaseDate":"2003-09","legalities":{"Urza Block":"Legal","Legacy":"Legal","Vintage":"Legal","Commander":"Legal"},"rulings":[{"date":"2004-10-04","text":"Only destroys artifacts and creatures with exactly the specified cost. It does not mean \"less than or equal to\"."},{"date":"2004-10-04","text":"Putting on a counter is optional. If you forget, you can't go back later even if it is something you usually do."}]},{"layout":"normal","type":"Instant","types":["Instant"],"colors":["Blue"],"name":"Psionic Blast","rarity":"Special","cmc":3,"manaCost":"{2}{U}","text":"Psionic Blast deals 4 damage to target creature or player and 2 damage to you.","artist":"Aleksi Briclot","legalities":{"Modern":"Legal","Time Spiral Block":"Legal","Legacy":"Legal","Vintage":"Legal","Freeform":"Legal","Prismatic":"Legal","Tribal Wars Legacy":"Legal","Singleton 100":"Legal","Commander":"Legal"},"number":"20","foreignNames":[{"language":"Chinese Simplified","name":"灵能冲击波"},{"language":"French","name":"Salve psionique"},{"language":"German","name":"Psionischer Strahl"},{"language":"Italian","name":"Esplosione Psionica"},{"language":"Japanese","name":"心霊破"},{"language":"Portuguese (Brazil)","name":"Explosão Psíquica"},{"language":"Russian","name":"Психический Взрыв"},{"language":"Spanish","name":"Ráfaga psiónica"}],"source":"Magic Player Rewards program reward","imageName":"psionic blast","printings":["Limited Edition Alpha","Limited Edition Beta","Unlimited Edition","Magic Player Rewards","Time Spiral \"Timeshifted\""],"releaseDate":"2007-03"},{"layout":"normal","type":"Creature — Atog","types":["Creature"],"colors":["Blue","Black"],"name":"Psychatog","rarity":"Special","subtypes":["Atog"],"power":"1","toughness":"2","cmc":3,"manaCost":"{1}{U}{B}","text":"Discard a card: Psychatog gets +1/+1 until end of turn.\nExile two cards from your graveyard: Psychatog gets +1/+1 until end of turn.","artist":"Edward P. Beard, Jr.","legalities":{"Odyssey Block":"Legal","Legacy":"Legal","Vintage":"Legal","Freeform":"Legal","Prismatic":"Legal","Tribal Wars Legacy":"Legal","Singleton 100":"Legal","Commander":"Legal"},"number":"4","foreignNames":[{"language":"Italian","name":"Psicoatog"},{"language":"Portuguese (Brazil)","name":"Psicatogue"},{"language":"Spanish","name":"Psiqueatog"}],"source":"Magic Player Rewards program reward","imageName":"psychatog","printings":["Magic Player Rewards","Odyssey","Vintage Masters"],"releaseDate":"2004-09"},{"layout":"normal","type":"Instant","types":["Instant"],"colors":["Black","Green"],"name":"Putrefy","rarity":"Special","cmc":3,"manaCost":"{1}{B}{G}","text":"Destroy target artifact or creature. It can't be regenerated.","artist":"Richard Sardinha","rulings":[{"date":"2006-02-01","text":"This spell isn't Modal. When it resolves, it will destroy the target if it's a creature or an artifact, even if it changed from one to the other between targeting and resolution."}],"legalities":{"Modern":"Legal","Return to Ravnica Block":"Legal","Ravnica Block":"Legal","Legacy":"Legal","Vintage":"Legal","Freeform":"Legal","Prismatic":"Legal","Tribal Wars Legacy":"Legal","Tribal Wars Standard":"Legal","Singleton 100":"Legal","Commander":"Legal"},"number":"14","foreignNames":[{"language":"Chinese Simplified","name":"腐烂"},{"language":"Chinese Traditional","name":"腐爛"},{"language":"French","name":"Putréfier"},{"language":"German","name":"Verfaulen lassen"},{"language":"Italian","name":"Putrificare"},{"language":"Japanese","name":"化膿"},{"language":"Korean","name":"썩히기"},{"language":"Portuguese (Brazil)","name":"Putrificar"},{"language":"Russian","name":"Гниение"},{"language":"Spanish","name":"Pudrir"}],"source":"Magic Player Rewards program reward","imageName":"putrefy","printings":["Magic Player Rewards","Ravnica: City of Guilds","Duel Decks: Izzet vs. Golgari","Dragon's Maze"],"releaseDate":"2006-01"},{"layout":"normal","type":"Sorcery","types":["Sorcery"],"colors":["Red"],"name":"Pyroclasm","rarity":"Special","cmc":2,"manaCost":"{1}{R}","text":"Pyroclasm deals 2 damage to each creature.","artist":"Dave Dorman","legalities":{"Modern":"Legal","Ice Age Block":"Legal","Legacy":"Legal","Vintage":"Legal","Freeform":"Legal","Prismatic":"Legal","Tribal Wars Legacy":"Legal","Singleton 100":"Legal","Commander":"Legal"},"number":"12","foreignNames":[{"language":"Chinese Simplified","name":"烈火断层"},{"language":"Chinese Traditional","name":"烈火斷層"},{"language":"French","name":"Pyroclasme"},{"language":"German","name":"Feuermasse"},{"language":"Italian","name":"Piroclasma"},{"language":"Japanese","name":"紅蓮地獄"},{"language":"Portuguese (Brazil)","name":"Piroclasma"},{"language":"Russian","name":"Пироклазм"},{"language":"Spanish","name":"Detonación ígnea"}],"source":"Magic Player Rewards program reward","imageName":"pyroclasm","printings":["Ice Age","Portal","Seventh Edition","Magic Player Rewards","Deckmasters","Eighth Edition","Ninth Edition","Tenth Edition","Magic 2010","Magic 2011","Duel Decks: Sorin vs. Tibalt","Duel Decks: Heroes vs. Monsters"],"releaseDate":"2005-09"},{"layout":"normal","type":"Sorcery","types":["Sorcery"],"colors":["Green"],"name":"Rampant Growth","rarity":"Special","cmc":2,"manaCost":"{1}{G}","text":"Search your library for a basic land card and put that card onto the battlefield tapped. Then shuffle your library.","artist":"Terese Nielsen","rulings":[{"date":"2004-10-04","text":"The land does not count toward your one per turn limit because it was put onto the battlefield by an effect."},{"date":"2004-10-04","text":"Because the \"search\" requires you to find a card with certain characteristics, you don't have to find the card if you don't want to."}],"legalities":{"Modern":"Legal","Tempest Block":"Legal","Mirage Block":"Legal","Legacy":"Legal","Vintage":"Legal","Freeform":"Legal","Prismatic":"Legal","Tribal Wars Legacy":"Legal","Singleton 100":"Legal","Commander":"Legal"},"number":"37","foreignNames":[{"language":"Chinese Simplified","name":"徒长"},{"language":"Chinese Traditional","name":"徒長"},{"language":"French","name":"Croissance luxuriante"},{"language":"German","name":"Wucherndes Wachstum"},{"language":"Italian","name":"Crescita Inarrestabile"},{"language":"Japanese","name":"不屈の自然"},{"language":"Korean","name":"급격한 성장"},{"language":"Portuguese (Brazil)","name":"Crescimento Exuberante"},{"language":"Russian","name":"Буйный рост"},{"language":"Spanish","name":"Crecimiento exuberante"}],"source":"Magic Player Rewards program reward","imageName":"rampant growth","printings":["Mirage","Tempest","Classic Sixth Edition","Beatdown Box Set","Seventh Edition","Magic Player Rewards","Eighth Edition","Ninth Edition","Tenth Edition","Magic 2010","Planechase","Duels of the Planeswalkers","Magic 2012"],"releaseDate":"2009-04"},{"layout":"normal","type":"Instant","types":["Instant"],"colors":["White"],"name":"Reciprocate","rarity":"Special","cmc":1,"manaCost":"{W}","text":"Exile target creature that dealt damage to you this turn.","artist":"Jim Murray","legalities":{"Modern":"Legal","Kamigawa Block":"Legal","Legacy":"Legal","Vintage":"Legal","Freeform":"Legal","Prismatic":"Legal","Tribal Wars Legacy":"Legal","Singleton 100":"Legal","Commander":"Legal"},"number":"9","foreignNames":[{"language":"Chinese Simplified","name":"回报"},{"language":"French","name":"Rendre la pareille"},{"language":"German","name":"Gegendienst leisten"},{"language":"Italian","name":"Contraccambiare"},{"language":"Japanese","name":"返礼"},{"language":"Portuguese (Brazil)","name":"Reciprocar"},{"language":"Spanish","name":"Reciprocar"}],"source":"Magic Player Rewards program reward","imageName":"reciprocate","printings":["Magic Player Rewards","Champions of Kamigawa","Duel Decks: Knights vs. Dragons"],"releaseDate":"2005-05"},{"layout":"normal","type":"Sorcery","types":["Sorcery"],"colors":["Green"],"name":"Recollect","rarity":"Special","cmc":3,"manaCost":"{2}{G}","text":"Return target card from your graveyard to your hand.","artist":"Michael Sutfin","legalities":{"Modern":"Legal","Ravnica Block":"Legal","Legacy":"Legal","Vintage":"Legal","Freeform":"Legal","Prismatic":"Legal","Tribal Wars Legacy":"Legal","Singleton 100":"Legal","Commander":"Legal"},"number":"23","foreignNames":[{"language":"Chinese Simplified","name":"重拾记忆"},{"language":"Chinese Traditional","name":"重拾記憶"},{"language":"French","name":"Souvenance"},{"language":"German","name":"Ins Gedächtnis zurückrufen"},{"language":"Italian","name":"Rammentare"},{"language":"Japanese","name":"喚起"},{"language":"Portuguese (Brazil)","name":"Recordar"},{"language":"Russian","name":"Припоминание"},{"language":"Spanish","name":"Recordar"}],"source":"Magic Player Rewards program reward","imageName":"recollect","printings":["Magic Player Rewards","Ravnica: City of Guilds","Tenth Edition"],"releaseDate":"2007-07"},{"layout":"normal","type":"Instant","types":["Instant"],"colors":["Blue"],"name":"Remove Soul","rarity":"Special","cmc":2,"manaCost":"{1}{U}","text":"Counter target creature spell.","artist":"Mike Dringenberg","rulings":[{"date":"2008-04-01","text":"A \"creature spell\" is any spell with the type Creature, even if it has other types such as Artifact or Enchantment. Older cards of type Summon are also Creature spells."}],"legalities":{"Modern":"Legal","Legacy":"Legal","Vintage":"Legal","Freeform":"Legal","Prismatic":"Legal","Tribal Wars Legacy":"Legal","Singleton 100":"Legal","Commander":"Legal"},"number":"35","foreignNames":[{"language":"Chinese Traditional","name":"移魂術"},{"language":"Chinese Simplified","name":"移魂术"},{"language":"French","name":"Retrait d'âme"},{"language":"German","name":"Seelenvernichtung"},{"language":"Italian","name":"Estirpare l'Anima"},{"language":"Japanese","name":"霊魂放逐"},{"language":"Korean","name":"영혼 제거"},{"language":"Portuguese (Brazil)","name":"Remover a Alma"},{"language":"Russian","name":"Удаление души"},{"language":"Spanish","name":"Robar el alma"}],"source":"Magic Player Rewards program reward","imageName":"remove soul","printings":["Legends","Chronicles","Fifth Edition","Classic Sixth Edition","Starter 1999","Seventh Edition","Magic Player Rewards","Eighth Edition","Ninth Edition","Tenth Edition","Masters Edition III"],"releaseDate":"2009"},{"layout":"normal","type":"Instant","types":["Instant"],"colors":["Red"],"name":"Searing Blaze","rarity":"Special","cmc":2,"manaCost":"{R}{R}","text":"Searing Blaze deals 1 damage to target player and 1 damage to target creature that player controls.\nLandfall — If you had a land enter the battlefield under your control this turn, Searing Blaze deals 3 damage to that player and 3 damage to that creature instead.","artist":"Jaime Jones","rulings":[{"date":"2010-03-01","text":"You must choose two targets as you cast Searing Blaze: a player and a creature that player controls. If you can't (because there are no creatures on the battlefield, perhaps), then you can't cast the spell."},{"date":"2010-03-01","text":"If either target is illegal by the time Searing Blaze resolves, it still deals damage to the other target."}],"legalities":{"Modern":"Legal","Zendikar Block":"Legal","Legacy":"Legal","Vintage":"Legal","Freeform":"Legal","Prismatic":"Legal","Tribal Wars Legacy":"Legal","Singleton 100":"Legal","Commander":"Legal"},"number":"53","foreignNames":[{"language":"Chinese Simplified","name":"炙热火光"},{"language":"French","name":"Brasier calcinant"},{"language":"German","name":"Sengende Strahlen"},{"language":"Italian","name":"Fiamma Ustionante"},{"language":"Japanese","name":"焼尽の猛火"},{"language":"Portuguese (Brazil)","name":"Labareda Cauterizante"},{"language":"Russian","name":"Жаркое Пламя"},{"language":"Spanish","name":"Llamarada abrasadora"}],"source":"Magic Player Rewards program reward","imageName":"searing blaze","printings":["Magic Player Rewards","Worldwake","Duel Decks: Venser vs. Koth"],"releaseDate":"2011"},{"layout":"normal","type":"Sorcery","types":["Sorcery"],"colors":["Black"],"name":"Sign in Blood","rarity":"Special","cmc":2,"manaCost":"{B}{B}","text":"Target player draws two cards and loses 2 life.","artist":"Alan Pollack","legalities":{"Standard":"Legal","Modern":"Legal","Legacy":"Legal","Vintage":"Legal","Freeform":"Legal","Prismatic":"Legal","Tribal Wars Legacy":"Legal","Tribal Wars Standard":"Legal","Singleton 100":"Legal","Commander":"Legal"},"number":"42","foreignNames":[{"language":"Chinese Simplified","name":"以血立契"},{"language":"Chinese Traditional","name":"以血立契"},{"language":"French","name":"Signature de sang"},{"language":"German","name":"Mit Blut unterschreiben"},{"language":"Italian","name":"Firmare col Sangue"},{"language":"Japanese","name":"血の署名"},{"language":"Korean","name":"피의 서명"},{"language":"Portuguese (Brazil)","name":"Assinar com Sangue"},{"language":"Russian","name":"Подписание Кровью"},{"language":"Spanish","name":"Firmar con sangre"}],"source":"Magic Player Rewards program reward","imageName":"sign in blood","printings":["Magic Player Rewards","Magic 2010","Duel Decks: Garruk vs. Liliana","Archenemy","Magic 2011","Magic: The Gathering-Commander","Magic 2013","Magic 2015 Core Set","Commander 2014"],"releaseDate":"2010"},{"layout":"normal","type":"Instant","types":["Instant"],"colors":["Black","Red"],"name":"Terminate","rarity":"Special","cmc":2,"manaCost":"{B}{R}","text":"Destroy target creature. It can't be regenerated.","artist":"Thomas M. Baxa","legalities":{"Modern":"Legal","Shards of Alara Block":"Legal","Invasion Block":"Legal","Legacy":"Legal","Vintage":"Legal","Freeform":"Legal","Prismatic":"Legal","Tribal Wars Legacy":"Legal","Singleton 100":"Legal","Commander":"Legal"},"number":"39","foreignNames":[{"language":"Chinese Simplified","name":"终结"},{"language":"French","name":"Terminaison"},{"language":"German","name":"Terminieren"},{"language":"Italian","name":"Terminare"},{"language":"Japanese","name":"終止"},{"language":"Portuguese (Brazil)","name":"Findar"},{"language":"Russian","name":"Истребить"},{"language":"Spanish","name":"Terminar"}],"source":"Magic Player Rewards program reward","imageName":"terminate","printings":["Friday Night Magic","Planeshift","Magic Player Rewards","Alara Reborn","Archenemy","Magic: The Gathering-Commander","Duel Decks: Sorin vs. Tibalt"],"releaseDate":"2009"},{"layout":"normal","type":"Instant","types":["Instant"],"colors":["Black"],"name":"Terror","rarity":"Special","cmc":2,"manaCost":"{1}{B}","text":"Destroy target nonartifact, nonblack creature. It can't be regenerated.","artist":"Ron Spencer","legalities":{"Modern":"Legal","Mirrodin Block":"Legal","Legacy":"Legal","Vintage":"Legal","Freeform":"Legal","Prismatic":"Legal","Tribal Wars Legacy":"Legal","Singleton 100":"Legal","Commander":"Legal"},"number":"5","foreignNames":[{"language":"Chinese Traditional","name":"驚駭"},{"language":"Chinese Simplified","name":"惊骇"},{"language":"French","name":"Terreur"},{"language":"Italian","name":"Terrore"},{"language":"Japanese","name":"恐怖"},{"language":"Russian","name":"Террор"}],"source":"Magic Player Rewards program reward","imageName":"terror","printings":["Limited Edition Alpha","Limited Edition Beta","Unlimited Edition","Revised Edition","Fourth Edition","Rivals Quick Start Set","Introductory Two-Player Set","Fifth Edition","Anthologies","Classic Sixth Edition","Battle Royale Box Set","Friday Night Magic","Starter 2000","Beatdown Box Set","Magic Player Rewards","Mirrodin","Tenth Edition","Duels of the Planeswalkers","Masters Edition IV"],"releaseDate":"2004-09"},{"layout":"normal","type":"Sorcery","types":["Sorcery"],"colors":["Blue"],"name":"Tidings","rarity":"Special","cmc":5,"manaCost":"{3}{U}{U}","text":"Draw four cards.","artist":"Michael Komarck","legalities":{"Modern":"Legal","Legacy":"Legal","Vintage":"Legal","Freeform":"Legal","Prismatic":"Legal","Tribal Wars Legacy":"Legal","Singleton 100":"Legal","Commander":"Legal"},"number":"25","foreignNames":[{"language":"Chinese Simplified","name":"音信"},{"language":"Chinese Traditional","name":"音信"},{"language":"French","name":"Nouvelles"},{"language":"German","name":"Botschaft"},{"language":"Italian","name":"Novelle"},{"language":"Japanese","name":"連絡"},{"language":"Portuguese (Brazil)","name":"Novidades"},{"language":"Russian","name":"Вести"},{"language":"Spanish","name":"Informes"}],"source":"Magic Player Rewards program reward","imageName":"tidings","printings":["Starter 1999","Magic Player Rewards","Ninth Edition","Tenth Edition"],"releaseDate":"2007-12"},{"layout":"normal","type":"Sorcery","types":["Sorcery"],"colors":["Blue"],"name":"Treasure Hunt","rarity":"Special","cmc":2,"manaCost":"{1}{U}","text":"Reveal cards from the top of your library until you reveal a nonland card, then put all cards revealed this way into your hand.","artist":"Steve Prescott","rulings":[{"date":"2010-03-01","text":"The cards you put into your hand this way include one nonland card, plus all the land cards on top of it in your library (if any). If the top card of your library is a nonland card, you just get that one."},{"date":"2010-03-01","text":"If all the cards left in your library are lands, you'll reveal all of them and put them all into your hand."}],"legalities":{"Modern":"Legal","Zendikar Block":"Legal","Legacy":"Legal","Vintage":"Legal","Freeform":"Legal","Prismatic":"Legal","Tribal Wars Legacy":"Legal","Singleton 100":"Legal","Commander":"Legal"},"number":"52","foreignNames":[{"language":"Chinese Simplified","name":"寻宝"},{"language":"French","name":"Chasse au trésor"},{"language":"German","name":"Schatzsuche"},{"language":"Italian","name":"Caccia al Tesoro"},{"language":"Japanese","name":"宝物探し"},{"language":"Portuguese (Brazil)","name":"Caça ao Tesouro"},{"language":"Russian","name":"В Поиске Сокровищ"},{"language":"Spanish","name":"Búsqueda del tesoro"}],"source":"Magic Player Rewards program reward","imageName":"treasure hunt","printings":["Media Inserts","Magic Player Rewards","Worldwake"],"releaseDate":"2011"},{"layout":"normal","type":"Instant","types":["Instant"],"colors":["White","Black"],"name":"Unmake","rarity":"Special","cmc":3,"manaCost":"{W/B}{W/B}{W/B}","text":"Exile target creature.","artist":"Chris Rahn","legalities":{"Modern":"Legal","Lorwyn-Shadowmoor Block":"Legal","Legacy":"Legal","Vintage":"Legal","Freeform":"Legal","Prismatic":"Legal","Tribal Wars Legacy":"Legal","Singleton 100":"Legal","Commander":"Legal"},"number":"33","foreignNames":[{"language":"Chinese Simplified","name":"归返空无"},{"language":"French","name":"Défaire"},{"language":"German","name":"Beseitigen"},{"language":"Italian","name":"Disfare"},{"language":"Japanese","name":"損ない"},{"language":"Portuguese (Brazil)","name":"Inexistir"},{"language":"Russian","name":"Погубить"},{"language":"Spanish","name":"Desvanecer"}],"source":"Magic Player Rewards program reward","imageName":"unmake","printings":["Magic Player Rewards","Eventide","Archenemy","Duel Decks: Sorin vs. Tibalt"],"releaseDate":"2009"},{"layout":"normal","type":"Creature — Human Wizard","types":["Creature"],"colors":["Blue"],"name":"Voidmage Prodigy","rarity":"Special","subtypes":["Human","Wizard"],"power":"2","toughness":"1","cmc":2,"manaCost":"{U}{U}","text":"{U}{U}, Sacrifice a Wizard: Counter target spell.\nMorph {U} (You may cast this card face down as a 2/2 creature for {3}. Turn it face up any time for its morph cost.)","artist":"Christopher Moeller","legalities":{"Modern":"Legal","Time Spiral Block":"Legal","Onslaught Block":"Legal","Legacy":"Legal","Vintage":"Legal","Freeform":"Legal","Prismatic":"Legal","Tribal Wars Legacy":"Legal","Singleton 100":"Legal","Commander":"Legal"},"number":"2","foreignNames":[{"language":"Chinese Simplified","name":"销法师逸才"},{"language":"French","name":"Prodige videmage"},{"language":"German","name":"Nichtigmacher-Naturtalent"},{"language":"Italian","name":"Prodigio di Svuotamagie"},{"language":"Japanese","name":"非凡な虚空魔道士"},{"language":"Portuguese (Brazil)","name":"Prodígio dos Magos do Vácuo"},{"language":"Russian","name":"Гениальный Маг Пустоты"},{"language":"Spanish","name":"Invalidamago prodigio"}],"source":"Magic Player Rewards program reward","imageName":"voidmage prodigy","printings":["Magic Player Rewards","Onslaught","Time Spiral \"Timeshifted\""],"releaseDate":"2003-01"},{"layout":"normal","type":"Instant","types":["Instant"],"colors":["Red"],"name":"Volcanic Fallout","rarity":"Special","cmc":3,"manaCost":"{1}{R}{R}","text":"Volcanic Fallout can't be countered.\nVolcanic Fallout deals 2 damage to each creature and each player.","artist":"Jim Pavelec","rulings":[{"date":"2009-02-01","text":"Volcanic Fallout can be targeted by spells that try to counter it (such as Countersquall). Those spells will still resolve, but the part of their effect that would counter Volcanic Fallout won't do anything. Any other effects those spells have will work as normal."}],"legalities":{"Modern":"Legal","Shards of Alara Block":"Legal","Legacy":"Legal","Vintage":"Legal","Freeform":"Legal","Prismatic":"Legal","Tribal Wars Legacy":"Legal","Singleton 100":"Legal","Commander":"Legal"},"number":"44","foreignNames":[{"language":"Chinese Simplified","name":"火山落尘"},{"language":"French","name":"Retombées volcaniques"},{"language":"German","name":"Vulkanischer Auswurf"},{"language":"Italian","name":"Pioggia di Lapilli"},{"language":"Japanese","name":"火山の流弾"},{"language":"Portuguese (Brazil)","name":"Chuva Vulcânica"},{"language":"Russian","name":"Вулканические Осадки"},{"language":"Spanish","name":"Repercusión volcánica"}],"source":"Magic Player Rewards program reward","imageName":"volcanic fallout","printings":["Magic Player Rewards","Conflux","Archenemy","Magic: The Gathering—Conspiracy"],"releaseDate":"2010"},{"layout":"normal","type":"Land","types":["Land"],"name":"Wasteland","rarity":"Special","text":"{T}: Add {1} to your mana pool.\n{T}, Sacrifice Wasteland: Destroy target nonbasic land.","flavor":"\"I will show you fear in a handful of dust.\" - T. S. Eliot, \"The Waste Land\"","artist":"Una Fricker","legalities":{"Tempest Block":"Legal","Legacy":"Legal","Vintage":"Legal","Commander":"Legal"},"number":"1","source":"Magic Player Rewards program reward","imageName":"wasteland","printings":["Tempest","Judge Gift Program","Magic Player Rewards"],"releaseDate":"2001-05"},{"layout":"normal","type":"Sorcery","types":["Sorcery"],"colors":["White"],"name":"Wrath of God","rarity":"Special","cmc":4,"manaCost":"{2}{W}{W}","text":"Destroy all creatures. They can't be regenerated.","artist":"Ron Spencer","legalities":{"Modern":"Legal","Legacy":"Legal","Vintage":"Legal","Freeform":"Legal","Prismatic":"Legal","Tribal Wars Legacy":"Legal","Singleton 100":"Legal","Commander":"Legal"},"number":"17","foreignNames":[{"language":"Chinese Simplified","name":"神之愤怒"},{"language":"Chinese Traditional","name":"神之憤怒"},{"language":"French","name":"Colère de Dieu"},{"language":"German","name":"Zorn Gottes"},{"language":"Italian","name":"Ira di Dio"},{"language":"Japanese","name":"神の怒り"},{"language":"Portuguese (Brazil)","name":"Cólera de Deus"},{"language":"Russian","name":"Гнев божий"},{"language":"Spanish","name":"Ira de Dios"}],"source":"Magic Player Rewards program reward","imageName":"wrath of god","printings":["Limited Edition Alpha","Limited Edition Beta","Unlimited Edition","Revised Edition","Fourth Edition","Fifth Edition","Portal","Classic Sixth Edition","Battle Royale Box Set","Seventh Edition","Magic Player Rewards","Eighth Edition","Ninth Edition","Tenth Edition","Commander 2013 Edition","From the Vault: Annihilation (2014)"],"releaseDate":"2006-09"},{"layout":"normal","type":"Sorcery","types":["Sorcery"],"colors":["Black"],"name":"Zombify","rarity":"Special","cmc":4,"manaCost":"{3}{B}","text":"Return target creature card from your graveyard to the battlefield.","artist":"Allan Pollack","legalities":{"Modern":"Legal","Odyssey Block":"Legal","Legacy":"Legal","Vintage":"Legal","Freeform":"Legal","Prismatic":"Legal","Tribal Wars Legacy":"Legal","Singleton 100":"Legal","Commander":"Legal"},"number":"15","foreignNames":[{"language":"Chinese Simplified","name":"灵俑化"},{"language":"French","name":"Zombification"},{"language":"German","name":"Zombifizierung"},{"language":"Italian","name":"Zombificare"},{"language":"Japanese","name":"ゾンビ化"},{"language":"Portuguese (Brazil)","name":"Zumbificar"},{"language":"Russian","name":"Зомбирование"},{"language":"Spanish","name":"Zombificar"}],"source":"Magic Player Rewards program reward","imageName":"zombify","printings":["Magic Player Rewards","Odyssey","Eighth Edition","Ninth Edition","Archenemy"],"releaseDate":"2006-05"}]}