{"name":"Portal Demo Game","code":"pPOD","releaseDate":"1997-05-01","border":"black","type":"promo","cards":[{"layout":"normal","type":"Creature — Pegasus","types":["Creature"],"colors":["White"],"name":"Armored Pegasus","rarity":"Special","subtypes":["Pegasus"],"power":"1","toughness":"2","cmc":2,"manaCost":"{1}{W}","text":"Flying","flavor":"Asked how it survived a run-in with a bog imp, the pegasus just shook its mane and burped.","artist":"Andrew Robinson","legalities":{"Tempest Block":"Legal","Legacy":"Legal","Vintage":"Legal","Commander":"Legal"},"number":"1","imageName":"armored pegasus","printings":["Portal","Portal Demo Game","Tempest","Anthologies","Classic Sixth Edition","Battle Royale Box Set","Starter 2000"],"releaseDate":"1997-05-01"},{"layout":"normal","type":"Creature — Hippo","types":["Creature"],"colors":["Green"],"name":"Bull Hippo","rarity":"Special","subtypes":["Hippo"],"power":"3","toughness":"3","cmc":4,"manaCost":"{3}{G}","text":"Islandwalk","artist":"Roger Raupp","legalities":{"Urza Block":"Legal","Legacy":"Legal","Vintage":"Legal","Freeform":"Legal","Prismatic":"Legal","Tribal Wars Legacy":"Legal","Singleton 100":"Legal","Commander":"Legal"},"number":"2","foreignNames":[{"language":"French","name":"Hippopotame mâle"},{"language":"German","name":"Flusspferdbulle"}],"imageName":"bull hippo","printings":["Portal","Portal Demo Game","Urza's Saga","Starter 1999","Seventh Edition"],"releaseDate":"1997-05-01"},{"layout":"normal","type":"Creature — Human Pirate","types":["Creature"],"colors":["Blue"],"name":"Cloud Pirates","rarity":"Special","subtypes":["Human","Pirate"],"power":"1","toughness":"1","cmc":1,"manaCost":"{U}","text":"Flying\nCloud Pirates can block only creatures with flying.","artist":"Phil Foglio","legalities":{"Legacy":"Legal","Vintage":"Legal","Commander":"Legal"},"number":"3","imageName":"cloud pirates","printings":["Portal","Portal Demo Game"],"releaseDate":"1997-05-01"},{"layout":"normal","type":"Creature — Nightstalker","types":["Creature"],"colors":["Black"],"name":"Feral Shadow","rarity":"Special","subtypes":["Nightstalker"],"power":"2","toughness":"1","cmc":3,"manaCost":"{2}{B}","text":"Flying","flavor":"Not all shadows are cast by light—some are cast by darkness.","artist":"Colin MacNeil","legalities":{"Mirage Block":"Legal","Legacy":"Legal","Vintage":"Legal","Freeform":"Legal","Prismatic":"Legal","Tribal Wars Legacy":"Legal","Singleton 100":"Legal","Commander":"Legal"},"number":"4","imageName":"feral shadow","printings":["Mirage","Portal","Portal Demo Game","Classic Sixth Edition","Starter 1999","Beatdown Box Set"],"releaseDate":"1997-05-01"},{"layout":"normal","type":"Creature — Drake","types":["Creature"],"colors":["Blue"],"name":"Snapping Drake","rarity":"Special","subtypes":["Drake"],"power":"3","toughness":"2","cmc":4,"manaCost":"{3}{U}","text":"Flying","flavor":"Drakes claim to be dragons—until the dragons show up.","artist":"Christopher Rush","legalities":{"Modern":"Legal","Ravnica Block":"Legal","Legacy":"Legal","Vintage":"Legal","Freeform":"Legal","Prismatic":"Legal","Tribal Wars Legacy":"Legal","Singleton 100":"Legal","Commander":"Legal"},"number":"5","foreignNames":[{"language":"Chinese Simplified","name":"闪光龙兽"},{"language":"Chinese Traditional","name":"閃光龍獸"},{"language":"French","name":"Drakôn happeur"},{"language":"German","name":"Schnappender Sceada"},{"language":"Italian","name":"Draghetto Azzannatore"},{"language":"Japanese","name":"噛みつきドレイク"},{"language":"Portuguese (Brazil)","name":"Dragonete Trinchador"},{"language":"Russian","name":"Кусачий дрейк"},{"language":"Spanish","name":"Draco mordiente"}],"imageName":"snapping drake","printings":["Portal","Portal Demo Game","Starter 1999","Beatdown Box Set","Ravnica: City of Guilds","Tenth Edition","Magic 2010","Duels of the Planeswalkers"],"releaseDate":"1997-05-01"},{"layout":"normal","type":"Creature — Bird","types":["Creature"],"colors":["Blue"],"name":"Storm Crow","rarity":"Special","subtypes":["Bird"],"power":"1","toughness":"2","cmc":2,"manaCost":"{1}{U}","text":"Flying (This creature can't be blocked except by creatures with flying or reach.)","flavor":"Storm crow descending, winter unending. Storm crow departing, summer is starting.","artist":"Una Fricker","legalities":{"Modern":"Legal","Ice Age Block":"Legal","Legacy":"Legal","Vintage":"Legal","Freeform":"Legal","Prismatic":"Legal","Tribal Wars Legacy":"Legal","Singleton 100":"Legal","Commander":"Legal"},"number":"6","foreignNames":[{"language":"Chinese Traditional","name":"暴風烏鴉"},{"language":"Chinese Simplified","name":"暴风乌鸦"},{"language":"French","name":"Corbeau de l'orage"},{"language":"German","name":"Sturmkrähe"},{"language":"Italian","name":"Corvo delle Tempeste"},{"language":"Japanese","name":"嵐雲のカラス"},{"language":"Korean","name":"폭풍 까마귀"},{"language":"Portuguese (Brazil)","name":"Corvo da Tempestade"},{"language":"Russian","name":"Вестник ненастья"},{"language":"Spanish","name":"Cuervo de la tempestad"}],"imageName":"storm crow","printings":["Alliances","Portal","Portal Demo Game","Classic Sixth Edition","Starter 1999","Seventh Edition","Eighth Edition","Ninth Edition"],"releaseDate":"1997-05-01"}]}