{"name":"Pro Tour","code":"pPRO","magicRaritiesCodes":"14-rarities-pro-tour-card","releaseDate":"2007-02-09","border":"black","type":"promo","cards":[{"layout":"normal","type":"Planeswalker — Ajani","types":["Planeswalker"],"colors":["White"],"name":"Ajani Goldmane","rarity":"Special","subtypes":["Ajani"],"loyalty":4,"cmc":4,"manaCost":"{2}{W}{W}","text":"+1: You gain 2 life.\n−1: Put a +1/+1 counter on each creature you control. Those creatures gain vigilance until end of turn.\n−6: Put a white Avatar creature token onto the battlefield. It has \"This creature's power and toughness are each equal to your life total.\"","artist":"Christopher Moeller","rulings":[{"date":"2007-10-01","text":"The vigilance granted to a creature by the second ability remains until the end of the turn even if the +1/+1 counter is removed."},{"date":"2007-10-01","text":"The power and toughness of the Avatar created by the third ability will change as your life total changes."},{"date":"2013-07-01","text":"Planeswalkers are permanents. You can cast one at the time you could cast a sorcery. When your planeswalker spell resolves, it enters the battlefield under your control."},{"date":"2013-07-01","text":"Planeswalkers are not creatures. Spells and abilities that affect creatures won’t affect them."},{"date":"2013-07-01","text":"Planeswalkers have loyalty. A planeswalker enters the battlefield with a number of loyalty counters on it equal to the number printed in its lower right corner. Activating one of its abilities may cause it to gain or lose loyalty counters. Damage dealt to a planeswalker causes that many loyalty counters to be removed from it. If it has no loyalty counters on it, it’s put into its owner’s graveyard as a state-based action."},{"date":"2013-07-01","text":"Planeswalkers each have a number of activated abilities called “loyalty abilities.” You can activate a loyalty ability of a planeswalker you control only at the time you could cast a sorcery and only if you haven’t activated one of that planeswalker’s loyalty abilities yet that turn."},{"date":"2013-07-01","text":"The cost to activate a planeswalker’s loyalty ability is represented by a symbol with a number inside. Up-arrows contain positive numbers, such as “+1”; this means “Put one loyalty counter on this planeswalker.” Down-arrows contain negative numbers, such as “-7”; this means “Remove seven loyalty counters from this planeswalker.” A symbol with a “0” means “Put zero loyalty counters on this planeswalker.”"},{"date":"2013-07-01","text":"You can’t activate a planeswalker’s ability with a negative loyalty cost unless the planeswalker has at least that many loyalty counters on it."},{"date":"2013-07-01","text":"Planeswalkers can’t attack (unless an effect turns the planeswalker into a creature). However, they can be attacked. Each of your attacking creatures can attack your opponent or a planeswalker that player controls. You say which as you declare attackers."},{"date":"2013-07-01","text":"If your planeswalkers are being attacked, you can block the attackers as normal."},{"date":"2013-07-01","text":"If a creature that’s attacking a planeswalker isn’t blocked, it’ll deal its combat damage to that planeswalker. Damage dealt to a planeswalker causes that many loyalty counters to be removed from it."},{"date":"2013-07-01","text":"If a source you control would deal noncombat damage to an opponent, you may have that source deal that damage to a planeswalker that opponent controls instead. For example, although you can’t target a planeswalker with Shock, you can target your opponent with Shock, and then as Shock resolves, choose to have Shock deal its 2 damage to one of your opponent’s planeswalkers. (You can’t split up that damage between different players and/or planeswalkers.) If you have Shock deal its damage to a planeswalker, two loyalty counters are removed from it."},{"date":"2013-07-01","text":"If a player controls two or more planeswalkers that share a planeswalker type, that player chooses one of them and the rest are put into their owners’ graveyards as a state-based action."}],"legalities":{"Modern":"Legal","Lorwyn-Shadowmoor Block":"Legal","Legacy":"Legal","Vintage":"Legal","Freeform":"Legal","Prismatic":"Legal","Tribal Wars Legacy":"Legal","Singleton 100":"Legal","Commander":"Legal"},"number":"5","foreignNames":[{"language":"Chinese Simplified","name":"金鬃阿耶尼"},{"language":"Chinese Traditional","name":"金鬃阿耶尼"},{"language":"French","name":"Ajani Crinièredor"},{"language":"German","name":"Ajani Goldmähne"},{"language":"Italian","name":"Ajani Criniera D'Oro"},{"language":"Japanese","name":"黄金のたてがみのアジャニ"},{"language":"Portuguese (Brazil)","name":"Ajani Juba D'ouro"},{"language":"Russian","name":"Златогривый Аджани"},{"language":"Spanish","name":"Ajani Melena Dorada"}],"source":"Pro Tour Tournament participation bonus.","imageName":"ajani goldmane","printings":["Pro Tour","Lorwyn","Magic 2010","Magic 2011"],"releaseDate":"2011"},{"layout":"normal","type":"Creature — Avatar","types":["Creature"],"colors":["Black"],"name":"Avatar of Woe","rarity":"Special","subtypes":["Avatar"],"power":"6","toughness":"5","cmc":8,"manaCost":"{6}{B}{B}","text":"If there are ten or more creature cards total in all graveyards, Avatar of Woe costs {6} less to cast.\nFear (This creature can't be blocked except by artifact creatures and/or black creatures.)\n{T}: Destroy target creature. It can't be regenerated.","artist":"rk post","rulings":[{"date":"2004-10-04","text":"The converted mana cost of this card is still 8, even if you only pay {B}{B} to cast it."}],"legalities":{"Modern":"Legal","Time Spiral Block":"Legal","Masques Block":"Legal","Legacy":"Legal","Vintage":"Legal","Freeform":"Legal","Prismatic":"Legal","Tribal Wars Legacy":"Legal","Singleton 100":"Legal","Commander":"Legal"},"number":"4","foreignNames":[{"language":"Chinese Simplified","name":"灾祸化身"},{"language":"French","name":"Avatar du malheur"},{"language":"German","name":"Avatar des Leids"},{"language":"Italian","name":"Avatar della Disperazione"},{"language":"Japanese","name":"悲哀の化身"},{"language":"Portuguese (Brazil)","name":"Avatar da Mágoa"},{"language":"Russian","name":"Аватар Скорби"},{"language":"Spanish","name":"Avatar de la miseria"}],"source":"Pro Tour Tournament participation bonus.","imageName":"avatar of woe","printings":["Prophecy","Time Spiral \"Timeshifted\"","Pro Tour","Archenemy","Magic: The Gathering-Commander","Premium Deck Series: Graveborn"],"releaseDate":"2010"},{"layout":"normal","type":"Creature — Dragon Spirit","types":["Creature"],"colors":["White"],"name":"Eternal Dragon","rarity":"Special","subtypes":["Dragon","Spirit"],"power":"5","toughness":"5","cmc":7,"manaCost":"{5}{W}{W}","text":"Flying\n{3}{W}{W}: Return Eternal Dragon from your graveyard to your hand. Activate this ability only during your upkeep.\nPlainscycling {2} ({2}, Discard this card: Search your library for a Plains card, reveal it, and put it into your hand. Then shuffle your library.)","artist":"Adam Rex","rulings":[{"date":"2009-02-01","text":"Unlike the normal cycling ability, Plainscycling doesn't allow you to draw a card. Instead, it lets you search your library for a Plains card. After you find a Plains card in your library, you reveal it, put it into your hand, then shuffle your library."},{"date":"2009-02-01","text":"Plainscycling is a form of cycling. Any ability that triggers on a card being cycled also triggers on Plainscycling this card. Any ability that stops a cycling ability from being activated also stops Plainscycling from being activated."},{"date":"2009-02-01","text":"Plainscycling is an activated ability. Effects that interact with activated abilities (such as Stifle or Rings of Brighthearth) will interact with Plainscycling. Effects that interact with spells (such as Remove Soul or Faerie Tauntings) will not."},{"date":"2009-02-01","text":"You can choose to find any card with the Plains land type, including nonbasic lands. You can also choose not to find a card, even if there is a Plains card in your library."}],"legalities":{"Onslaught Block":"Legal","Legacy":"Legal","Vintage":"Legal","Freeform":"Legal","Prismatic":"Legal","Tribal Wars Legacy":"Legal","Singleton 100":"Legal","Commander":"Legal"},"number":"1","foreignNames":[{"language":"French","name":"Dragon éternel"},{"language":"German","name":"Ewiger Drache"},{"language":"Italian","name":"Drago Eterno"},{"language":"Japanese","name":"永遠のドラゴン"},{"language":"Portuguese (Brazil)","name":"Dragão Perpétuo"},{"language":"Spanish","name":"Dragón eterno"}],"source":"Pro Tour Tournament participation bonus.","imageName":"eternal dragon","printings":["Scourge","Pro Tour","Commander 2013 Edition","Vintage Masters"],"releaseDate":"2006"},{"layout":"normal","type":"Enchantment","types":["Enchantment"],"colors":["White","Green"],"name":"Mirari's Wake","rarity":"Special","cmc":5,"manaCost":"{3}{G}{W}","text":"Creatures you control get +1/+1.\nWhenever you tap a land for mana, add one mana to your mana pool of any type that land produced.","flavor":"Even after a false god tore magic from Dominaria, power still radiated from the Mirari sword that slew her.","artist":"Volkan Baga","legalities":{"Odyssey Block":"Legal","Legacy":"Legal","Vintage":"Legal","Freeform":"Legal","Prismatic":"Legal","Tribal Wars Legacy":"Legal","Singleton 100":"Legal","Commander":"Legal"},"number":"2","foreignNames":[{"language":"Chinese Simplified","name":"映奇宝珠的余韵"},{"language":"French","name":"Éveil du Mirari"},{"language":"German","name":"Miraris Nachwirkungen"},{"language":"Italian","name":"Risveglio del Mirari"},{"language":"Japanese","name":"ミラーリの目覚め"},{"language":"Portuguese (Brazil)","name":"Despertar do Mirari"},{"language":"Spanish","name":"Despertar del Mirari"}],"source":"Pro Tour Tournament participation bonus.","imageName":"mirari's wake","printings":["Judgment","Pro Tour","Commander's Arsenal","Magic: The Gathering—Conspiracy"],"releaseDate":"2008"},{"layout":"normal","supertypes":["Legendary"],"type":"Legendary Creature — Dragon","types":["Creature"],"colors":["White","Blue","Green"],"name":"Treva, the Renewer","rarity":"Special","subtypes":["Dragon"],"power":"6","toughness":"6","cmc":6,"manaCost":"{3}{G}{W}{U}","text":"Flying\nWhenever Treva, the Renewer deals combat damage to a player, you may pay {2}{W}. If you do, choose a color, then you gain 1 life for each permanent of that color.","artist":"Jean-Sébastien Rossbach","rulings":[{"date":"2004-10-04","text":"You choose the color during resolution. This means your opponent does not get to react after knowing the color you chose."}],"legalities":{"Invasion Block":"Legal","Legacy":"Legal","Vintage":"Legal","Freeform":"Legal","Prismatic":"Legal","Tribal Wars Legacy":"Legal","Singleton 100":"Legal","Commander":"Legal"},"number":"3","foreignNames":[{"language":"French","name":"Treva le rénovateur"},{"language":"German","name":"Treva, der Erneuerer"},{"language":"Japanese","name":"復活させるものトリーヴァ"}],"source":"Pro Tour Tournament participation bonus.","imageName":"treva, the renewer","printings":["Invasion","Pro Tour","Duel Decks: Phyrexia vs. the Coalition"],"releaseDate":"2009"}]}