{"name":"Release Events","code":"pREL","magicRaritiesCodes":"94-rarities-release-events-promos","releaseDate":"2003-07-26","border":"black","type":"promo","cards":[{"layout":"normal","type":"Sorcery","types":["Sorcery"],"colors":["White","Black"],"name":"Ass Whuppin'","rarity":"Special","cmc":3,"manaCost":"{1}{W}{B}","text":"Destroy target silver-bordered permanent in any game you can see from your seat.","flavor":"Asses to ashes,\nDonkeys to dust.","artist":"Don Hazeltine","number":"2","foreignNames":[{"language":"French","name":"Bottage de fesses"}],"source":"Unhinged Release Event participation bonus.","imageName":"ass whuppin'","printings":["Release Events","Unhinged"],"releaseDate":"2004-11-20","border":"silver","legalities":{"Un-Sets":"Legal"}},{"layout":"normal","type":"Creature — Vedalken Wizard","types":["Creature"],"colors":["White","Blue"],"name":"Azorius Guildmage","rarity":"Special","subtypes":["Vedalken","Wizard"],"power":"2","toughness":"2","cmc":2,"manaCost":"{W/U}{W/U}","text":"{2}{W}: Tap target creature.\n{2}{U}: Counter target activated ability. (Mana abilities can't be targeted.)","artist":"Christopher Moeller","rulings":[{"date":"2013-07-01","text":"Activated abilities contain a colon. They're generally written \"[Cost]: [Effect].\" Some keywords are activated abilities and will have colons in their reminder texts."}],"legalities":{"Modern":"Legal","Ravnica Block":"Legal","Legacy":"Legal","Vintage":"Legal","Freeform":"Legal","Prismatic":"Legal","Tribal Wars Legacy":"Legal","Singleton 100":"Legal","Commander":"Legal"},"number":"9","foreignNames":[{"language":"Chinese Simplified","name":"俄佐立公会法师"},{"language":"French","name":"Ghildmage d'Azorius"},{"language":"German","name":"Azorius-Gildenmagier"},{"language":"Italian","name":"Maga della Gilda Azorius"},{"language":"Japanese","name":"アゾリウスのギルド魔道士"},{"language":"Portuguese (Brazil)","name":"Maga da Guilda Azorius"},{"language":"Russian","name":"Маг гильдии Азориусов"},{"language":"Spanish","name":"Maga del Gremio Azorio"}],"source":"Dissension Release Event participation bonus.","imageName":"azorius guildmage","printings":["Release Events","Dissension","Magic: The Gathering-Commander"],"releaseDate":"2006-05-05"},{"layout":"flip","type":"Creature — Human Monk","types":["Creature"],"colors":["Green"],"name":"Budoka Pupil","rarity":"Special","subtypes":["Human","Monk"],"power":"2","toughness":"2","cmc":3,"manaCost":"{1}{G}{G}","text":"Whenever you cast a Spirit or Arcane spell, you may put a ki counter on Budoka Pupil.\nAt the beginning of the end step, if there are two or more ki counters on Budoka Pupil, you may flip it.","artist":"Shishizaru","legalities":{"Modern":"Legal","Kamigawa Block":"Legal","Legacy":"Legal","Vintage":"Legal","Freeform":"Legal","Prismatic":"Legal","Tribal Wars Legacy":"Legal","Singleton 100":"Legal","Commander":"Legal"},"number":"3a","foreignNames":[{"language":"Chinese Simplified","name":"武道家弟子"},{"language":"French","name":"Élève budoka"},{"language":"German","name":"Budokaschüler"},{"language":"Italian","name":"Discepolo Budoka"},{"language":"Japanese","name":"武道家の学徒"},{"language":"Portuguese (Brazil)","name":"Discípulo de Budoka"},{"language":"Spanish","name":"Pupilo budoka"}],"source":"Betrayers of Kamigawa Release Event participation bonus.","imageName":"budoka pupil","printings":["Release Events","Betrayers of Kamigawa"],"releaseDate":"2005-02-04","names":["Budoka Pupil","Ichiga, Who Topples Oaks"]},{"layout":"normal","type":"Creature — Human Wizard","types":["Creature"],"colors":["Blue","Black"],"name":"Dimir Guildmage","rarity":"Special","subtypes":["Human","Wizard"],"power":"2","toughness":"2","cmc":2,"manaCost":"{U/B}{U/B}","text":"({U/B} can be paid with either {U} or {B}.)\n{3}{U}: Target player draws a card. Activate this ability only any time you could cast a sorcery.\n{3}{B}: Target player discards a card. Activate this ability only any time you could cast a sorcery.","artist":"Adam Rex","legalities":{"Modern":"Legal","Ravnica Block":"Legal","Legacy":"Legal","Vintage":"Legal","Freeform":"Legal","Prismatic":"Legal","Tribal Wars Legacy":"Legal","Singleton 100":"Legal","Commander":"Legal"},"number":"7","foreignNames":[{"language":"Chinese Simplified","name":"底密尔公会法师"},{"language":"French","name":"Ghildmage de Dimir"},{"language":"German","name":"Dimir-Gildenmagier"},{"language":"Italian","name":"Mago della Gilda Dimir"},{"language":"Japanese","name":"ディミーアのギルド魔道士"},{"language":"Portuguese (Brazil)","name":"Mago da Guilda Dimir"},{"language":"Russian","name":"Маг гильдии Димиров"},{"language":"Spanish","name":"Mago del Gremio Dimir"}],"source":"Ravnica: City of Guild Release Event participation bonus.","imageName":"dimir guildmage","printings":["Release Events","Ravnica: City of Guilds"],"releaseDate":"2005-10-07"},{"layout":"normal","type":"Creature — Elemental","types":["Creature"],"colors":["Green"],"name":"Force of Nature","rarity":"Special","subtypes":["Elemental"],"power":"8","toughness":"8","cmc":6,"manaCost":"{2}{G}{G}{G}{G}","text":"Trample (If this creature would assign enough damage to its blockers to destroy them, you may have it assign the rest of its damage to defending player or planeswalker.)\nAt the beginning of your upkeep, Force of Nature deals 8 damage to you unless you pay {G}{G}{G}{G}.","artist":"Greg Staples","legalities":{"Modern":"Legal","Legacy":"Legal","Vintage":"Legal","Freeform":"Legal","Prismatic":"Legal","Tribal Wars Legacy":"Legal","Singleton 100":"Legal","Commander":"Legal"},"number":"5","foreignNames":[{"language":"Chinese Simplified","name":"万物元气兽"},{"language":"French","name":"Force de la Nature"},{"language":"German","name":"Naturgewalten"},{"language":"Italian","name":"Forza della Natura"},{"language":"Japanese","name":"大地の怒り"},{"language":"Portuguese (Brazil)","name":"Força da Natureza"},{"language":"Russian","name":"Сила природы"},{"language":"Spanish","name":"Fuerza de la naturaleza"}],"source":"Ninth Edition Release Event participation bonus everywhere except Russia, Ukraine, and Belarus.","imageName":"force of nature","printings":["Limited Edition Alpha","Limited Edition Beta","Unlimited Edition","Revised Edition","Fourth Edition","Fifth Edition","Beatdown Box Set","Release Events","Ninth Edition","Masters Edition IV"],"releaseDate":"2005-07-29"},{"layout":"normal","type":"Creature — Spirit","types":["Creature"],"colors":["Red"],"name":"Ghost-Lit Raider","rarity":"Special","subtypes":["Spirit"],"power":"2","toughness":"1","cmc":3,"manaCost":"{2}{R}","text":"{2}{R}, {T}: Ghost-Lit Raider deals 2 damage to target creature.\nChannel — {3}{R}, Discard Ghost-Lit Raider: Ghost-Lit Raider deals 4 damage to target creature.","artist":"Ittoku","legalities":{"Modern":"Legal","Kamigawa Block":"Legal","Legacy":"Legal","Vintage":"Legal","Freeform":"Legal","Prismatic":"Legal","Tribal Wars Legacy":"Legal","Singleton 100":"Legal","Commander":"Legal"},"number":"4","foreignNames":[{"language":"Chinese Simplified","name":"突击灯魂"},{"language":"French","name":"Pillard nimbé de fantômes"},{"language":"German","name":"Geisterlicht-Plünderer"},{"language":"Italian","name":"Predone Lumifero"},{"language":"Japanese","name":"霊光の略奪者"},{"language":"Portuguese (Brazil)","name":"Salteador da Luz Fantasmal"},{"language":"Spanish","name":"Incursor luz fantasmal"}],"source":"Saviors of Kamigawa Release Event participation bonus.","imageName":"ghost-lit raider","printings":["Release Events","Saviors of Kamigawa"],"releaseDate":"2005-06-03"},{"layout":"normal","type":"Creature — Human Shaman","types":["Creature"],"colors":["Red","Green"],"name":"Gruul Guildmage","rarity":"Special","subtypes":["Human","Shaman"],"power":"2","toughness":"2","cmc":2,"manaCost":"{R/G}{R/G}","text":"({R/G} can be paid with either {R} or {G}.)\n{3}{R}, Sacrifice a land: Gruul Guildmage deals 2 damage to target player.\n{3}{G}: Target creature gets +2/+2 until end of turn.","artist":"Paolo Parente","legalities":{"Modern":"Legal","Ravnica Block":"Legal","Legacy":"Legal","Vintage":"Legal","Freeform":"Legal","Prismatic":"Legal","Tribal Wars Legacy":"Legal","Singleton 100":"Legal","Commander":"Legal"},"number":"8","foreignNames":[{"language":"Chinese Simplified","name":"古鲁公会法师"},{"language":"French","name":"Ghildmage de Gruul"},{"language":"German","name":"Gruul-Gildenmagier"},{"language":"Italian","name":"Mago della Gilda Gruul"},{"language":"Japanese","name":"グルールのギルド魔道士"},{"language":"Portuguese (Brazil)","name":"Mago da Guilda Gruul"},{"language":"Russian","name":"Маг гильдии Груулов"},{"language":"Spanish","name":"Mago del Gremio Gruul"}],"source":"Guildpact Release Event participation bonus.","imageName":"gruul guildmage","printings":["Release Events","Guildpact"],"releaseDate":"2006-02-03"},{"layout":"normal","type":"Creature — Troll Cleric","types":["Creature"],"colors":["Green"],"name":"Hedge Troll","rarity":"Special","subtypes":["Troll","Cleric"],"power":"2","toughness":"2","cmc":3,"manaCost":"{2}{G}","text":"Hedge Troll gets +1/+1 as long as you control a Plains.\n{W}: Regenerate Hedge Troll.","flavor":"His abode was clean and bare, not a morsel in sight. I asked him what he ate, fearing the answer. He smiled and said his faith alone sustained him.","artist":"Parente","rulings":[{"date":"2007-02-01","text":"This is the timeshifted version of Sedge Troll."}],"legalities":{"Modern":"Legal","Time Spiral Block":"Legal","Legacy":"Legal","Vintage":"Legal","Freeform":"Legal","Prismatic":"Legal","Tribal Wars Legacy":"Legal","Singleton 100":"Legal","Commander":"Legal"},"number":"11","foreignNames":[{"language":"Chinese Simplified","name":"树篱巨魔"},{"language":"French","name":"Troll des haies"},{"language":"German","name":"Heckentroll"},{"language":"Italian","name":"Troll delle Siepi"},{"language":"Japanese","name":"垣のトロール"},{"language":"Portuguese (Brazil)","name":"Trol de Cerco"},{"language":"Russian","name":"Ограждающий Тролль"},{"language":"Spanish","name":"Trol errante"}],"source":"Planar Chaos Release Event participation bonus","imageName":"hedge troll","printings":["Release Events","Planar Chaos"],"releaseDate":"2007-02-02"},{"layout":"flip","supertypes":["Legendary"],"type":"Legendary Creature — Spirit","types":["Creature"],"colors":["Green"],"name":"Ichiga, Who Topples Oaks","rarity":"Special","subtypes":["Spirit"],"power":"4","toughness":"3","cmc":3,"manaCost":"{1}{G}{G}","text":"Trample\nRemove a ki counter from Ichiga, Who Topples Oaks: Target creature gets +2/+2 until end of turn.","artist":"Shishizaru","legalities":{"Modern":"Legal","Kamigawa Block":"Legal","Legacy":"Legal","Vintage":"Legal","Freeform":"Legal","Prismatic":"Legal","Tribal Wars Legacy":"Legal","Singleton 100":"Legal","Commander":"Legal"},"number":"3b","imageName":"ichiga, who topples oaks","printings":["Release Events","Betrayers of Kamigawa"],"names":["Budoka Pupil","Ichiga, Who Topples Oaks"],"source":"Betrayers of Kamigawa Release Event participation bonus.","releaseDate":"2005-02-04"},{"layout":"normal","type":"Creature — Bird","types":["Creature"],"colors":["Red"],"name":"Rukh Egg","rarity":"Special","subtypes":["Bird"],"power":"0","toughness":"3","cmc":4,"manaCost":"{3}{R}","text":"When Rukh Egg dies, put a 4/4 red Bird creature token with flying onto the battlefield at the beginning of the next end step.","flavor":"Called \"stonefeathers\" by many lowlanders, rukhs are thought to descend from a phoenix that sacrificed its flame for a body of stone.","artist":"Mark Zug","rulings":[{"date":"2004-10-04","text":"If the Rukh Egg card is removed from the graveyard in the same turn it is put there, a Bird will still be put onto the battlefield."},{"date":"2005-10-01","text":"If the Egg is exiled instead of being put into the graveyard, no Bird is put onto the battlefield."},{"date":"2005-10-01","text":"Text-changing effects can be used to change the color of the Bird that will be put onto the battlefield."},{"date":"2005-10-01","text":"If the Egg is destroyed while under the control of another player, the controller of the Egg gets the Bird."}],"legalities":{"Modern":"Legal","Legacy":"Legal","Vintage":"Legal","Freeform":"Legal","Prismatic":"Legal","Tribal Wars Legacy":"Legal","Singleton 100":"Legal","Commander":"Legal"},"number":"1","foreignNames":[{"language":"Chinese Simplified","name":"鲁克鸟蛋"},{"language":"French","name":"Œuf de rukh"},{"language":"German","name":"Rukh-Ei"},{"language":"Italian","name":"Uovo di Rukh"},{"language":"Japanese","name":"ルフ鳥の卵"},{"language":"Portuguese (Brazil)","name":"Ovo de Rukh"},{"language":"Russian","name":"Яйцо птицы рух"},{"language":"Spanish","name":"Huevo de rukh"}],"source":"Eighth Edition Global Celebration tournament participation bonus.","imageName":"rukh egg","printings":["Arabian Nights","Release Events","Eighth Edition","Ninth Edition"],"releaseDate":"2003-07-26"},{"layout":"normal","type":"Creature — Dragon","types":["Creature"],"colors":["Red"],"name":"Shivan Dragon","rarity":"Special","subtypes":["Dragon"],"power":"5","toughness":"5","cmc":6,"manaCost":"{4}{R}{R}","text":"Flying\n{R}: Shivan Dragon gets +1/+0 until end of turn.","flavor":"The undisputed master of the mountains of Shiv.","artist":"Donato Giancola","legalities":{"Standard":"Legal","Modern":"Legal","Legacy":"Legal","Vintage":"Legal","Freeform":"Legal","Prismatic":"Legal","Tribal Wars Legacy":"Legal","Tribal Wars Standard":"Legal","Singleton 100":"Legal","Commander":"Legal"},"number":"6","foreignNames":[{"language":"Chinese Simplified","name":"西瓦巨龙"},{"language":"Chinese Traditional","name":"西瓦巨龍"},{"language":"French","name":"Dragon shivân"},{"language":"German","name":"Shivan-Drache"},{"language":"Italian","name":"Drago di Shivan"},{"language":"Japanese","name":"シヴ山のドラゴン"},{"language":"Korean","name":"시바의 용"},{"language":"Portuguese (Brazil)","name":"Dragão de Shiva"},{"language":"Portuguese","name":"Dragão de Shiva"},{"language":"Russian","name":"Шиванский дракон"},{"language":"Spanish","name":"Dragón shivano"}],"source":"Ninth Edition Release Event participation bonus in Russia, Ukraine, and Belarus.","imageName":"shivan dragon","printings":["Limited Edition Alpha","Limited Edition Beta","Unlimited Edition","Revised Edition","Fourth Edition","Fifth Edition","Beatdown Box Set","Seventh Edition","Release Events","Eighth Edition","Ninth Edition","Tenth Edition","From the Vault: Dragons","Magic 2010","Duels of the Planeswalkers","Masters Edition IV","Magic 2014 Core Set","Magic 2015 Core Set"],"releaseDate":"2005-09-24"},{"layout":"normal","type":"Creature — Elemental","types":["Creature"],"colors":["Black"],"name":"Shriekmaw","rarity":"Special","subtypes":["Elemental"],"power":"3","toughness":"2","cmc":5,"manaCost":"{4}{B}","text":"Fear (This creature can't be blocked except by artifact creatures and/or black creatures.)\nWhen Shriekmaw enters the battlefield, destroy target nonartifact, nonblack creature.\nEvoke {1}{B} (You may cast this spell for its evoke cost. If you do, it's sacrificed when it enters the battlefield.)","artist":"Steve Prescott","rulings":[{"date":"2013-04-15","text":"If you cast this card for its evoke cost, you may put the sacrifice trigger and the regular enters-the-battlefield trigger on the stack in either order. The one put on the stack last will resolve first."}],"legalities":{"Modern":"Legal","Lorwyn-Shadowmoor Block":"Legal","Legacy":"Legal","Vintage":"Legal","Freeform":"Legal","Prismatic":"Legal","Tribal Wars Legacy":"Legal","Singleton 100":"Legal","Commander":"Legal"},"number":"13","foreignNames":[{"language":"Chinese Traditional","name":"尖吼怪"},{"language":"Chinese Simplified","name":"尖吼怪"},{"language":"French","name":"Hurlegueule"},{"language":"German","name":"Kreischmaul"},{"language":"Italian","name":"Fauce Urlante"},{"language":"Japanese","name":"叫び大口"},{"language":"Portuguese (Brazil)","name":"Bocarra Ululante"},{"language":"Russian","name":"Визгобрюх"},{"language":"Spanish","name":"Garganta chillona"}],"source":"Lorwyn Release Event participation bonus","imageName":"shriekmaw","printings":["Release Events","Lorwyn","Archenemy","Magic: The Gathering-Commander","Duel Decks: Ajani vs. Nicol Bolas","Commander 2014"],"releaseDate":"2007-10-12"},{"layout":"normal","type":"Creature — Elemental","types":["Creature"],"colors":["Red"],"name":"Storm Entity","rarity":"Special","subtypes":["Elemental"],"power":"1","toughness":"1","cmc":2,"manaCost":"{1}{R}","text":"Haste\nStorm Entity enters the battlefield with a +1/+1 counter on it for each other spell cast this turn.","flavor":"Dweldian magi don't enter the Realm of Thrones when they die. Instead their souls are drawn to great works of magic.","artist":"Lucio Parrillo","rulings":[{"date":"2007-05-01","text":"The number of other spells cast this turn is determined as Storm Entity enters the battlefield. It will count spells that were cast while Storm Entity was on the stack."}],"legalities":{"Modern":"Legal","Time Spiral Block":"Legal","Legacy":"Legal","Vintage":"Legal","Freeform":"Legal","Prismatic":"Legal","Tribal Wars Legacy":"Legal","Singleton 100":"Legal","Commander":"Legal"},"number":"12","foreignNames":[{"language":"Chinese Simplified","name":"风暴灵"},{"language":"French","name":"Entité d'orage"},{"language":"German","name":"Sturmwesen"},{"language":"Italian","name":"Entità Tempestosa"},{"language":"Japanese","name":"嵐の精体"},{"language":"Portuguese (Brazil)","name":"Entidade Tempestade"},{"language":"Russian","name":"Сущность Бури"},{"language":"Spanish","name":"Entidad de la tormenta"}],"source":"Future Sight Release Event participation bonus","imageName":"storm entity","printings":["Release Events","Future Sight"],"releaseDate":"2007-05-04"},{"layout":"normal","type":"Instant","types":["Instant"],"colors":["Red"],"name":"Sudden Shock","rarity":"Special","cmc":2,"manaCost":"{1}{R}","text":"Split second (As long as this spell is on the stack, players can't cast spells or activate abilities that aren't mana abilities.)\nSudden Shock deals 2 damage to target creature or player.","flavor":"Arc mages aren't known for their patience.","artist":"Vance Kovacs","rulings":[{"date":"2013-06-07","text":"Players still get priority while a card with split second is on the stack."},{"date":"2013-06-07","text":"Split second doesn't prevent players from activating mana abilities."},{"date":"2013-06-07","text":"Split second doesn't prevent triggered abilities from triggering. If one does, its controller puts it on the stack and chooses targets for it, if any. Those abilities will resolve as normal."},{"date":"2013-06-07","text":"Split second doesn't prevent players from performing special actions. Notably, players may turn face-down creatures face up while a spell with split second is on the stack."},{"date":"2013-06-07","text":"Casting a spell with split second won't affect spells and abilities that are already on the stack."},{"date":"2013-06-07","text":"If the resolution of a triggered ability involves casting a spell, that spell can't be cast if a spell with split second is on the stack."}],"legalities":{"Modern":"Legal","Time Spiral Block":"Legal","Legacy":"Legal","Vintage":"Legal","Freeform":"Legal","Prismatic":"Legal","Tribal Wars Legacy":"Legal","Singleton 100":"Legal","Commander":"Legal"},"number":"10","foreignNames":[{"language":"Chinese Simplified","name":"瞬息电震"},{"language":"French","name":"Choc soudain"},{"language":"German","name":"Plötzlicher Schock"},{"language":"Italian","name":"Shock Improvviso"},{"language":"Japanese","name":"突然のショック"},{"language":"Portuguese (Brazil)","name":"Choque Repentino"},{"language":"Russian","name":"Внезапный Шок"},{"language":"Spanish","name":"Choque súbito"}],"source":"Time Spiral Release Event participation bonus.","imageName":"sudden shock","printings":["Release Events","Time Spiral","Modern Masters"],"releaseDate":"2006-10-06"}]}