{"name":"Summer of Magic","code":"pSUM","magicRaritiesCodes":"118-rarities-summer-of-magic-tournament","releaseDate":"2007-07-21","border":"black","type":"promo","cards":[{"layout":"normal","type":"Land","types":["Land"],"name":"Faerie Conclave","rarity":"Special","text":"Faerie Conclave enters the battlefield tapped.\n{T}: Add {U} to your mana pool.\n{1}{U}: Faerie Conclave becomes a 2/1 blue Faerie creature with flying until end of turn. It's still a land.","artist":"Stephan Martiniere","rulings":[{"date":"2008-08-01","text":"A noncreature permanent that turns into a creature can attack, and its {T} abilities can be activated, only if its controller has continuously controlled that permanent since the beginning of his or her most recent turn. It doesn't matter how long the permanent has been a creature."},{"date":"2009-10-01","text":"Activating the ability that turns it into a creature while it's already a creature will override any effects that set its power and/or toughness to a specific number. However, any effect that raises or lowers power and/or toughness (such as the effect created by Giant Growth, Glorious Anthem, or a +1/+1 counter) will continue to apply."}],"legalities":{"Modern":"Legal","Urza Block":"Legal","Legacy":"Legal","Vintage":"Legal","Freeform":"Legal","Prismatic":"Legal","Tribal Wars Legacy":"Legal","Singleton 100":"Legal","Commander":"Legal"},"number":"1","foreignNames":[{"language":"Chinese Traditional","name":"仙靈議場"},{"language":"Chinese Simplified","name":"仙灵议场"},{"language":"French","name":"Conseil des færies"},{"language":"German","name":"Feenkonklave"},{"language":"Italian","name":"Conclave Fatato"},{"language":"Japanese","name":"フェアリーの集会場"},{"language":"Portuguese (Brazil)","name":"Conclave Feérico"},{"language":"Russian","name":"Конклав Фей"},{"language":"Spanish","name":"Cónclave de hadas"}],"imageName":"faerie conclave","printings":["Urza's Legacy","Tenth Edition","Summer of Magic","Commander 2013 Edition"],"source":"First/Second/Door Prize Summer Magic Prize","releaseDate":"2007-07-21"},{"layout":"normal","type":"Land","types":["Land"],"name":"Treetop Village","rarity":"Special","text":"Treetop Village enters the battlefield tapped.\n{T}: Add {G} to your mana pool.\n{1}{G}: Treetop Village becomes a 3/3 green Ape creature with trample until end of turn. It's still a land. (If it would assign enough damage to its blockers to destroy them, you may have it assign the rest of its damage to defending player or planeswalker.)","artist":"Rob Alexander","rulings":[{"date":"2008-08-01","text":"A noncreature permanent that turns into a creature can attack, and its {T} abilities can be activated, only if its controller has continuously controlled that permanent since the beginning of his or her most recent turn. It doesn't matter how long the permanent has been a creature."},{"date":"2009-10-01","text":"Activating the ability that turns it into a creature while it's already a creature will override any effects that set its power and/or toughness to a specific number. However, any effect that raises or lowers power and/or toughness (such as the effect created by Giant Growth, Glorious Anthem, or a +1/+1 counter) will continue to apply."}],"legalities":{"Modern":"Legal","Urza Block":"Legal","Legacy":"Legal","Vintage":"Legal","Freeform":"Legal","Prismatic":"Legal","Tribal Wars Legacy":"Legal","Singleton 100":"Legal","Commander":"Legal"},"number":"2","foreignNames":[{"language":"Chinese Traditional","name":"樹頂村落"},{"language":"Chinese Simplified","name":"树顶村落"},{"language":"French","name":"Village arboricole"},{"language":"German","name":"Baumwipfeldorf"},{"language":"Italian","name":"Villaggio Arboricolo"},{"language":"Japanese","name":"樹上の村"},{"language":"Portuguese (Brazil)","name":"Aldeia nas Copas"},{"language":"Russian","name":"Селение Верхолазов"},{"language":"Spanish","name":"Aldea en las copas"}],"imageName":"treetop village","printings":["Urza's Legacy","Friday Night Magic","Tenth Edition","Summer of Magic","Duel Decks: Garruk vs. Liliana","Duel Decks: Knights vs. Dragons"],"source":"First/Second/Door Prize Summer Magic Prize","releaseDate":"2007-07-21"}]}