{"name":"Super Series","code":"pSUS","magicRaritiesCodes":"36-rarities-junior-super-series","releaseDate":"1999-12-01","border":"black","type":"promo","cards":[{"layout":"normal","type":"Land","types":["Land"],"name":"City of Brass","rarity":"Special","text":"Whenever City of Brass becomes tapped, it deals 1 damage to you.\n{T}: Add one mana of any color to your mana pool.","artist":"Mark Tedin","rulings":[{"date":"2004-10-04","text":"The first ability triggers no matter how the land becomes tapped."},{"date":"2004-10-04","text":"If you tap City of Brass while you are casting a spell or activating an ability, its ability will trigger and wait. When you finish casting that spell or activating that ability, City of Brass's triggered ability is put on the stack on top of it. City of Brass's ability will resolve first."},{"date":"2004-10-04","text":"On the other hand, you can tap City of Brass, put its triggered ability on the stack, and then respond to that ability by casting an instant or activating an ability using that mana. In that case, the instant spell or activated ability will resolve first."}],"legalities":{"Modern":"Legal","Legacy":"Legal","Vintage":"Legal","Freeform":"Legal","Prismatic":"Legal","Tribal Wars Legacy":"Legal","Singleton 100":"Legal","Commander":"Legal"},"number":"6","foreignNames":[{"language":"French","name":"Cité d'airain"},{"language":"German","name":"Messingstadt"},{"language":"Italian","name":"Città d'Ottone"},{"language":"Portuguese (Brazil)","name":"Cidade de Bronze"},{"language":"Spanish","name":"Ciudad de bronce"}],"imageName":"city of brass","printings":["Arabian Nights","Chronicles","Fifth Edition","Classic Sixth Edition","Super Series","Seventh Edition","Eighth Edition","Masters Edition IV","Modern Masters","Modern Event Deck 2014"],"source":"Junior Super Series prize.","releaseDate":"2001-12-01","flavor":"\"Enter this palace-gate and ask the news Of greatness fallen into dust and clay.\"\n—The Arabian Nights, trans. Burton"},{"layout":"normal","type":"Enchantment","types":["Enchantment"],"colors":["White"],"name":"Crusade","rarity":"Special","cmc":2,"manaCost":"{W}{W}","text":"White creatures get +1/+1.","artist":"Mark Poole","legalities":{"Legacy":"Legal","Vintage":"Legal","Freeform":"Legal","Prismatic":"Legal","Tribal Wars Legacy":"Legal","Singleton 100":"Legal","Commander":"Legal"},"number":"4","foreignNames":[{"language":"French","name":"Croisade"},{"language":"German","name":"Kreuzzug"},{"language":"Italian","name":"Crociata"},{"language":"Japanese","name":"十字軍"},{"language":"Spanish","name":"Cruzada"}],"imageName":"crusade","printings":["Limited Edition Alpha","Limited Edition Beta","Unlimited Edition","Revised Edition","Fourth Edition","Fifth Edition","Classic Sixth Edition","Super Series","Masters Edition","Duel Decks: Elspeth vs. Tezzeret"],"source":"Junior Super Series prize.","releaseDate":"2000-12-01"},{"layout":"normal","type":"Creature — Elf","types":["Creature"],"colors":["Green"],"name":"Elvish Champion","rarity":"Special","subtypes":["Elf"],"power":"2","toughness":"2","cmc":3,"manaCost":"{1}{G}{G}","text":"Other Elf creatures get +1/+1 and have forestwalk. (They can't be blocked as long as defending player controls a Forest.)","flavor":"\"We've endured your slights to Gaea with the grace of tolerance. Now behold the grace of our ferocity.\"","artist":"Matt Cavotta","rulings":[{"date":"2004-10-04","text":"It affects Elves controlled by all players, not just yours."},{"date":"2005-08-01","text":"This card is now an Elf but has been reworded so that it does not give itself the bonus."}],"legalities":{"Modern":"Legal","Invasion Block":"Legal","Legacy":"Legal","Vintage":"Legal","Freeform":"Legal","Prismatic":"Legal","Tribal Wars Legacy":"Legal","Singleton 100":"Legal","Commander":"Legal"},"number":"17","foreignNames":[{"language":"Chinese Simplified","name":"地精斗士"},{"language":"Chinese Traditional","name":"妖精鬥士"},{"language":"French","name":"Championne elfe"},{"language":"German","name":"Elfischer Champion"},{"language":"Italian","name":"Campione Elfico"},{"language":"Japanese","name":"エルフのチャンピオン"},{"language":"Portuguese (Brazil)","name":"Campeão Élfico"},{"language":"Russian","name":"Эльфийский чемпион"},{"language":"Spanish","name":"Campeona élfica"}],"source":"2/3 J08 - Scholarship Series Promos","imageName":"elvish champion1","printings":["Super Series","Invasion","Seventh Edition","Eighth Edition","Ninth Edition","Tenth Edition","Duels of the Planeswalkers"]},{"layout":"normal","type":"Creature — Elf","types":["Creature"],"colors":["Green"],"name":"Elvish Champion","rarity":"Special","subtypes":["Elf"],"power":"2","toughness":"2","cmc":3,"manaCost":"{1}{G}{G}","text":"Other Elf creatures get +1/+1 and have forestwalk. (They can't be blocked as long as defending player controls a Forest.)","flavor":"\"We've endured your slights to Gaea with the grace of tolerance. Now behold the grace of our ferocity.\"","artist":"Matt Cavotta","rulings":[{"date":"2004-10-04","text":"It affects Elves controlled by all players, not just yours."},{"date":"2005-08-01","text":"This card is now an Elf but has been reworded so that it does not give itself the bonus."}],"legalities":{"Modern":"Legal","Invasion Block":"Legal","Legacy":"Legal","Vintage":"Legal","Freeform":"Legal","Prismatic":"Legal","Tribal Wars Legacy":"Legal","Singleton 100":"Legal","Commander":"Legal"},"number":"26","foreignNames":[{"language":"Chinese Simplified","name":"地精斗士"},{"language":"Chinese Traditional","name":"妖精鬥士"},{"language":"French","name":"Championne elfe"},{"language":"German","name":"Elfischer Champion"},{"language":"Italian","name":"Campione Elfico"},{"language":"Japanese","name":"エルフのチャンピオン"},{"language":"Portuguese (Brazil)","name":"Campeão Élfico"},{"language":"Russian","name":"Эльфийский чемпион"},{"language":"Spanish","name":"Campeona élfica"}],"source":"2/2 E08 - Junior Series","imageName":"elvish champion2","printings":["Super Series","Invasion","Seventh Edition","Eighth Edition","Ninth Edition","Tenth Edition","Duels of the Planeswalkers"]},{"layout":"normal","type":"Creature — Elf","types":["Creature"],"colors":["Green"],"name":"Elvish Champion","rarity":"Special","subtypes":["Elf"],"power":"2","toughness":"2","cmc":3,"manaCost":"{1}{G}{G}","text":"Other Elf creatures get +1/+1 and have forestwalk. (They can't be blocked as long as defending player controls a Forest.)","flavor":"\"We've endured your slights to Gaea with the grace of tolerance. Now behold the grace of our ferocity.\"","artist":"Matt Cavotta","rulings":[{"date":"2004-10-04","text":"It affects Elves controlled by all players, not just yours."},{"date":"2005-08-01","text":"This card is now an Elf but has been reworded so that it does not give itself the bonus."}],"legalities":{"Modern":"Legal","Invasion Block":"Legal","Legacy":"Legal","Vintage":"Legal","Freeform":"Legal","Prismatic":"Legal","Tribal Wars Legacy":"Legal","Singleton 100":"Legal","Commander":"Legal"},"number":"32","foreignNames":[{"language":"Chinese Simplified","name":"地精斗士"},{"language":"Chinese Traditional","name":"妖精鬥士"},{"language":"French","name":"Championne elfe"},{"language":"German","name":"Elfischer Champion"},{"language":"Italian","name":"Campione Elfico"},{"language":"Japanese","name":"エルフのチャンピオン"},{"language":"Portuguese (Brazil)","name":"Campeão Élfico"},{"language":"Russian","name":"Эльфийский чемпион"},{"language":"Spanish","name":"Campeona élfica"}],"source":"2/2 U08 - Junior APAC Series","imageName":"elvish champion3","printings":["Super Series","Invasion","Seventh Edition","Eighth Edition","Ninth Edition","Tenth Edition","Duels of the Planeswalkers"]},{"layout":"normal","type":"Creature — Elf","types":["Creature"],"colors":["Green"],"name":"Elvish Lyrist","rarity":"Special","subtypes":["Elf"],"power":"1","toughness":"1","cmc":1,"manaCost":"{G}","text":"{G}, {T}, Sacrifice Elvish Lyrist: Destroy target enchantment.","flavor":"\"Make me thy lyre, even as the forest is: What if my leaves are falling like its own!\" - Percy Bysshe Shelley, \"Ode to the West Wind\"","artist":"Rebecca Guay","legalities":{"Modern":"Legal","Urza Block":"Legal","Legacy":"Legal","Vintage":"Legal","Freeform":"Legal","Prismatic":"Legal","Tribal Wars Legacy":"Legal","Singleton 100":"Legal","Commander":"Legal"},"number":"5","foreignNames":[{"language":"French","name":"Lyriste elfe"},{"language":"German","name":"Elfendichter"},{"language":"Italian","name":"Lirico Elfico"},{"language":"Portuguese (Brazil)","name":"Elfo Lirista"},{"language":"Spanish","name":"Lirista élfica"}],"imageName":"elvish lyrist","printings":["Urza's Saga","Battle Royale Box Set","Super Series","Seventh Edition","Eighth Edition"],"source":"Junior Super Series participation bonus.","releaseDate":"2001-12-01"},{"layout":"normal","type":"Instant","types":["Instant"],"colors":["Green"],"name":"Giant Growth","rarity":"Special","cmc":1,"manaCost":"{G}","text":"Target creature gets +3/+3 until end of turn.","artist":"Terese Nielsen","legalities":{"Modern":"Legal","Return to Ravnica Block":"Legal","Ice Age Block":"Legal","Legacy":"Legal","Vintage":"Legal","Freeform":"Legal","Prismatic":"Legal","Tribal Wars Legacy":"Legal","Tribal Wars Standard":"Legal","Singleton 100":"Legal","Commander":"Legal"},"number":"8","foreignNames":[{"language":"Chinese Simplified","name":"变巨术"},{"language":"Chinese Traditional","name":"變巨術"},{"language":"French","name":"Croissance gigantesque"},{"language":"German","name":"Riesenwuchs"},{"language":"Italian","name":"Crescita Gigante"},{"language":"Japanese","name":"巨大化"},{"language":"Korean","name":"거대화"},{"language":"Portuguese (Brazil)","name":"Crescimento Desenfreado"},{"language":"Portuguese","name":"Crescimento Desenfreado"},{"language":"Russian","name":"Исполинский рост"},{"language":"Spanish","name":"Crecimiento gigante"}],"source":"Junior Super Series participation bonus.","imageName":"giant growth","printings":["Limited Edition Alpha","Limited Edition Beta","Unlimited Edition","Revised Edition","Fourth Edition","Ice Age","Fifth Edition","Anthologies","Classic Sixth Edition","Battle Royale Box Set","Super Series","Friday Night Magic","Starter 2000","Beatdown Box Set","Seventh Edition","Magic Player Rewards","Deckmasters","Eighth Edition","Ninth Edition","Tenth Edition","Duel Decks: Elves vs. Goblins","Masters Edition II","Magic 2010","Masters Edition III","Duel Decks: Garruk vs. Liliana","Duels of the Planeswalkers","Magic 2011","Masters Edition IV","Return to Ravnica","Magic 2014 Core Set"],"releaseDate":"2003-12-01"},{"layout":"normal","type":"Enchantment","types":["Enchantment"],"colors":["White"],"name":"Glorious Anthem","rarity":"Special","cmc":3,"manaCost":"{1}{W}{W}","text":"Creatures you control get +1/+1.","flavor":"Once heard, the battle song of an angel becomes part of the listener forever.","artist":"Raymond Swanland","legalities":{"Modern":"Legal","Urza Block":"Legal","Legacy":"Legal","Vintage":"Legal","Freeform":"Legal","Prismatic":"Legal","Tribal Wars Legacy":"Legal","Singleton 100":"Legal","Commander":"Legal"},"number":"16","foreignNames":[{"language":"Chinese Simplified","name":"辉煌的赞美诗"},{"language":"Chinese Traditional","name":"輝煌的讚美詩"},{"language":"French","name":"Antienne glorieuse"},{"language":"German","name":"Glorreiche Hymne"},{"language":"Italian","name":"Inno Glorioso"},{"language":"Japanese","name":"栄光の頌歌"},{"language":"Portuguese (Brazil)","name":"Antífona Gloriosa"},{"language":"Russian","name":"Славный гимн"},{"language":"Spanish","name":"Himno glorioso"}],"source":"1/3 J08 - Scholarship Series Promos","imageName":"glorious anthem1","printings":["Urza's Saga","Super Series","Seventh Edition","Eighth Edition","Ninth Edition","Tenth Edition"]},{"layout":"normal","type":"Enchantment","types":["Enchantment"],"colors":["White"],"name":"Glorious Anthem","rarity":"Special","cmc":3,"manaCost":"{1}{W}{W}","text":"Creatures you control get +1/+1.","flavor":"Once heard, the battle song of an angel becomes part of the listener forever.","artist":"Raymond Swanland","legalities":{"Modern":"Legal","Urza Block":"Legal","Legacy":"Legal","Vintage":"Legal","Freeform":"Legal","Prismatic":"Legal","Tribal Wars Legacy":"Legal","Singleton 100":"Legal","Commander":"Legal"},"number":"25","foreignNames":[{"language":"Chinese Simplified","name":"辉煌的赞美诗"},{"language":"Chinese Traditional","name":"輝煌的讚美詩"},{"language":"French","name":"Antienne glorieuse"},{"language":"German","name":"Glorreiche Hymne"},{"language":"Italian","name":"Inno Glorioso"},{"language":"Japanese","name":"栄光の頌歌"},{"language":"Portuguese (Brazil)","name":"Antífona Gloriosa"},{"language":"Russian","name":"Славный гимн"},{"language":"Spanish","name":"Himno glorioso"}],"source":"1/2 E08 - Junior Series","imageName":"glorious anthem2","printings":["Urza's Saga","Super Series","Seventh Edition","Eighth Edition","Ninth Edition","Tenth Edition"]},{"layout":"normal","type":"Enchantment","types":["Enchantment"],"colors":["White"],"name":"Glorious Anthem","rarity":"Special","cmc":3,"manaCost":"{1}{W}{W}","text":"Creatures you control get +1/+1.","flavor":"The songs of angels are perceived not as words in the ears but as stirrings in the soul.","artist":"Raymond Swanland","legalities":{"Modern":"Legal","Urza Block":"Legal","Legacy":"Legal","Vintage":"Legal","Freeform":"Legal","Prismatic":"Legal","Tribal Wars Legacy":"Legal","Singleton 100":"Legal","Commander":"Legal"},"number":"31","foreignNames":[{"language":"Chinese Simplified","name":"辉煌的赞美诗"},{"language":"Chinese Traditional","name":"輝煌的讚美詩"},{"language":"French","name":"Antienne glorieuse"},{"language":"German","name":"Glorreiche Hymne"},{"language":"Italian","name":"Inno Glorioso"},{"language":"Japanese","name":"栄光の頌歌"},{"language":"Portuguese (Brazil)","name":"Antífona Gloriosa"},{"language":"Russian","name":"Славный гимн"},{"language":"Spanish","name":"Himno glorioso"}],"source":"1/2 U08 - Junior APAC Series","imageName":"glorious anthem3","printings":["Urza's Saga","Super Series","Seventh Edition","Eighth Edition","Ninth Edition","Tenth Edition"]},{"layout":"normal","type":"Creature — Merfolk","types":["Creature"],"colors":["Blue"],"name":"Lord of Atlantis","rarity":"Special","subtypes":["Merfolk"],"power":"2","toughness":"2","cmc":2,"manaCost":"{U}{U}","text":"Other Merfolk creatures get +1/+1 and have islandwalk.","flavor":"A master of tactics, the Lord of Atlantis makes his people bold in battle merely by arriving to lead them.","artist":"Melissa A. Benson","legalities":{"Modern":"Legal","Time Spiral Block":"Legal","Legacy":"Legal","Vintage":"Legal","Freeform":"Legal","Prismatic":"Legal","Tribal Wars Legacy":"Legal","Singleton 100":"Legal","Commander":"Legal"},"number":"3","foreignNames":[{"language":"Chinese Simplified","name":"亚特兰提斯领主"},{"language":"French","name":"Seigneur de l'Atlantide"},{"language":"German","name":"Lord von Atlantis"},{"language":"Italian","name":"Signore di Atlantide"},{"language":"Japanese","name":"アトランティスの王"},{"language":"Portuguese (Brazil)","name":"Senhor da Atlântida"},{"language":"Russian","name":"Лорд Атлантиды"},{"language":"Spanish","name":"Señor de la Atlántida"}],"imageName":"lord of atlantis","printings":["Limited Edition Alpha","Limited Edition Beta","Unlimited Edition","Revised Edition","Fourth Edition","Fifth Edition","Classic Sixth Edition","Super Series","Seventh Edition","Time Spiral \"Timeshifted\""],"source":"Junior Super Series participation bonus.","releaseDate":"2000-12-01"},{"layout":"normal","type":"Creature — Goblin Shaman","types":["Creature"],"colors":["Black"],"name":"Mad Auntie","rarity":"Special","subtypes":["Goblin","Shaman"],"power":"2","toughness":"2","cmc":3,"manaCost":"{2}{B}","text":"Other Goblin creatures you control get +1/+1.\n{T}: Regenerate another target Goblin.","flavor":"One part cunning, one part wise, and many, many parts demented.","artist":"Wayne Reynolds","rulings":[{"date":"2007-10-01","text":"The second ability can target any Goblin permanent except the Mad Auntie whose ability is being activated. It can target a different Mad Auntie."}],"legalities":{"Modern":"Legal","Lorwyn-Shadowmoor Block":"Legal","Legacy":"Legal","Vintage":"Legal","Freeform":"Legal","Prismatic":"Legal","Tribal Wars Legacy":"Legal","Singleton 100":"Legal","Commander":"Legal"},"number":"18","foreignNames":[{"language":"Chinese Traditional","name":"瘋癲大嬸"},{"language":"Chinese Simplified","name":"疯癫大婶"},{"language":"French","name":"Folle tantine"},{"language":"German","name":"Verrücktes Tantchen"},{"language":"Italian","name":"Zietta Pazza"},{"language":"Japanese","name":"狂い婆"},{"language":"Portuguese (Brazil)","name":"Titia Louca"},{"language":"Russian","name":"Очумелая Тетка"},{"language":"Spanish","name":"Tía loca"}],"source":"3/3 J08 - Scholarship Series Promos","imageName":"mad auntie","printings":["Super Series","Lorwyn","Modern Masters"]},{"layout":"normal","type":"Creature — Human Assassin","types":["Creature"],"colors":["Black"],"name":"Royal Assassin","rarity":"Special","subtypes":["Human","Assassin"],"power":"1","toughness":"1","cmc":3,"manaCost":"{1}{B}{B}","text":"{T}: Destroy target tapped creature.","flavor":"Trained in the arts of stealth, royal assassins choose their victims carefully, relying on timing and precision rather than brute force.","artist":"Tom Wänerstrand","rulings":[{"date":"2004-10-04","text":"Can't target itself because you choose the target before you tap him. At that time he is not yet a legal target."},{"date":"2004-10-04","text":"If the creature is no longer tapped when the Assassin's ability resolves, then the ability is countered."}],"legalities":{"Modern":"Legal","Legacy":"Legal","Vintage":"Legal","Freeform":"Legal","Prismatic":"Legal","Tribal Wars Legacy":"Legal","Singleton 100":"Legal","Commander":"Legal"},"number":"11","foreignNames":[{"language":"Chinese Simplified","name":"皇家刺客"},{"language":"Chinese Traditional","name":"皇家刺客"},{"language":"French","name":"Assassin royal"},{"language":"German","name":"Meistermeuchler"},{"language":"Italian","name":"Assassino Reale"},{"language":"Japanese","name":"凄腕の暗殺者"},{"language":"Portuguese (Brazil)","name":"Assassino da Realeza"},{"language":"Russian","name":"Королевский убийца"},{"language":"Spanish","name":"Asesino real"}],"source":"Junior Super Series prize.","imageName":"royal assassin1","printings":["Limited Edition Alpha","Limited Edition Beta","Unlimited Edition","Revised Edition","Fourth Edition","Super Series","Eighth Edition","Ninth Edition","Tenth Edition","Magic 2010","Magic 2011","Magic 2012"],"releaseDate":"2005-01-01"},{"layout":"normal","type":"Creature — Human Assassin","types":["Creature"],"colors":["Black"],"name":"Royal Assassin","rarity":"Special","subtypes":["Human","Assassin"],"power":"1","toughness":"1","cmc":3,"manaCost":"{1}{B}{B}","text":"{T}: Destroy target tapped creature.","flavor":"Trained in the arts of stealth, royal assassins choose their victims carefully, relying on timing and precision rather than brute force..","artist":"Tom Wänerstrand","rulings":[{"date":"2004-10-04","text":"Can't target itself because you choose the target before you tap him. At that time he is not yet a legal target."},{"date":"2004-10-04","text":"If the creature is no longer tapped when the Assassin's ability resolves, then the ability is countered."}],"legalities":{"Modern":"Legal","Legacy":"Legal","Vintage":"Legal","Freeform":"Legal","Prismatic":"Legal","Tribal Wars Legacy":"Legal","Singleton 100":"Legal","Commander":"Legal"},"number":"20","foreignNames":[{"language":"Chinese Simplified","name":"皇家刺客"},{"language":"Chinese Traditional","name":"皇家刺客"},{"language":"French","name":"Assassin royal"},{"language":"German","name":"Meistermeuchler"},{"language":"Italian","name":"Assassino Reale"},{"language":"Japanese","name":"凄腕の暗殺者"},{"language":"Portuguese (Brazil)","name":"Assassino da Realeza"},{"language":"Russian","name":"Королевский убийца"},{"language":"Spanish","name":"Asesino real"}],"source":"Junior Super Series prize.","imageName":"royal assassin2","printings":["Limited Edition Alpha","Limited Edition Beta","Unlimited Edition","Revised Edition","Fourth Edition","Super Series","Eighth Edition","Ninth Edition","Tenth Edition","Magic 2010","Magic 2011","Magic 2012"],"releaseDate":"2005-01-01"},{"layout":"normal","type":"Creature — Snake Shaman","types":["Creature"],"colors":["Green"],"name":"Sakura-Tribe Elder","rarity":"Special","subtypes":["Snake","Shaman"],"power":"1","toughness":"1","cmc":2,"manaCost":"{1}{G}","text":"Sacrifice Sakura-Tribe Elder: Search your library for a basic land card, put that card onto the battlefield tapped, then shuffle your library.","flavor":"There were no tombstones in orochi territory. Slain warriors were buried with a tree sapling, so they would become part of the forest after death.","artist":"Carl Critchlow","legalities":{"Modern":"Legal","Kamigawa Block":"Legal","Legacy":"Legal","Vintage":"Legal","Freeform":"Legal","Prismatic":"Legal","Tribal Wars Legacy":"Legal","Singleton 100":"Legal","Commander":"Legal"},"number":"12","foreignNames":[{"language":"Chinese Simplified","name":"樱宗长老"},{"language":"French","name":"Ancêtre de la tribu Sakura"},{"language":"German","name":"Ältester des Sakura-Stamms"},{"language":"Italian","name":"Anziano della Tribù-Sakura"},{"language":"Japanese","name":"桜族の長老"},{"language":"Portuguese (Brazil)","name":"Ancião da Tribo Sakura"},{"language":"Spanish","name":"Anciano de la tribu Sakura"}],"source":"Junior Super Series Winter Season participation bonus.","imageName":"sakura-tribe elder1","printings":["Super Series","Friday Night Magic","Champions of Kamigawa","Archenemy","Magic: The Gathering-Commander","Commander 2013 Edition","Magic: The Gathering—Conspiracy"],"releaseDate":"2006"},{"layout":"normal","type":"Creature — Snake Shaman","types":["Creature"],"colors":["Green"],"name":"Sakura-Tribe Elder","rarity":"Special","subtypes":["Snake","Shaman"],"power":"1","toughness":"1","cmc":2,"manaCost":"{1}{G}","text":"Sacrifice Sakura-Tribe Elder: Search your library for a basic land card, put that card onto the battlefield tapped, then shuffle your library.","flavor":"There were no tombstones in orochi territory. Slain warriors were buried with a tree sapling, so they would become part of the forest after death.","artist":"Carl Critchlow","legalities":{"Modern":"Legal","Kamigawa Block":"Legal","Legacy":"Legal","Vintage":"Legal","Freeform":"Legal","Prismatic":"Legal","Tribal Wars Legacy":"Legal","Singleton 100":"Legal","Commander":"Legal"},"number":"21","foreignNames":[{"language":"Chinese Simplified","name":"樱宗长老"},{"language":"French","name":"Ancêtre de la tribu Sakura"},{"language":"German","name":"Ältester des Sakura-Stamms"},{"language":"Italian","name":"Anziano della Tribù-Sakura"},{"language":"Japanese","name":"桜族の長老"},{"language":"Portuguese (Brazil)","name":"Ancião da Tribo Sakura"},{"language":"Spanish","name":"Anciano de la tribu Sakura"}],"source":"Junior Super Series Winter Season participation bonus.","imageName":"sakura-tribe elder2","printings":["Super Series","Friday Night Magic","Champions of Kamigawa","Archenemy","Magic: The Gathering-Commander","Commander 2013 Edition","Magic: The Gathering—Conspiracy"],"releaseDate":"2006"},{"layout":"normal","type":"Creature — Snake Shaman","types":["Creature"],"colors":["Green"],"name":"Sakura-Tribe Elder","rarity":"Special","subtypes":["Snake","Shaman"],"power":"1","toughness":"1","cmc":2,"manaCost":"{1}{G}","text":"Sacrifice Sakura-Tribe Elder: Search your library for a basic land card, put that card onto the battlefield tapped, then shuffle your library.","flavor":"There were no tombstones in orochi territory. Slain warriors were buried with a tree sapling, so they would become part of the forest after death.","artist":"Carl Critchlow","legalities":{"Modern":"Legal","Kamigawa Block":"Legal","Legacy":"Legal","Vintage":"Legal","Freeform":"Legal","Prismatic":"Legal","Tribal Wars Legacy":"Legal","Singleton 100":"Legal","Commander":"Legal"},"number":"27","foreignNames":[{"language":"Chinese Simplified","name":"樱宗长老"},{"language":"French","name":"Ancêtre de la tribu Sakura"},{"language":"German","name":"Ältester des Sakura-Stamms"},{"language":"Italian","name":"Anziano della Tribù-Sakura"},{"language":"Japanese","name":"桜族の長老"},{"language":"Portuguese (Brazil)","name":"Ancião da Tribo Sakura"},{"language":"Spanish","name":"Anciano de la tribu Sakura"}],"source":"Junior Super Series Winter Season participation bonus.","imageName":"sakura-tribe elder3","printings":["Super Series","Friday Night Magic","Champions of Kamigawa","Archenemy","Magic: The Gathering-Commander","Commander 2013 Edition","Magic: The Gathering—Conspiracy"],"releaseDate":"2006"},{"layout":"normal","type":"Creature — Avatar","types":["Creature"],"colors":["White"],"name":"Serra Avatar","rarity":"Special","subtypes":["Avatar"],"power":"*","toughness":"*","cmc":7,"manaCost":"{4}{W}{W}{W}","text":"Serra Avatar's power and toughness are each equal to your life total.\nWhen Serra Avatar is put into a graveyard from anywhere, shuffle it into its owner's library.","artist":"Dermot Power","rulings":[{"date":"2008-10-01","text":"Whether or not the ability triggers depends on if the Avatar has the ability while in the graveyard. If it doesn't (thanks to Yixlid Jailer, for instance), then the ability won't trigger. It doesn't matter whether the Avatar had the ability in its previous zone (it will trigger even if it had been on the battlefield with Humility)."},{"date":"2012-07-01","text":"Serra Avatar's power and toughness are constantly updated as your life total changes."},{"date":"2012-07-01","text":"The ability that defines Serra Avatar's power and toughness works in all zones, not just the battlefield."},{"date":"2012-07-01","text":"If Serra Avatar is no longer in your graveyard when its triggered ability resolves, you won't shuffle your library."}],"legalities":{"Modern":"Legal","Urza Block":"Legal","Legacy":"Legal","Vintage":"Legal","Freeform":"Legal","Prismatic":"Legal","Tribal Wars Legacy":"Legal","Tribal Wars Standard":"Legal","Singleton 100":"Legal","Commander":"Legal"},"number":"2","foreignNames":[{"language":"Chinese Traditional","name":"撒拉聖者"},{"language":"Chinese Simplified","name":"撒拉圣者"},{"language":"French","name":"Avatar de Serra"},{"language":"German","name":"Serras Avatar"},{"language":"Italian","name":"Avatar di Serra"},{"language":"Japanese","name":"セラのアバター"},{"language":"Korean","name":"세라의 화신"},{"language":"Portuguese (Brazil)","name":"Avatar de Serra"},{"language":"Russian","name":"Аватара Серры"},{"language":"Spanish","name":"Avatar de Serra"}],"imageName":"serra avatar","printings":["Media Inserts","Urza's Saga","Super Series","Magic 2013","Commander 2013 Edition","Commander 2014"],"source":"Junior Super Series prize.","releaseDate":"1999-12-01"},{"layout":"normal","type":"Creature — Phoenix","types":["Creature"],"colors":["Red"],"name":"Shard Phoenix","rarity":"Special","subtypes":["Phoenix"],"power":"2","toughness":"2","cmc":5,"manaCost":"{4}{R}","text":"Flying (This creature can't be blocked except by creatures with flying or reach.)\nSacrifice Shard Phoenix: Shard Phoenix deals 2 damage to each creature without flying.\n{R}{R}{R}: Return Shard Phoenix from your graveyard to your hand. Activate this ability only during your upkeep.","artist":"Ron Spencer","rulings":[{"date":"2005-08-01","text":"You can return Shard Phoenix any time during your upkeep; this is not a beginning of upkeep triggered ability."},{"date":"2005-08-01","text":"Shard Phoenix uses Last Known Information. If, for example, it was blue when it was sacrificed, the damage will come from a blue source."}],"legalities":{"Modern":"Legal","Tempest Block":"Legal","Legacy":"Legal","Vintage":"Legal","Freeform":"Legal","Prismatic":"Legal","Tribal Wars Legacy":"Legal","Singleton 100":"Legal","Commander":"Legal"},"number":"13","foreignNames":[{"language":"Chinese Simplified","name":"碎翼凤凰"},{"language":"French","name":"Phénix d'échardes"},{"language":"German","name":"Splitterphoenix"},{"language":"Italian","name":"Fenice di Schegge"},{"language":"Japanese","name":"陶片のフェニックス"},{"language":"Portuguese (Brazil)","name":"Fênix Fragmentária"},{"language":"Russian","name":"Осколочный феникс"},{"language":"Spanish","name":"Fénix de astillas"}],"source":"Junior Super Series Spring Season participation bonus.","imageName":"shard phoenix1","printings":["Stronghold","Super Series","Ninth Edition"],"releaseDate":"2006"},{"layout":"normal","type":"Creature — Phoenix","types":["Creature"],"colors":["Red"],"name":"Shard Phoenix","rarity":"Special","subtypes":["Phoenix"],"power":"2","toughness":"2","cmc":5,"manaCost":"{4}{R}","text":"Flying (This creature can't be blocked except by creatures with flying or reach.)\nSacrifice Shard Phoenix: Shard Phoenix deals 2 damage to each creature without flying.\n{R}{R}{R}: Return Shard Phoenix from your graveyard to your hand. Activate this ability only during your upkeep.","artist":"Ron Spencer","rulings":[{"date":"2005-08-01","text":"You can return Shard Phoenix any time during your upkeep; this is not a beginning of upkeep triggered ability."},{"date":"2005-08-01","text":"Shard Phoenix uses Last Known Information. If, for example, it was blue when it was sacrificed, the damage will come from a blue source."}],"legalities":{"Modern":"Legal","Tempest Block":"Legal","Legacy":"Legal","Vintage":"Legal","Freeform":"Legal","Prismatic":"Legal","Tribal Wars Legacy":"Legal","Singleton 100":"Legal","Commander":"Legal"},"number":"22","foreignNames":[{"language":"Chinese Simplified","name":"碎翼凤凰"},{"language":"French","name":"Phénix d'échardes"},{"language":"German","name":"Splitterphoenix"},{"language":"Italian","name":"Fenice di Schegge"},{"language":"Japanese","name":"陶片のフェニックス"},{"language":"Portuguese (Brazil)","name":"Fênix Fragmentária"},{"language":"Russian","name":"Осколочный феникс"},{"language":"Spanish","name":"Fénix de astillas"}],"source":"Junior Super Series Spring Season participation bonus.","imageName":"shard phoenix2","printings":["Stronghold","Super Series","Ninth Edition"],"releaseDate":"2006"},{"layout":"normal","type":"Creature — Phoenix","types":["Creature"],"colors":["Red"],"name":"Shard Phoenix","rarity":"Special","subtypes":["Phoenix"],"power":"2","toughness":"2","cmc":5,"manaCost":"{4}{R}","text":"Flying (This creature can't be blocked except by creatures with flying or reach.)\nSacrifice Shard Phoenix: Shard Phoenix deals 2 damage to each creature without flying.\n{R}{R}{R}: Return Shard Phoenix from your graveyard to your hand. Activate this ability only during your upkeep.","artist":"Ron Spencer","rulings":[{"date":"2005-08-01","text":"You can return Shard Phoenix any time during your upkeep; this is not a beginning of upkeep triggered ability."},{"date":"2005-08-01","text":"Shard Phoenix uses Last Known Information. If, for example, it was blue when it was sacrificed, the damage will come from a blue source."}],"legalities":{"Modern":"Legal","Tempest Block":"Legal","Legacy":"Legal","Vintage":"Legal","Freeform":"Legal","Prismatic":"Legal","Tribal Wars Legacy":"Legal","Singleton 100":"Legal","Commander":"Legal"},"number":"28","foreignNames":[{"language":"Chinese Simplified","name":"碎翼凤凰"},{"language":"French","name":"Phénix d'échardes"},{"language":"German","name":"Splitterphoenix"},{"language":"Italian","name":"Fenice di Schegge"},{"language":"Japanese","name":"陶片のフェニックス"},{"language":"Portuguese (Brazil)","name":"Fênix Fragmentária"},{"language":"Russian","name":"Осколочный феникс"},{"language":"Spanish","name":"Fénix de astillas"}],"source":"Junior Super Series Spring Season participation bonus.","imageName":"shard phoenix3","printings":["Stronghold","Super Series","Ninth Edition"],"releaseDate":"2006"},{"layout":"normal","type":"Creature — Slith","types":["Creature"],"colors":["Red"],"name":"Slith Firewalker","rarity":"Special","subtypes":["Slith"],"power":"1","toughness":"1","cmc":2,"manaCost":"{R}{R}","text":"Haste\nWhenever Slith Firewalker deals combat damage to a player, put a +1/+1 counter on it.","flavor":"The Sligh incubate in the Great Furnace’s heat, emerging on Mirrodin’s surface only when the four suns have aligned overhead.","artist":"Justin Sweet","legalities":{"Modern":"Legal","Mirrodin Block":"Legal","Legacy":"Legal","Vintage":"Legal","Freeform":"Legal","Prismatic":"Legal","Tribal Wars Legacy":"Legal","Singleton 100":"Legal","Commander":"Legal"},"number":"10","foreignNames":[{"language":"French","name":"Marchefeu slith"},{"language":"German","name":"Feuerwandernder Slith"},{"language":"Italian","name":"Calcafuoco Slith"},{"language":"Japanese","name":"炎歩スリス"},{"language":"Portuguese (Brazil)","name":"Slith Andarilho do Fogo"},{"language":"Spanish","name":"Caminafuego slit"}],"source":"Junior Super Series participation bonus.","imageName":"slith firewalker1","printings":["Super Series","Mirrodin","Duel Decks: Jace vs. Chandra"],"releaseDate":"2005-01-01"},{"layout":"normal","type":"Creature — Slith","types":["Creature"],"colors":["Red"],"name":"Slith Firewalker","rarity":"Special","subtypes":["Slith"],"power":"1","toughness":"1","cmc":2,"manaCost":"{R}{R}","text":"Haste\nWhenever Slith Firewalker deals combat damage to a player, put a +1/+1 counter on it.","flavor":"The Sligh incubate in the Great Furnace's heat, emerging on Mirrodin's surface only when the four suns have aligned overhead.","artist":"Justin Sweet","legalities":{"Modern":"Legal","Mirrodin Block":"Legal","Legacy":"Legal","Vintage":"Legal","Freeform":"Legal","Prismatic":"Legal","Tribal Wars Legacy":"Legal","Singleton 100":"Legal","Commander":"Legal"},"number":"19","foreignNames":[{"language":"French","name":"Marchefeu slith"},{"language":"German","name":"Feuerwandernder Slith"},{"language":"Italian","name":"Calcafuoco Slith"},{"language":"Japanese","name":"炎歩スリス"},{"language":"Portuguese (Brazil)","name":"Slith Andarilho do Fogo"},{"language":"Spanish","name":"Caminafuego slit"}],"source":"Junior Super Series participation bonus.","imageName":"slith firewalker2","printings":["Super Series","Mirrodin","Duel Decks: Jace vs. Chandra"],"releaseDate":"2005-01-01"},{"layout":"normal","type":"Creature — Soltari Cleric","types":["Creature"],"colors":["White"],"name":"Soltari Priest","rarity":"Special","subtypes":["Soltari","Cleric"],"power":"2","toughness":"1","cmc":2,"manaCost":"{W}{W}","text":"Protection from red\nShadow (This creature can block or be blocked by only creatures with shadow.)","flavor":"\"In Rath,\" the priest said, \"there is even greater need for prayer.\"","artist":"Dany Orizio","legalities":{"Modern":"Legal","Time Spiral Block":"Legal","Tempest Block":"Legal","Legacy":"Legal","Vintage":"Legal","Freeform":"Legal","Prismatic":"Legal","Tribal Wars Legacy":"Legal","Singleton 100":"Legal","Commander":"Legal"},"number":"14","foreignNames":[{"language":"Chinese Simplified","name":"索泰利祝祷士"},{"language":"French","name":"Prêtre soltari"},{"language":"German","name":"Soltarischer Priester"},{"language":"Italian","name":"Sacerdote Soltari"},{"language":"Japanese","name":"サルタリーの僧侶"},{"language":"Portuguese (Brazil)","name":"Sacerdote Soltariano"},{"language":"Russian","name":"Священник Солтари"},{"language":"Spanish","name":"Sacerdote soltari"}],"source":"1/2 J07 - Scholarship Series Promos","imageName":"soltari priest1","printings":["Tempest","Super Series","Friday Night Magic","Time Spiral \"Timeshifted\""]},{"layout":"normal","type":"Creature — Soltari Cleric","types":["Creature"],"colors":["White"],"name":"Soltari Priest","rarity":"Special","subtypes":["Soltari","Cleric"],"power":"2","toughness":"1","cmc":2,"manaCost":"{W}{W}","text":"Protection from red\nShadow (This creature can block or be blocked by only creatures with shadow.)","flavor":"\"In Rath,\" the priest said, \"there is even greater need for prayer.\"","artist":"Dany Orizio","legalities":{"Modern":"Legal","Time Spiral Block":"Legal","Tempest Block":"Legal","Legacy":"Legal","Vintage":"Legal","Freeform":"Legal","Prismatic":"Legal","Tribal Wars Legacy":"Legal","Singleton 100":"Legal","Commander":"Legal"},"number":"23","foreignNames":[{"language":"Chinese Simplified","name":"索泰利祝祷士"},{"language":"French","name":"Prêtre soltari"},{"language":"German","name":"Soltarischer Priester"},{"language":"Italian","name":"Sacerdote Soltari"},{"language":"Japanese","name":"サルタリーの僧侶"},{"language":"Portuguese (Brazil)","name":"Sacerdote Soltariano"},{"language":"Russian","name":"Священник Солтари"},{"language":"Spanish","name":"Sacerdote soltari"}],"source":"1/2 E07 - Junior Series","imageName":"soltari priest2","printings":["Tempest","Super Series","Friday Night Magic","Time Spiral \"Timeshifted\""]},{"layout":"normal","type":"Creature — Soltari Cleric","types":["Creature"],"colors":["White"],"name":"Soltari Priest","rarity":"Special","subtypes":["Soltari","Cleric"],"power":"2","toughness":"1","cmc":2,"manaCost":"{W}{W}","text":"Protection from red\nShadow (This creature can block or be blocked by only creatures with shadow.)","flavor":"\"In Rath,\" the priest said, \"there is even greater need for prayer.\"","artist":"Dany Orizio","legalities":{"Modern":"Legal","Time Spiral Block":"Legal","Tempest Block":"Legal","Legacy":"Legal","Vintage":"Legal","Freeform":"Legal","Prismatic":"Legal","Tribal Wars Legacy":"Legal","Singleton 100":"Legal","Commander":"Legal"},"number":"29","foreignNames":[{"language":"Chinese Simplified","name":"索泰利祝祷士"},{"language":"French","name":"Prêtre soltari"},{"language":"German","name":"Soltarischer Priester"},{"language":"Italian","name":"Sacerdote Soltari"},{"language":"Japanese","name":"サルタリーの僧侶"},{"language":"Portuguese (Brazil)","name":"Sacerdote Soltariano"},{"language":"Russian","name":"Священник Солтари"},{"language":"Spanish","name":"Sacerdote soltari"}],"source":"1/2 U07 - Junior APAC Series","imageName":"soltari priest3","printings":["Tempest","Super Series","Friday Night Magic","Time Spiral \"Timeshifted\""]},{"layout":"normal","type":"Land","types":["Land"],"name":"Thran Quarry","rarity":"Special","text":"At the beginning of the end step, if you control no creatures, sacrifice Thran Quarry.\n{T}: Add one mana of any color to your mana pool.","artist":"Michael Sutfin","rulings":[{"date":"2004-10-04","text":"Triggers at the end of every player's turn."}],"legalities":{"Urza Block":"Legal","Legacy":"Legal","Vintage":"Legal","Commander":"Legal"},"number":"1","imageName":"thran quarry","printings":["Urza's Saga","Super Series"],"source":"Junior Super Series participation bonus.","releaseDate":"1999-12-01"},{"layout":"normal","type":"Creature — Dragon","types":["Creature"],"colors":["Red"],"name":"Two-Headed Dragon","rarity":"Special","subtypes":["Dragon"],"power":"4","toughness":"4","cmc":6,"manaCost":"{4}{R}{R}","text":"Flying\n{1}{R}: Two-Headed Dragon gets +2/+0 until end of turn.\nTwo-Headed Dragon can't be blocked except by two or more creatures.\nTwo-Headed Dragon can block an additional creature.","artist":"Sam Wood","legalities":{"Modern":"Legal","Masques Block":"Legal","Legacy":"Legal","Vintage":"Legal","Freeform":"Legal","Prismatic":"Legal","Tribal Wars Legacy":"Legal","Singleton 100":"Legal","Commander":"Legal"},"number":"9","foreignNames":[{"language":"French","name":"Dragon à deux têtes"},{"language":"German","name":"Zweiköpfiger Drache"},{"language":"Italian","name":"Drago a Due Teste"},{"language":"Portuguese (Brazil)","name":"Dragão de Duas Cabeças"},{"language":"Spanish","name":"Dragón de dos cabezas"}],"source":"Junior Super Series prize","imageName":"two-headed dragon","printings":["Mercadian Masques","Super Series","Eighth Edition","From the Vault: Dragons","Archenemy"],"releaseDate":"2003-12-01"},{"layout":"normal","type":"Sorcery","types":["Sorcery"],"colors":["Red"],"name":"Volcanic Hammer","rarity":"Special","cmc":2,"manaCost":"{1}{R}","text":"Volcanic Hammer deals 3 damage to target creature or player.","flavor":"Cast the weight as though it were a die, to see a rival's fate.","artist":"Christopher Rush","legalities":{"Modern":"Legal","Legacy":"Legal","Vintage":"Legal","Freeform":"Legal","Prismatic":"Legal","Tribal Wars Legacy":"Legal","Singleton 100":"Legal","Commander":"Legal"},"number":"7","foreignNames":[{"language":"Chinese Simplified","name":"火山锤"},{"language":"Chinese Traditional","name":"火山錘"},{"language":"French","name":"Marteau volcanique"},{"language":"German","name":"Vulkanhammer"},{"language":"Italian","name":"Martello Vulcanico"},{"language":"Japanese","name":"火山の鎚"},{"language":"Korean","name":"화산의 망치"},{"language":"Portuguese (Brazil)","name":"Martelo Vulcânico"},{"language":"Russian","name":"Вулканический молот"},{"language":"Spanish","name":"Martillo volcánico"}],"imageName":"volcanic hammer","printings":["Portal","Portal Second Age","Starter 1999","Super Series","Seventh Edition","Eighth Edition","Ninth Edition"],"source":"Junior Super Series participation bonus.","releaseDate":"2002-12-01"},{"layout":"normal","type":"Creature — Human Monk","types":["Creature"],"colors":["Green"],"name":"Whirling Dervish","rarity":"Special","subtypes":["Human","Monk"],"power":"1","toughness":"1","cmc":2,"manaCost":"{G}{G}","text":"Protection from black\nAt the beginning of each end step, if Whirling Dervish dealt damage to an opponent this turn, put a +1/+1 counter on it.","flavor":"Amid this whirling hurricane of blades, there is no calm eye in which the hapless can find shelter.","artist":"Alex Horley-Orlandelli","rulings":[{"date":"2004-10-04","text":"If it damages the opponent multiple times in a turn, it gets only one +1/+1 counter at end of turn."}],"legalities":{"Modern":"Legal","Time Spiral Block":"Legal","Legacy":"Legal","Vintage":"Legal","Freeform":"Legal","Prismatic":"Legal","Tribal Wars Legacy":"Legal","Singleton 100":"Legal","Commander":"Legal"},"number":"15","foreignNames":[{"language":"Chinese Simplified","name":"苦修士"},{"language":"French","name":"Derviche tourneur"},{"language":"German","name":"Wirbelnder Derwisch"},{"language":"Italian","name":"Derviscio Turbinante"},{"language":"Japanese","name":"疾風のデルヴィッシュ"},{"language":"Portuguese (Brazil)","name":"Mevlevi"},{"language":"Russian","name":"Вихревый Дервиш"},{"language":"Spanish","name":"Hostigadores derviches"}],"source":"2/2 J07 - Scholarship Series Promos","imageName":"whirling dervish1","printings":["Legends","Fourth Edition","Rivals Quick Start Set","Introductory Two-Player Set","Fifth Edition","Super Series","Time Spiral \"Timeshifted\""]},{"layout":"normal","type":"Creature — Human Monk","types":["Creature"],"colors":["Green"],"name":"Whirling Dervish","rarity":"Special","subtypes":["Human","Monk"],"power":"1","toughness":"1","cmc":2,"manaCost":"{G}{G}","text":"Protection from black\nAt the beginning of each end step, if Whirling Dervish dealt damage to an opponent this turn, put a +1/+1 counter on it.","artist":"Alex Horley-Orlandelli","rulings":[{"date":"2004-10-04","text":"If it damages the opponent multiple times in a turn, it gets only one +1/+1 counter at end of turn."}],"legalities":{"Modern":"Legal","Time Spiral Block":"Legal","Legacy":"Legal","Vintage":"Legal","Freeform":"Legal","Prismatic":"Legal","Tribal Wars Legacy":"Legal","Singleton 100":"Legal","Commander":"Legal"},"number":"24","foreignNames":[{"language":"Chinese Simplified","name":"苦修士"},{"language":"French","name":"Derviche tourneur"},{"language":"German","name":"Wirbelnder Derwisch"},{"language":"Italian","name":"Derviscio Turbinante"},{"language":"Japanese","name":"疾風のデルヴィッシュ"},{"language":"Portuguese (Brazil)","name":"Mevlevi"},{"language":"Russian","name":"Вихревый Дервиш"},{"language":"Spanish","name":"Hostigadores derviches"}],"source":"2/2 E07 - Junior Series","imageName":"whirling dervish2","printings":["Legends","Fourth Edition","Rivals Quick Start Set","Introductory Two-Player Set","Fifth Edition","Super Series","Time Spiral \"Timeshifted\""],"flavor":"Amid this whirling hurricane of blades, there is no calm eye in which the hapless can find shelter."},{"layout":"normal","type":"Creature — Human Monk","types":["Creature"],"colors":["Green"],"name":"Whirling Dervish","rarity":"Special","subtypes":["Human","Monk"],"power":"1","toughness":"1","cmc":2,"manaCost":"{G}{G}","text":"Protection from black\nAt the beginning of each end step, if Whirling Dervish dealt damage to an opponent this turn, put a +1/+1 counter on it.","flavor":"Amid this whirling hurricane of blades, there is no calm eye in which the hapless can find shelter.","artist":"Alex Horley-Orlandelli","rulings":[{"date":"2004-10-04","text":"If it damages the opponent multiple times in a turn, it gets only one +1/+1 counter at end of turn."}],"legalities":{"Modern":"Legal","Time Spiral Block":"Legal","Legacy":"Legal","Vintage":"Legal","Freeform":"Legal","Prismatic":"Legal","Tribal Wars Legacy":"Legal","Singleton 100":"Legal","Commander":"Legal"},"number":"30","foreignNames":[{"language":"Chinese Simplified","name":"苦修士"},{"language":"French","name":"Derviche tourneur"},{"language":"German","name":"Wirbelnder Derwisch"},{"language":"Italian","name":"Derviscio Turbinante"},{"language":"Japanese","name":"疾風のデルヴィッシュ"},{"language":"Portuguese (Brazil)","name":"Mevlevi"},{"language":"Russian","name":"Вихревый Дервиш"},{"language":"Spanish","name":"Hostigadores derviches"}],"source":"2/2 U07 - Junior APAC Series","imageName":"whirling dervish3","printings":["Legends","Fourth Edition","Rivals Quick Start Set","Introductory Two-Player Set","Fifth Edition","Super Series","Time Spiral \"Timeshifted\""]}]}