{"name":"Worlds","code":"pWOR","magicRaritiesCodes":"15-rarities-worlds-card","releaseDate":"1999-08-04","border":"black","type":"promo","cards":[{"layout":"normal","type":"Creature — Human Barbarian","types":["Creature"],"colors":["Red"],"name":"Balduvian Horde","rarity":"Special","subtypes":["Human","Barbarian"],"power":"5","toughness":"5","cmc":4,"manaCost":"{2}{R}{R}","text":"When Balduvian Horde enters the battlefield, sacrifice it unless you discard a card at random.","artist":"Brian Snõddy","rulings":[{"date":"2004-10-04","text":"You choose whether to discard or not on resolution. If not, then you sacrifice this card. You can choose to not discard even if you no longer control this card on resolution."}],"legalities":{"Ice Age Block":"Legal","Legacy":"Legal","Vintage":"Legal","Freeform":"Legal","Prismatic":"Legal","Tribal Wars Legacy":"Legal","Singleton 100":"Legal","Commander":"Legal"},"number":"1","imageName":"balduvian horde","printings":["Alliances","Classic Sixth Edition","Worlds","Beatdown Box Set","Deckmasters","Masters Edition"],"source":"Side events participation bonus at World Championships in Yokohama","releaseDate":"1999-08-04"}]}