{"name":"Wizards of the Coast Online Store","code":"pWOS","magicRaritiesCodes":"51-rarities-wizards-of-the-coast-online-store","releaseDate":"1999-09-04","border":"black","type":"promo","cards":[{"layout":"normal","type":"Creature — Angel","types":["Creature"],"colors":["White"],"name":"Serra Angel","rarity":"Special","subtypes":["Angel"],"power":"4","toughness":"4","cmc":5,"manaCost":"{3}{W}{W}","text":"Flying\nVigilance (Attacking doesn't cause this creature to tap.)","flavor":"Born with wings of light and a sword of faith, this heavenly incarnation embodies both fury and purity.","artist":"Douglas Shuler","legalities":{"Standard":"Legal","Modern":"Legal","Legacy":"Legal","Vintage":"Legal","Freeform":"Legal","Prismatic":"Legal","Tribal Wars Legacy":"Legal","Tribal Wars Standard":"Legal","Singleton 100":"Legal","Commander":"Legal"},"number":"1","foreignNames":[{"language":"Chinese Simplified","name":"撒拉天使"},{"language":"Chinese Traditional","name":"撒拉天使"},{"language":"French","name":"Ange de Serra"},{"language":"German","name":"Serra-Engel"},{"language":"Italian","name":"Angelo di Serra"},{"language":"Japanese","name":"セラの天使"},{"language":"Korean","name":"세라 천사"},{"language":"Portuguese (Brazil)","name":"Anjo Serra"},{"language":"Portuguese","name":"Anjo Serra"},{"language":"Russian","name":"Ангел Серры"},{"language":"Spanish","name":"Ángel de Serra"}],"source":"Wizards of the Coast Online Store purchase bonus.","imageName":"serra angel","printings":["Limited Edition Alpha","Limited Edition Beta","Unlimited Edition","Revised Edition","Fourth Edition","Anthologies","Wizards of the Coast Online Store","Seventh Edition","Eighth Edition","Ninth Edition","Tenth Edition","Duel Decks: Divine vs. Demonic","Magic 2010","Magic 2011","Masters Edition IV","Magic: The Gathering-Commander","Magic 2012","Magic 2013","Magic 2014 Core Set","Magic 2015 Core Set"],"releaseDate":"1999-09-04"}]}