{"name":"Rivals Quick Start Set","code":"RQS","releaseDate":"1996-07-01","border":"white","type":"box","cards":[{"layout":"normal","type":"Instant","types":["Instant"],"colors":["White"],"name":"Alabaster Potion","originalType":"Instant","cmc":2,"rarity":"Special","artist":"Harold McNeill","manaCost":"{X}{W}{W}","text":"Choose one —\n• Target player gains X life.\n• Prevent the next X damage that would be dealt to target creature or player this turn.","originalText":"Give target player X life, or prevent X damage to any creature or player.","flavor":"\"Healing is a matter of time, but it is sometimes also a matter of opportunity.\"\n—D'Avenant proverb","imageName":"alabaster potion","legalities":{"Legacy":"Legal","Vintage":"Legal","Commander":"Legal"},"printings":["Legends","Fourth Edition","Rivals Quick Start Set","Introductory Two-Player Set","Fifth Edition","Masters Edition III"]},{"layout":"normal","type":"Artifact Creature — Construct","types":["Artifact","Creature"],"name":"Battering Ram","subtypes":["Construct"],"originalType":"Artifact Creature","cmc":2,"rarity":"Special","artist":"Jeff A. Menges","power":"1","toughness":"1","manaCost":"{2}","text":"At the beginning of combat on your turn, Battering Ram gains banding until end of combat. (Any creatures with banding, and up to one without, can attack in a band. Bands are blocked as a group. If any creatures with banding you control are being blocked by a creature, you divide that creature's combat damage, not its controller, among any of the creatures it's blocking.)\nWhenever Battering Ram becomes blocked by a Wall, destroy that Wall at end of combat.","originalText":"Banding when attacking\nAt the end of combat, destroy all walls blocking Battering Ram.","flavor":"By the time Mishra was defeated, no mage was foolish enough to rely heavily on walls.","rulings":[{"date":"2008-10-01","text":"If a creature with banding attacks, it can team up with any number of other attacking creatures with banding (and up to one nonbanding creature) and attack as a unit called a \"band.\" The band can be blocked by any creature that could block a single creature in the band. Blocking any creature in a band blocks the entire band. If a creature with banding is blocked, the attacking player chooses how the blockers' damage is assigned."},{"date":"2008-10-01","text":"A maximum of one nonbanding creature can join an attacking band no matter how many creatures with banding are in it."},{"date":"2008-10-01","text":"Creatures in the same band must all attack the same player or planeswalker."},{"date":"2009-10-01","text":"If a creature in combat has banding, its controller assigns damage for creatures blocking or blocked by it. That player can ignore the damage assignment order when making this assignment."}],"imageName":"battering ram","legalities":{"Legacy":"Legal","Vintage":"Legal","Commander":"Legal"},"printings":["Antiquities","Fourth Edition","Rivals Quick Start Set","Introductory Two-Player Set","Fifth Edition"]},{"layout":"normal","type":"Creature — Imp","types":["Creature"],"colors":["Black"],"name":"Bog Imp","subtypes":["Imp"],"originalType":"Summon — Imp","cmc":2,"rarity":"Special","artist":"Ron Spencer","power":"1","toughness":"1","manaCost":"{1}{B}","text":"Flying (This creature can't be blocked except by creatures with flying or reach.)","originalText":"Flying","flavor":"On guard for larger dangers, we underestimated the power and speed of the Imp's muck-crusted claws.","imageName":"bog imp","foreignNames":[{"language":"Chinese Traditional","name":"腐沼小惡魔"},{"language":"Chinese Simplified","name":"腐沼小恶魔"},{"language":"French","name":"Diablotin des marécages"},{"language":"German","name":"Torfbold"},{"language":"Italian","name":"Demonietto delle Paludi"},{"language":"Japanese","name":"沼インプ"},{"language":"Korean","name":"진창의 임프"},{"language":"Portuguese (Brazil)","name":"Diabrete do Pântano"},{"language":"Russian","name":"Болотный бес"},{"language":"Spanish","name":"Diablillo del pantano"}],"legalities":{"Modern":"Legal","Legacy":"Legal","Vintage":"Legal","Freeform":"Legal","Prismatic":"Legal","Tribal Wars Legacy":"Legal","Singleton 100":"Legal","Commander":"Legal"},"printings":["The Dark","Fourth Edition","Rivals Quick Start Set","Introductory Two-Player Set","Fifth Edition","Portal","Classic Sixth Edition","Starter 1999","Starter 2000","Seventh Edition","Eighth Edition","Ninth Edition"]},{"layout":"normal","type":"Creature — Wraith","types":["Creature"],"colors":["Black"],"name":"Bog Wraith","subtypes":["Wraith"],"originalType":"Summon — Wraith","cmc":4,"rarity":"Special","artist":"Jeff A. Menges","power":"3","toughness":"3","manaCost":"{3}{B}","text":"Swampwalk (This creature can't be blocked as long as defending player controls a Swamp.)","originalText":"Swampwalk","flavor":"'Twas in the bogs of Cannelbrae\nMy mate did meet an early grave\n'Twas nothing left for us to save\nIn the peat-filled bogs of Cannelbrae.","imageName":"bog wraith","foreignNames":[{"language":"Chinese Simplified","name":"腐沼鬼魂"},{"language":"Chinese Traditional","name":"腐沼鬼魂"},{"language":"French","name":"Apparition des marécages"},{"language":"German","name":"Todlose Moorleiche"},{"language":"Italian","name":"Necrospettro delle Paludi"},{"language":"Japanese","name":"沼の悪霊"},{"language":"Portuguese (Brazil)","name":"Aparição do Pântano"},{"language":"Russian","name":"Болотная тень"},{"language":"Spanish","name":"Aparición de la ciénaga"}],"legalities":{"Modern":"Legal","Legacy":"Legal","Vintage":"Legal","Freeform":"Legal","Prismatic":"Legal","Tribal Wars Legacy":"Legal","Singleton 100":"Legal","Commander":"Legal"},"printings":["Limited Edition Alpha","Limited Edition Beta","Unlimited Edition","Revised Edition","Fourth Edition","Rivals Quick Start Set","Introductory Two-Player Set","Fifth Edition","Portal","Classic Sixth Edition","Starter 1999","Seventh Edition","Eighth Edition","Ninth Edition","Tenth Edition","Magic 2010"]},{"layout":"normal","type":"Enchantment","types":["Enchantment"],"colors":["White"],"name":"Circle of Protection: Black","originalType":"Enchantment","cmc":2,"rarity":"Special","artist":"Jesper Myrfors","manaCost":"{1}{W}","text":"{1}: The next time a black source of your choice would deal damage to you this turn, prevent that damage.","originalText":"{1}: Prevent all damage against you from one black source. If a source deals damage to you more than once in a turn, you may pay {1} each time to prevent the damage.","rulings":[{"date":"2004-10-04","text":"A source of damage is a permanent, a spell on the stack (including one that creates a permanent), or any object referred to by an object on the stack. A source doesn't need to be capable of dealing damage to be a legal choice."},{"date":"2004-10-04","text":"Can be used even when there is no damage to prevent. It prevents the next damage (if any) from the source this turn."}],"imageName":"circle of protection black","foreignNames":[{"language":"Chinese Simplified","name":"反黑保护环"},{"language":"French","name":"Cercle de protection : noir"},{"language":"German","name":"Schutzkreis gegen Schwarz"},{"language":"Italian","name":"Circolo di Protezione: Nero"},{"language":"Japanese","name":"黒の防御円"},{"language":"Portuguese (Brazil)","name":"Círculo de Proteção: Preto"},{"language":"Russian","name":"Круг защиты: Черный"},{"language":"Spanish","name":"Círculo de protección: negro"}],"legalities":{"Modern":"Legal","Tempest Block":"Legal","Ice Age Block":"Legal","Legacy":"Legal","Vintage":"Legal","Freeform":"Legal","Prismatic":"Legal","Tribal Wars Legacy":"Legal","Singleton 100":"Legal","Commander":"Legal"},"printings":["Limited Edition Beta","Unlimited Edition","Revised Edition","Fourth Edition","Ice Age","Rivals Quick Start Set","Introductory Two-Player Set","Fifth Edition","Tempest","Classic Sixth Edition","Seventh Edition","Eighth Edition","Ninth Edition"]},{"layout":"normal","type":"Enchantment","types":["Enchantment"],"colors":["White"],"name":"Circle of Protection: Red","originalType":"Enchantment","cmc":2,"rarity":"Special","artist":"Mark Tedin","manaCost":"{1}{W}","text":"{1}: The next time a red source of your choice would deal damage to you this turn, prevent that damage.","originalText":"{1}: Prevent all damage against you from one red source. If a source deals damage to you more than once in a turn, you may pay {1} each time to prevent the damage.","rulings":[{"date":"2004-10-04","text":"A source of damage is a permanent, a spell on the stack (including one that creates a permanent), or any object referred to by an object on the stack. A source doesn't need to be capable of dealing damage to be a legal choice."},{"date":"2004-10-04","text":"Can be used even when there is no damage to prevent. It prevents the next damage (if any) from the source this turn."}],"imageName":"circle of protection red","foreignNames":[{"language":"Chinese Simplified","name":"反红保护环"},{"language":"French","name":"Cercle de protection : rouge"},{"language":"German","name":"Schutzkreis gegen Rot"},{"language":"Italian","name":"Circolo di Protezione: Rosso"},{"language":"Japanese","name":"赤の防御円"},{"language":"Portuguese (Brazil)","name":"Círculo de Proteção: Vermelho"},{"language":"Russian","name":"Круг защиты: Красный"},{"language":"Spanish","name":"Círculo de protección: rojo"}],"legalities":{"Modern":"Legal","Tempest Block":"Legal","Ice Age Block":"Legal","Legacy":"Legal","Vintage":"Legal","Freeform":"Legal","Prismatic":"Legal","Tribal Wars Legacy":"Legal","Singleton 100":"Legal","Commander":"Legal"},"printings":["Limited Edition Alpha","Limited Edition Beta","Unlimited Edition","Revised Edition","Fourth Edition","Ice Age","Rivals Quick Start Set","Introductory Two-Player Set","Fifth Edition","Tempest","Classic Sixth Edition","Friday Night Magic","Seventh Edition","Eighth Edition","Ninth Edition"]},{"layout":"normal","type":"Artifact Creature — Beast","types":["Artifact","Creature"],"name":"Clockwork Beast","subtypes":["Beast"],"originalType":"Artifact Creature","cmc":6,"rarity":"Special","artist":"Drew Tucker","power":"0","toughness":"4","manaCost":"{6}","text":"Clockwork Beast enters the battlefield with seven +1/+0 counters on it.\nAt end of combat, if Clockwork Beast attacked or blocked this combat, remove a +1/+0 counter from it.\n{X}, {T}: Put up to X +1/+0 counters on Clockwork Beast. This ability can't cause the total number of +1/+0 counters on Clockwork Beast to be greater than seven. Activate this ability only during your upkeep.","originalText":"When Clockwork Beast comes into play, put seven +1/+0 counters on it. At the end of any combat in which Clockwork Beast is assigned to attack or block, remove a counter.\n{X}, {T}: Put X +1/+0 counters on Clockwork Beast. You may have no more than seven of these counters on Clockwork Beast. Use this ability only during your upkeep.","rulings":[{"date":"2004-10-04","text":"Loses a counter even if it is affected by a Fog-like effect which prevents it from dealing damage."},{"date":"2004-10-04","text":"Can attack or block even if it has no counters."},{"date":"2007-09-16","text":"This is a change from the most recent wording. Now, if some other spell or ability causes +1/+0 counters to be put on Clockwork Beast, it can wind up with more than seven such counters on it."},{"date":"2007-09-16","text":"If Clockwork Beast has seven or fewer +1/+0 counters on it when its last ability resolves, it can wind up a maximum of seven such counters on it. If it has seven or more +1/+0 counters on it, the ability will have no effect."},{"date":"2007-09-16","text":"Clockwork Beast's last ability resolves, you can choose to put fewer than X +1/+0 counters on it."}],"imageName":"clockwork beast","legalities":{"Legacy":"Legal","Vintage":"Legal","Freeform":"Legal","Prismatic":"Legal","Tribal Wars Legacy":"Legal","Singleton 100":"Legal","Commander":"Legal"},"printings":["Limited Edition Alpha","Limited Edition Beta","Unlimited Edition","Revised Edition","Fourth Edition","Rivals Quick Start Set","Introductory Two-Player Set","Fifth Edition","Beatdown Box Set","Masters Edition"]},{"layout":"normal","type":"Enchantment — Aura","types":["Enchantment"],"colors":["Black"],"name":"Cursed Land","subtypes":["Aura"],"originalType":"Enchant Land","cmc":4,"rarity":"Special","artist":"Jesper Myrfors","manaCost":"{2}{B}{B}","text":"Enchant land\nAt the beginning of the upkeep of enchanted land's controller, Cursed Land deals 1 damage to that player.","originalText":"Cursed Land deals 1 damage to target land's controller during his or her upkeep.","imageName":"cursed land","legalities":{"Legacy":"Legal","Vintage":"Legal","Commander":"Legal"},"printings":["Limited Edition Alpha","Limited Edition Beta","Unlimited Edition","Revised Edition","Fourth Edition","Rivals Quick Start Set","Introductory Two-Player Set","Fifth Edition"]},{"layout":"normal","type":"Instant","types":["Instant"],"colors":["Black"],"name":"Dark Ritual","originalType":"Interrupt","cmc":1,"rarity":"Special","artist":"Sandra Everingham","manaCost":"{B}","text":"Add {B}{B}{B} to your mana pool.","originalText":"Add {B}{B}{B} to your mana pool.","imageName":"dark ritual","foreignNames":[{"language":"Japanese","name":"暗黒の儀式"}],"legalities":{"Masques Block":"Legal","Urza Block":"Legal","Tempest Block":"Legal","Mirage Block":"Legal","Ice Age Block":"Legal","Legacy":"Legal","Vintage":"Legal","Freeform":"Legal","Prismatic":"Legal","Tribal Wars Legacy":"Legal","Singleton 100":"Legal","Commander":"Legal"},"printings":["Limited Edition Alpha","Limited Edition Beta","Unlimited Edition","Revised Edition","Fourth Edition","Ice Age","Rivals Quick Start Set","Mirage","Introductory Two-Player Set","Fifth Edition","Tempest","Judge Gift Program","Urza's Saga","Mercadian Masques","Battle Royale Box Set","Beatdown Box Set","Deckmasters","Coldsnap Theme Decks","Duel Decks: Divine vs. Demonic","Planechase","Duel Decks: Phyrexia vs. the Coalition","Masters Edition IV","From the Vault: Twenty","Vintage Masters"]},{"layout":"normal","type":"Sorcery","types":["Sorcery"],"colors":["Red"],"name":"Detonate","originalType":"Sorcery","cmc":1,"rarity":"Special","artist":"Randy Asplund-Faith","manaCost":"{X}{R}","text":"Destroy target artifact with converted mana cost X. It can't be regenerated. Detonate deals X damage to that artifact's controller.","originalText":"Bury target artifact. Detonate deals X damage to the artifact's controller, where X is the casting cost of the artifact.","rulings":[{"date":"2004-10-04","text":"If the artifact becomes an illegal target before resolution, then no damage is done."}],"imageName":"detonate","foreignNames":[{"language":"French","name":"Détonation"},{"language":"German","name":"Detonation"},{"language":"Italian","name":"Detonazione"},{"language":"Japanese","name":"爆破"},{"language":"Portuguese (Brazil)","name":"Explodir"},{"language":"Spanish","name":"Detonar"}],"legalities":{"Modern":"Legal","Mirrodin Block":"Legal","Legacy":"Legal","Vintage":"Legal","Freeform":"Legal","Prismatic":"Legal","Tribal Wars Legacy":"Legal","Singleton 100":"Legal","Commander":"Legal"},"printings":["Antiquities","Fourth Edition","Rivals Quick Start Set","Introductory Two-Player Set","Fifth Edition","Mirrodin","Masters Edition IV"]},{"layout":"normal","type":"Sorcery","types":["Sorcery"],"colors":["Red"],"name":"Disintegrate","originalType":"Sorcery","cmc":1,"rarity":"Special","artist":"Anson Maddocks","manaCost":"{X}{R}","text":"Disintegrate deals X damage to target creature or player. That creature can't be regenerated this turn. If the creature would die this turn, exile it instead.","originalText":"Disintegrate deals X damage to target creature or player. The target cannot regenerate until end of turn. If the target receives lethal damage this turn, remove it from the game entirely.","rulings":[{"date":"2004-10-04","text":"The \"can't regenerate\" is an effect of Disintegrate and not an effect of the damage. It works even if the damage is prevented or redirected. If redirected, the damage does not take this effect with it."},{"date":"2004-10-04","text":"Disintegrated creatures do not go to the graveyard at all before being exiled. They do not trigger abilities which trigger due to a creature going to the graveyard."}],"imageName":"disintegrate","foreignNames":[{"language":"Chinese Simplified","name":"分解"},{"language":"French","name":"Désintégration"},{"language":"German","name":"Zersetzung"},{"language":"Italian","name":"Disintegrazione"},{"language":"Japanese","name":"分解"},{"language":"Portuguese (Brazil)","name":"Desintegrar"},{"language":"Russian","name":"Дезинтегрировать"},{"language":"Spanish","name":"Desintegrar"}],"legalities":{"Modern":"Legal","Time Spiral Block":"Legal","Legacy":"Legal","Vintage":"Legal","Freeform":"Legal","Prismatic":"Legal","Tribal Wars Legacy":"Legal","Singleton 100":"Legal","Commander":"Legal"},"printings":["Limited Edition Alpha","Limited Edition Beta","Unlimited Edition","Revised Edition","Fourth Edition","Rivals Quick Start Set","Introductory Two-Player Set","Fifth Edition","Time Spiral \"Timeshifted\""]},{"layout":"normal","type":"Creature — Boar","types":["Creature"],"colors":["Green"],"name":"Durkwood Boars","subtypes":["Boar"],"originalType":"Summon — Boars","cmc":5,"rarity":"Special","artist":"Mike Kimble","power":"4","toughness":"4","manaCost":"{4}{G}","flavor":"\"And the unclean spirits went out, and entered the swine: and the herd ran violently . . . .\"\n—Mark 5:13","imageName":"durkwood boars","legalities":{"Legacy":"Legal","Vintage":"Legal","Commander":"Legal"},"printings":["Legends","Fourth Edition","Rivals Quick Start Set","Introductory Two-Player Set","Fifth Edition","Starter 1999","Starter 2000"]},{"layout":"normal","type":"Creature — Elf","types":["Creature"],"colors":["Green"],"name":"Elven Riders","subtypes":["Elf"],"originalType":"Summon — Riders","cmc":5,"rarity":"Special","artist":"Melissa A. Benson","power":"3","toughness":"3","manaCost":"{3}{G}{G}","text":"Elven Riders can't be blocked except by Walls and/or creatures with flying.","originalText":"Cannot be blocked except by walls and by creatures with flying.","flavor":"\"Sometimes it is better to be swift of foot than strong of swordarm.\"\n—Elven proverb","rulings":[{"date":"2007-05-01","text":"Creatures with the Reach ability (such as Giant Spider) don't actually have Flying, so they can't block this."}],"imageName":"elven riders","foreignNames":[{"language":"Chinese Traditional","name":"妖精騎隊"},{"language":"Chinese Simplified","name":"地精骑队"},{"language":"French","name":"Cavaliers elfes"},{"language":"German","name":"Elfenreiter"},{"language":"Italian","name":"Cavalieri Elfici"},{"language":"Japanese","name":"エルフの騎手"},{"language":"Portuguese (Brazil)","name":"Ginetes Élficos"},{"language":"Russian","name":"Эльфийские Всадники"},{"language":"Spanish","name":"Jinetes élficos"}],"legalities":{"Modern":"Legal","Onslaught Block":"Legal","Legacy":"Legal","Vintage":"Legal","Freeform":"Legal","Prismatic":"Legal","Tribal Wars Legacy":"Legal","Singleton 100":"Legal","Commander":"Legal"},"printings":["Legends","Fourth Edition","Rivals Quick Start Set","Introductory Two-Player Set","Fifth Edition","Classic Sixth Edition","Onslaught","Tenth Edition","Duels of the Planeswalkers"]},{"layout":"normal","type":"Creature — Elf Archer","types":["Creature"],"colors":["Green"],"name":"Elvish Archers","subtypes":["Elf","Archer"],"originalType":"Summon — Elves","cmc":2,"rarity":"Special","artist":"Anson Maddocks","power":"2","toughness":"1","manaCost":"{1}{G}","text":"First strike","originalText":"First strike","flavor":"I tell you, there was so many arrows flying about you couldn't hardly see the sun. So I says to young Angus, \"Well, at least now we're fighting in the shade!\"","imageName":"elvish archers","foreignNames":[{"language":"French","name":"Archers elfes"},{"language":"German","name":"Bogenschützen der Elfen"}],"legalities":{"Legacy":"Legal","Vintage":"Legal","Freeform":"Legal","Prismatic":"Legal","Tribal Wars Legacy":"Legal","Singleton 100":"Legal","Commander":"Legal"},"printings":["Limited Edition Alpha","Limited Edition Beta","Unlimited Edition","Revised Edition","Fourth Edition","Rivals Quick Start Set","Introductory Two-Player Set","Fifth Edition","Classic Sixth Edition","Seventh Edition"]},{"layout":"normal","type":"Enchantment","types":["Enchantment"],"colors":["Blue"],"name":"Energy Flux","originalType":"Enchantment","cmc":3,"rarity":"Special","artist":"Kaja Foglio","manaCost":"{2}{U}","text":"All artifacts have \"At the beginning of your upkeep, sacrifice this artifact unless you pay {2}.\"","originalText":"During each player's upkeep, destroy all artifacts that player controls. The player may pay an additional {2} for each artifact he or she wishes to prevent Energy Flux from destroying.","imageName":"energy flux","legalities":{"Masques Block":"Legal","Legacy":"Legal","Vintage":"Legal","Commander":"Legal"},"printings":["Antiquities","Revised Edition","Fourth Edition","Rivals Quick Start Set","Introductory Two-Player Set","Fifth Edition","Mercadian Masques","Masters Edition IV"]},{"layout":"normal","type":"Enchantment — Aura","types":["Enchantment"],"colors":["Blue"],"name":"Feedback","subtypes":["Aura"],"originalType":"Enchant Enchantment","cmc":3,"rarity":"Special","artist":"Quinton Hoover","manaCost":"{2}{U}","text":"Enchant enchantment\nAt the beginning of the upkeep of enchanted enchantment's controller, Feedback deals 1 damage to that player.","originalText":"Feedback deals 1 damage to controller of target enchantment during that player's upkeep.","imageName":"feedback","legalities":{"Legacy":"Legal","Vintage":"Legal","Commander":"Legal"},"printings":["Limited Edition Alpha","Limited Edition Beta","Unlimited Edition","Revised Edition","Fourth Edition","Rivals Quick Start Set","Introductory Two-Player Set","Fifth Edition"]},{"layout":"normal","type":"Sorcery","types":["Sorcery"],"colors":["Red"],"name":"Fireball","originalType":"Sorcery","cmc":1,"rarity":"Special","artist":"Mark Tedin","manaCost":"{X}{R}","text":"Fireball deals X damage divided evenly, rounded down, among any number of target creatures and/or players.\nFireball costs {1} more to cast for each target beyond the first.","originalText":"Fireball deals X damage, divided evenly (round down) among any number of target creatures and/or players. Pay an additional {1} for each target beyond the first.","rulings":[{"date":"2004-12-01","text":"The additional cost is paid when you pay the rest of Fireball's costs, even though that text appears second on the card (to make the card easier to read). The additional cost doesn't count toward Fireball's converted mana cost."},{"date":"2004-12-01","text":"If, for example, X is 5 and you choose three target creatures, Fireball has a total cost of {7}{R} (even though its mana cost is just {5}{R}). If those creatures are all still legal targets as Fireball resolves, it deals 1 damage to each of them."},{"date":"2009-05-01","text":"You may cast Fireball with zero targets, regardless of the value chosen for X. If you do so, it will not be a targeted spell, and no damage will actually be dealt when it resolves."},{"date":"2009-10-01","text":"Fireball's damage is divided as Fireball resolves, not as it's cast, because there are no choices involved. The division involves only targets that are still legal at that time."},{"date":"2009-10-01","text":"You can target more than X creatures. However, if the number of legal targets at the time Fireball resolves is greater than X, none of them will be dealt any damage."}],"imageName":"fireball","foreignNames":[{"language":"Chinese Simplified","name":"火球"},{"language":"Chinese Traditional","name":"火球"},{"language":"French","name":"Boule de feu"},{"language":"German","name":"Feuerball"},{"language":"Italian","name":"Palla di Fuoco"},{"language":"Japanese","name":"火の玉"},{"language":"Portuguese (Brazil)","name":"Bola de Fogo"},{"language":"Russian","name":"Огненный Шар"},{"language":"Spanish","name":"Bola de fuego"}],"legalities":{"Modern":"Legal","Mirrodin Block":"Legal","Legacy":"Legal","Vintage":"Legal","Freeform":"Legal","Prismatic":"Legal","Tribal Wars Legacy":"Legal","Singleton 100":"Legal","Commander":"Legal"},"printings":["Limited Edition Alpha","Limited Edition Beta","Unlimited Edition","Revised Edition","Media Inserts","Fourth Edition","Rivals Quick Start Set","Arena League","Introductory Two-Player Set","Fifth Edition","Anthologies","Beatdown Box Set","Magic Player Rewards","Darksteel","Duel Decks: Jace vs. Chandra","Magic 2010","Archenemy","Magic 2011","Premium Deck Series: Fire and Lightning","Masters Edition IV","Magic 2012","Commander 2013 Edition"]},{"layout":"normal","supertypes":["Basic"],"type":"Basic Land — Forest","types":["Land"],"name":"Forest","subtypes":["Forest"],"originalType":"Land","rarity":"Basic Land","artist":"Christopher Rush","originalText":"{T}: Add {G} to your mana pool.","imageName":"forest1","foreignNames":[{"language":"Chinese Simplified","name":"树林"},{"language":"Chinese Traditional","name":"樹林"},{"language":"French","name":"Forêt"},{"language":"German","name":"Wald"},{"language":"Italian","name":"Foresta"},{"language":"Japanese","name":"森"},{"language":"Korean","name":"숲"},{"language":"Portuguese (Brazil)","name":"Floresta"},{"language":"Russian","name":"Лес"},{"language":"Spanish","name":"Bosque"}],"legalities":{"Standard":"Legal","Modern":"Legal","Theros Block":"Legal","Return to Ravnica Block":"Legal","Innistrad Block":"Legal","Scars of Mirrodin Block":"Legal","Zendikar Block":"Legal","Shards of Alara Block":"Legal","Lorwyn-Shadowmoor Block":"Legal","Time Spiral Block":"Legal","Ravnica Block":"Legal","Kamigawa Block":"Legal","Mirrodin Block":"Legal","Onslaught Block":"Legal","Odyssey Block":"Legal","Invasion Block":"Legal","Masques Block":"Legal","Urza Block":"Legal","Tempest Block":"Legal","Mirage Block":"Legal","Ice Age Block":"Legal","Un-Sets":"Legal","Legacy":"Legal","Vintage":"Legal","Freeform":"Legal","Prismatic":"Legal","Tribal Wars Legacy":"Legal","Tribal Wars Standard":"Legal","Singleton 100":"Legal","Commander":"Legal"},"printings":["Limited Edition Alpha","Limited Edition Beta","Unlimited Edition","Revised Edition","Fourth Edition","Ice Age","Rivals Quick Start Set","Arena League","Mirage","Introductory Two-Player Set","Fifth Edition","Portal","Tempest","Judge Gift Program","Portal Second Age","Unglued","Asia Pacific Land Program","Urza's Saga","Anthologies","Classic Sixth Edition","Portal Three Kingdoms","Starter 1999","Guru","Mercadian Masques","Battle Royale Box Set","European Land Program","Starter 2000","Beatdown Box Set","Invasion","Seventh Edition","Odyssey","Deckmasters","Onslaught","Eighth Edition","Mirrodin","Champions of Kamigawa","Unhinged","Ninth Edition","Ravnica: City of Guilds","Coldsnap Theme Decks","Time Spiral","Tenth Edition","Masters Edition","Lorwyn","Duel Decks: Elves vs. Goblins","Shadowmoor","Shards of Alara","Magic 2010","Planechase","Masters Edition III","Zendikar","Duel Decks: Garruk vs. Liliana","Premium Deck Series: Slivers","Duel Decks: Phyrexia vs. the Coalition","Rise of the Eldrazi","Duels of the Planeswalkers","Archenemy","Magic 2011","Scars of Mirrodin","Mirrodin Besieged","Duel Decks: Knights vs. Dragons","New Phyrexia","Magic: The Gathering-Commander","Magic 2012","Duel Decks: Ajani vs. Nicol Bolas","Innistrad","Avacyn Restored","Planechase 2012 Edition","Magic 2013","Duel Decks: Izzet vs. Golgari","Return to Ravnica","Magic 2014 Core Set","Duel Decks: Heroes vs. Monsters","Theros","Commander 2013 Edition","Duel Decks: Jace vs. Vraska","Magic 2015 Core Set","Khans of Tarkir","Commander 2014","Fate Reforged"]},{"layout":"normal","type":"Artifact","types":["Artifact"],"name":"Glasses of Urza","originalType":"Artifact","cmc":1,"rarity":"Special","artist":"Douglas Shuler","manaCost":"{1}","text":"{T}: Look at target player's hand.","originalText":"{T}: Look at target player's hand.","imageName":"glasses of urza","legalities":{"Legacy":"Legal","Vintage":"Legal","Commander":"Legal"},"printings":["Limited Edition Alpha","Limited Edition Beta","Unlimited Edition","Revised Edition","Fourth Edition","Rivals Quick Start Set","Introductory Two-Player Set","Fifth Edition","Classic Sixth Edition","Masters Edition IV"]},{"layout":"normal","type":"Creature — Bear","types":["Creature"],"colors":["Green"],"name":"Grizzly Bears","subtypes":["Bear"],"originalType":"Summon — Bears","cmc":2,"rarity":"Special","artist":"Jeff A. Menges","power":"2","toughness":"2","manaCost":"{1}{G}","flavor":"Don't try to outrun one of Dominia's Grizzlies; it'll catch you, knock you down, and eat you. Of course, you could run up a tree. In that case you'll get a nice view before it knocks the tree down and eats you.","imageName":"grizzly bears","foreignNames":[{"language":"Chinese Traditional","name":"灰棕熊"},{"language":"Chinese Simplified","name":"灰棕熊"},{"language":"French","name":"Grizzlis"},{"language":"German","name":"Grizzlybären"},{"language":"Italian","name":"Orso Grizzly"},{"language":"Japanese","name":"灰色熊"},{"language":"Korean","name":"회색곰"},{"language":"Portuguese (Brazil)","name":"Ursos Cinzentos"},{"language":"Russian","name":"Гризли"},{"language":"Spanish","name":"Osos pardos"}],"legalities":{"Modern":"Legal","Legacy":"Legal","Vintage":"Legal","Freeform":"Legal","Prismatic":"Legal","Tribal Wars Legacy":"Legal","Singleton 100":"Legal","Commander":"Legal"},"printings":["Limited Edition Alpha","Limited Edition Beta","Unlimited Edition","Revised Edition","Fourth Edition","Rivals Quick Start Set","Introductory Two-Player Set","Fifth Edition","Portal","Classic Sixth Edition","Starter 1999","Seventh Edition","Eighth Edition","Ninth Edition","Tenth Edition"]},{"layout":"normal","type":"Instant","types":["Instant"],"colors":["White"],"name":"Healing Salve","originalType":"Instant","cmc":1,"rarity":"Special","artist":"Dan Frazier","manaCost":"{W}","text":"Choose one —\n• Target player gains 3 life.\n• Prevent the next 3 damage that would be dealt to target creature or player this turn.","originalText":"Give target player 3 life, or prevent up to 3 damage to any creature or player.","imageName":"healing salve","foreignNames":[{"language":"French","name":"Onguent de soins"},{"language":"German","name":"Heilbalsam"},{"language":"Italian","name":"Balsamo Curaferite"},{"language":"Portuguese (Brazil)","name":"Bálsamo Restaurador"},{"language":"Spanish","name":"Bálsamo de curación"}],"legalities":{"Modern":"Legal","Urza Block":"Legal","Mirage Block":"Legal","Legacy":"Legal","Vintage":"Legal","Freeform":"Legal","Prismatic":"Legal","Tribal Wars Legacy":"Legal","Singleton 100":"Legal","Commander":"Legal"},"printings":["Limited Edition Alpha","Limited Edition Beta","Unlimited Edition","Revised Edition","Fourth Edition","Rivals Quick Start Set","Mirage","Introductory Two-Player Set","Fifth Edition","Urza's Saga","Classic Sixth Edition","Battle Royale Box Set","Seventh Edition","Eighth Edition","Duel Decks: Divine vs. Demonic","Masters Edition IV"]},{"layout":"normal","type":"Creature — Giant","types":["Creature"],"colors":["Red"],"name":"Hill Giant","subtypes":["Giant"],"originalType":"Summon — Giant","cmc":4,"rarity":"Special","artist":"Dan Frazier","power":"3","toughness":"3","manaCost":"{3}{R}","flavor":"Fortunately, Hill Giants have large blind spots in which a human can easily hide. Unfortunately, these blind spots are beneath the bottoms of their feet.","imageName":"hill giant","foreignNames":[{"language":"Chinese Traditional","name":"山丘巨人"},{"language":"Chinese Simplified","name":"山丘巨人"},{"language":"French","name":"Géant des collines"},{"language":"German","name":"Hügelriese"},{"language":"Italian","name":"Gigante delle Colline"},{"language":"Japanese","name":"丘巨人"},{"language":"Korean","name":"언덕 거인"},{"language":"Portuguese (Brazil)","name":"Gigante da Colina"},{"language":"Russian","name":"Гигант с холмов"},{"language":"Spanish","name":"Gigante de las colinas"}],"legalities":{"Modern":"Legal","Legacy":"Legal","Vintage":"Legal","Freeform":"Legal","Prismatic":"Legal","Tribal Wars Legacy":"Legal","Singleton 100":"Legal","Commander":"Legal"},"printings":["Limited Edition Alpha","Limited Edition Beta","Unlimited Edition","Revised Edition","Fourth Edition","Rivals Quick Start Set","Introductory Two-Player Set","Fifth Edition","Portal","Seventh Edition","Eighth Edition","Ninth Edition","Tenth Edition","Duels of the Planeswalkers"]},{"layout":"normal","type":"Creature — Orc","types":["Creature"],"colors":["Red"],"name":"Ironclaw Orcs","subtypes":["Orc"],"originalType":"Summon — Orcs","cmc":2,"rarity":"Special","artist":"Anson Maddocks","power":"2","toughness":"2","manaCost":"{1}{R}","text":"Ironclaw Orcs can't block creatures with power 2 or greater.","originalText":"Cannot be assigned to block any creature with power greater than 1.","flavor":"Generations of genetic weeding have given rise to the deviously cowardly Ironclaw clan. To say that Orcs in general are vicious, depraved, and ignoble does not do justice to the Ironclaw.","imageName":"ironclaw orcs","legalities":{"Legacy":"Legal","Vintage":"Legal","Freeform":"Legal","Prismatic":"Legal","Tribal Wars Legacy":"Legal","Singleton 100":"Legal","Commander":"Legal"},"printings":["Limited Edition Alpha","Limited Edition Beta","Unlimited Edition","Fourth Edition","Rivals Quick Start Set","Introductory Two-Player Set","Fifth Edition","Masters Edition II"]},{"layout":"normal","supertypes":["Basic"],"type":"Basic Land — Island","types":["Land"],"name":"Island","subtypes":["Island"],"originalType":"Land","rarity":"Basic Land","artist":"Mark Poole","originalText":"{T}: Add {U} to your mana pool.","imageName":"island1","foreignNames":[{"language":"Chinese Simplified","name":"海岛"},{"language":"Chinese Traditional","name":"海島"},{"language":"French","name":"Île"},{"language":"German","name":"Insel"},{"language":"Italian","name":"Isola"},{"language":"Japanese","name":"島"},{"language":"Korean","name":"섬"},{"language":"Portuguese (Brazil)","name":"Ilha"},{"language":"Russian","name":"Остров"},{"language":"Spanish","name":"Isla"}],"legalities":{"Standard":"Legal","Modern":"Legal","Theros Block":"Legal","Return to Ravnica Block":"Legal","Innistrad Block":"Legal","Scars of Mirrodin Block":"Legal","Zendikar Block":"Legal","Shards of Alara Block":"Legal","Lorwyn-Shadowmoor Block":"Legal","Time Spiral Block":"Legal","Ravnica Block":"Legal","Kamigawa Block":"Legal","Mirrodin Block":"Legal","Onslaught Block":"Legal","Odyssey Block":"Legal","Invasion Block":"Legal","Masques Block":"Legal","Urza Block":"Legal","Tempest Block":"Legal","Mirage Block":"Legal","Ice Age Block":"Legal","Un-Sets":"Legal","Legacy":"Legal","Vintage":"Legal","Freeform":"Legal","Prismatic":"Legal","Tribal Wars Legacy":"Legal","Tribal Wars Standard":"Legal","Singleton 100":"Legal","Commander":"Legal"},"printings":["Limited Edition Alpha","Limited Edition Beta","Unlimited Edition","Revised Edition","Fourth Edition","Ice Age","Rivals Quick Start Set","Arena League","Mirage","Introductory Two-Player Set","Fifth Edition","Portal","Tempest","Judge Gift Program","Portal Second Age","Unglued","Asia Pacific Land Program","Urza's Saga","Classic Sixth Edition","Portal Three Kingdoms","Starter 1999","Guru","Mercadian Masques","Battle Royale Box Set","European Land Program","Starter 2000","Beatdown Box Set","Invasion","Seventh Edition","Odyssey","Onslaught","Eighth Edition","Mirrodin","Champions of Kamigawa","Unhinged","Ninth Edition","Ravnica: City of Guilds","Coldsnap Theme Decks","Time Spiral","Tenth Edition","Masters Edition","Lorwyn","Shadowmoor","Shards of Alara","Duel Decks: Jace vs. Chandra","Magic 2010","Planechase","Masters Edition III","Zendikar","Premium Deck Series: Slivers","Duel Decks: Phyrexia vs. the Coalition","Rise of the Eldrazi","Duels of the Planeswalkers","Archenemy","Magic 2011","Duel Decks: Elspeth vs. Tezzeret","Scars of Mirrodin","Mirrodin Besieged","New Phyrexia","Magic: The Gathering-Commander","Magic 2012","Duel Decks: Ajani vs. Nicol Bolas","Innistrad","Duel Decks: Venser vs. Koth","Avacyn Restored","Planechase 2012 Edition","Magic 2013","Duel Decks: Izzet vs. Golgari","Return to Ravnica","Magic 2014 Core Set","Theros","Commander 2013 Edition","Duel Decks: Jace vs. Vraska","Magic 2015 Core Set","Duel Decks: Speed vs. Cunning","Khans of Tarkir","Commander 2014","Fate Reforged"]},{"layout":"normal","type":"Artifact","types":["Artifact"],"name":"Jayemdae Tome","originalType":"Artifact","cmc":4,"rarity":"Special","artist":"Mark Tedin","manaCost":"{4}","text":"{4}, {T}: Draw a card.","originalText":"{4}, {T}: Draw one card.","imageName":"jayemdae tome","foreignNames":[{"language":"Chinese Traditional","name":"神秘巨著"},{"language":"Chinese Simplified","name":"神秘巨著"},{"language":"French","name":"Grimoire de Jayemdae"},{"language":"German","name":"Ketos' Zauberbuch"},{"language":"Italian","name":"Tomo di Jayemdae"},{"language":"Japanese","name":"ジェイムデー秘本"},{"language":"Korean","name":"야임디 고서"},{"language":"Portuguese (Brazil)","name":"Livro de Jayemdae"},{"language":"Russian","name":"Том Джейэмди"},{"language":"Spanish","name":"Volumen de Jayemdae"}],"legalities":{"Modern":"Legal","Legacy":"Legal","Vintage":"Legal","Freeform":"Legal","Prismatic":"Legal","Tribal Wars Legacy":"Legal","Tribal Wars Standard":"Legal","Singleton 100":"Legal","Commander":"Legal"},"printings":["Limited Edition Alpha","Limited Edition Beta","Unlimited Edition","Revised Edition","Fourth Edition","Rivals Quick Start Set","Introductory Two-Player Set","Fifth Edition","Classic Sixth Edition","Seventh Edition","Eighth Edition","Tenth Edition","Magic 2013"]},{"layout":"normal","type":"Creature — Spirit Minion","types":["Creature"],"colors":["Black"],"name":"Lost Soul","subtypes":["Spirit","Minion"],"originalType":"Summon — Lost Soul","cmc":3,"rarity":"Special","artist":"Randy Asplund-Faith","power":"2","toughness":"1","manaCost":"{1}{B}{B}","text":"Swampwalk","originalText":"Swampwalk","flavor":"Her hand gently beckons,\nshe whispers your name—\nBut those who go with her\nare never the same.","imageName":"lost soul","legalities":{"Legacy":"Legal","Vintage":"Legal","Commander":"Legal"},"printings":["Legends","Fourth Edition","Rivals Quick Start Set","Introductory Two-Player Set","Fifth Edition","Classic Sixth Edition"]},{"layout":"normal","type":"Creature — Merfolk","types":["Creature"],"colors":["Blue"],"name":"Merfolk of the Pearl Trident","subtypes":["Merfolk"],"originalType":"Summon — Merfolk","cmc":1,"rarity":"Special","artist":"Jeff A. Menges","power":"1","toughness":"1","manaCost":"{U}","flavor":"Most human scholars believe that Merfolk are the survivors of sunken Atlantis, humans adapted to the water. Merfolk, however, believe that humans sprang forth from Merfolk who adapted themselves in order to explore their last frontier.","imageName":"merfolk of the pearl trident","foreignNames":[{"language":"Chinese Traditional","name":"珍珠三叉戟人魚"},{"language":"Chinese Simplified","name":"珍珠三叉戟人鱼"},{"language":"French","name":"Ondins du Trident nacré"},{"language":"German","name":"Meervolk des Perlendreizacks"},{"language":"Italian","name":"Tritone dal Tridente Perlaceo"},{"language":"Japanese","name":"真珠三叉矛の人魚"},{"language":"Korean","name":"진주 창의 인어"},{"language":"Portuguese (Brazil)","name":"Tritões do Tridente Perolado"},{"language":"Russian","name":"Мерфолк Жемчужного Трезубца"},{"language":"Spanish","name":"Tritones del Tridente Perlado"}],"legalities":{"Modern":"Legal","Legacy":"Legal","Vintage":"Legal","Freeform":"Legal","Prismatic":"Legal","Tribal Wars Legacy":"Legal","Tribal Wars Standard":"Legal","Singleton 100":"Legal","Commander":"Legal"},"printings":["Limited Edition Alpha","Limited Edition Beta","Unlimited Edition","Revised Edition","Fourth Edition","Rivals Quick Start Set","Introductory Two-Player Set","Fifth Edition","Portal","Classic Sixth Edition","Starter 1999","Starter 2000","Seventh Edition","Magic 2013"]},{"layout":"normal","type":"Creature — Pegasus","types":["Creature"],"colors":["White"],"name":"Mesa Pegasus","subtypes":["Pegasus"],"originalType":"Summon — Pegasus","cmc":2,"rarity":"Special","artist":"Melissa A. Benson","power":"1","toughness":"1","manaCost":"{1}{W}","text":"Flying; banding (Any creatures with banding, and up to one without, can attack in a band. Bands are blocked as a group. If any creatures with banding you control are blocking or being blocked by a creature, you divide that creature's combat damage, not its controller, among any of the creatures it's being blocked by or is blocking.)","originalText":"Flying, banding","flavor":"Before a woman marries in the village of Sursi, she must visit the land of the Mesa Pegasus. Legend has it that if the woman is pure of heart and her love is true, a Mesa Pegasus will appear, blessing her family with long life and good fortune.","rulings":[{"date":"2008-10-01","text":"If a creature with banding attacks, it can team up with any number of other attacking creatures with banding (and up to one nonbanding creature) and attack as a unit called a \"band.\" The band can be blocked by any creature that could block a single creature in the band. Blocking any creature in a band blocks the entire band. If a creature with banding is blocked, the attacking player chooses how the blockers' damage is assigned."},{"date":"2008-10-01","text":"A maximum of one nonbanding creature can join an attacking band no matter how many creatures with banding are in it."},{"date":"2008-10-01","text":"Creatures in the same band must all attack the same player or planeswalker."},{"date":"2009-10-01","text":"If a creature in combat has banding, its controller assigns damage for creatures blocking or blocked by it. That player can ignore the damage assignment order when making this assignment."}],"imageName":"mesa pegasus","legalities":{"Legacy":"Legal","Vintage":"Legal","Freeform":"Legal","Prismatic":"Legal","Tribal Wars Legacy":"Legal","Singleton 100":"Legal","Commander":"Legal"},"printings":["Limited Edition Alpha","Limited Edition Beta","Unlimited Edition","Revised Edition","Fourth Edition","Rivals Quick Start Set","Introductory Two-Player Set","Fifth Edition","Masters Edition"]},{"layout":"normal","type":"Creature — Goblin","types":["Creature"],"colors":["Red"],"name":"Mons's Goblin Raiders","subtypes":["Goblin"],"originalType":"Summon — Goblins","cmc":1,"rarity":"Special","artist":"Jeff A. Menges","power":"1","toughness":"1","manaCost":"{R}","flavor":"The intricate dynamics of Rundvelt Goblin affairs are often confused with anarchy. The chaos, however, is the chaos of a thundercloud, and direction will sporadically and violently appear. Pashalik Mons and his Raiders are the thunderhead that leads in the storm.","imageName":"mons's goblin raiders","legalities":{"Legacy":"Legal","Vintage":"Legal","Commander":"Legal"},"printings":["Limited Edition Alpha","Limited Edition Beta","Unlimited Edition","Revised Edition","Fourth Edition","Rivals Quick Start Set","Introductory Two-Player Set","Fifth Edition","Starter 1999","Starter 2000"]},{"layout":"normal","supertypes":["Basic"],"type":"Basic Land — Mountain","types":["Land"],"name":"Mountain","subtypes":["Mountain"],"originalType":"Land","rarity":"Basic Land","artist":"Douglas Shuler","originalText":"{T}: Add {R} to your mana pool.","imageName":"mountain1","foreignNames":[{"language":"Chinese Simplified","name":"山脉"},{"language":"Chinese Traditional","name":"山脈"},{"language":"French","name":"Montagne"},{"language":"German","name":"Gebirge"},{"language":"Italian","name":"Montagna"},{"language":"Japanese","name":"山"},{"language":"Korean","name":"산"},{"language":"Portuguese (Brazil)","name":"Montanha"},{"language":"Russian","name":"Гора"},{"language":"Spanish","name":"Montaña"}],"legalities":{"Standard":"Legal","Modern":"Legal","Theros Block":"Legal","Return to Ravnica Block":"Legal","Innistrad Block":"Legal","Scars of Mirrodin Block":"Legal","Zendikar Block":"Legal","Shards of Alara Block":"Legal","Lorwyn-Shadowmoor Block":"Legal","Time Spiral Block":"Legal","Ravnica Block":"Legal","Kamigawa Block":"Legal","Mirrodin Block":"Legal","Onslaught Block":"Legal","Odyssey Block":"Legal","Invasion Block":"Legal","Masques Block":"Legal","Urza Block":"Legal","Tempest Block":"Legal","Mirage Block":"Legal","Ice Age Block":"Legal","Un-Sets":"Legal","Legacy":"Legal","Vintage":"Legal","Freeform":"Legal","Prismatic":"Legal","Tribal Wars Legacy":"Legal","Tribal Wars Standard":"Legal","Singleton 100":"Legal","Commander":"Legal"},"printings":["Limited Edition Alpha","Limited Edition Beta","Unlimited Edition","Arabian Nights","Revised Edition","Fourth Edition","Ice Age","Rivals Quick Start Set","Arena League","Mirage","Introductory Two-Player Set","Fifth Edition","Portal","Tempest","Judge Gift Program","Portal Second Age","Unglued","Asia Pacific Land Program","Urza's Saga","Anthologies","Classic Sixth Edition","Portal Three Kingdoms","Starter 1999","Guru","Mercadian Masques","Battle Royale Box Set","European Land Program","Starter 2000","Beatdown Box Set","Invasion","Seventh Edition","Odyssey","Deckmasters","Onslaught","Eighth Edition","Mirrodin","Champions of Kamigawa","Unhinged","Ninth Edition","Ravnica: City of Guilds","Coldsnap Theme Decks","Time Spiral","Tenth Edition","Masters Edition","Lorwyn","Duel Decks: Elves vs. Goblins","Shadowmoor","Shards of Alara","Duel Decks: Jace vs. Chandra","Magic 2010","Planechase","Masters Edition III","Zendikar","Premium Deck Series: Slivers","Duel Decks: Phyrexia vs. the Coalition","Rise of the Eldrazi","Duels of the Planeswalkers","Archenemy","Magic 2011","Scars of Mirrodin","Premium Deck Series: Fire and Lightning","Mirrodin Besieged","Duel Decks: Knights vs. Dragons","New Phyrexia","Magic: The Gathering-Commander","Magic 2012","Duel Decks: Ajani vs. Nicol Bolas","Innistrad","Duel Decks: Venser vs. Koth","Avacyn Restored","Planechase 2012 Edition","Magic 2013","Duel Decks: Izzet vs. Golgari","Return to Ravnica","Duel Decks: Sorin vs. Tibalt","Magic 2014 Core Set","Duel Decks: Heroes vs. Monsters","Theros","Commander 2013 Edition","Magic 2015 Core Set","Duel Decks: Speed vs. Cunning","Khans of Tarkir","Commander 2014","Fate Reforged"]},{"layout":"normal","type":"Creature — Zombie","types":["Creature"],"colors":["Black"],"name":"Murk Dwellers","subtypes":["Zombie"],"originalType":"Summon — Murk Dwellers","cmc":4,"rarity":"Special","artist":"Drew Tucker","power":"2","toughness":"2","manaCost":"{3}{B}","text":"Whenever Murk Dwellers attacks and isn't blocked, it gets +2/+0 until end of combat.","originalText":"When attacking and not blocked, Murk Dwellers gets +2/+0 until end of turn.","flavor":"When Raganorn unsealed the catacombs, he found more than the dead and their treasures.","rulings":[{"date":"2013-04-15","text":"An ability that triggers when something \"attacks and isn't blocked\" triggers in the declare blockers step after blockers are declared if (1) that creature is attacking and (2) no creatures are declared to block it. It will trigger even if that creature was put onto the battlefield attacking rather than having been declared as an attacker in the declare attackers step."}],"imageName":"murk dwellers","legalities":{"Legacy":"Legal","Vintage":"Legal","Commander":"Legal"},"printings":["The Dark","Fourth Edition","Rivals Quick Start Set","Introductory Two-Player Set","Fifth Edition"]},{"layout":"normal","type":"Creature — Orc Warrior","types":["Creature"],"colors":["Red"],"name":"Orcish Artillery","subtypes":["Orc","Warrior"],"originalType":"Summon — Orcs","cmc":3,"rarity":"Special","artist":"Anson Maddocks","power":"1","toughness":"3","manaCost":"{1}{R}{R}","text":"{T}: Orcish Artillery deals 2 damage to target creature or player and 3 damage to you.","originalText":"{T}: Orcish Artillery deals 2 damage to target creature or player and 3 damage to you.","flavor":"In a rare display of ingenuity, the Orcs invented an incredibly destructive weapon. Most Orcish artillerists are those who dared criticize its effectiveness.","rulings":[{"date":"2004-10-04","text":"You do not take the 3 points of damage if the ability is countered because the target is illegal."}],"imageName":"orcish artillery","foreignNames":[{"language":"Chinese Simplified","name":"半兽人的大炮"},{"language":"Chinese Traditional","name":"半獸人的大炮"},{"language":"French","name":"Artillerie orque"},{"language":"German","name":"Ork-Artillerie"},{"language":"Italian","name":"Artiglieria Orchesca"},{"language":"Japanese","name":"オーク弩弓隊"},{"language":"Portuguese (Brazil)","name":"Artilharia Órquica"},{"language":"Russian","name":"Артиллерия орков"},{"language":"Spanish","name":"Artillería orca"}],"legalities":{"Modern":"Legal","Legacy":"Legal","Vintage":"Legal","Freeform":"Legal","Prismatic":"Legal","Tribal Wars Legacy":"Legal","Singleton 100":"Legal","Commander":"Legal"},"printings":["Limited Edition Alpha","Limited Edition Beta","Unlimited Edition","Revised Edition","Fourth Edition","Rivals Quick Start Set","Introductory Two-Player Set","Fifth Edition","Classic Sixth Edition","Seventh Edition","Eighth Edition","Ninth Edition","Tenth Edition"]},{"layout":"normal","type":"Enchantment","types":["Enchantment"],"colors":["Red"],"name":"Orcish Oriflamme","originalType":"Enchantment","cmc":4,"rarity":"Special","artist":"Dan Frazier","manaCost":"{3}{R}","text":"Attacking creatures you control get +1/+0.","originalText":"All attacking creatures you control get +1/+0.","imageName":"orcish oriflamme","foreignNames":[{"language":"French","name":"Oriflamme orque"},{"language":"German","name":"Standarte der Orks"}],"legalities":{"Legacy":"Legal","Vintage":"Legal","Freeform":"Legal","Prismatic":"Legal","Tribal Wars Legacy":"Legal","Singleton 100":"Legal","Commander":"Legal"},"printings":["Limited Edition Alpha","Limited Edition Beta","Unlimited Edition","Revised Edition","Fourth Edition","Rivals Quick Start Set","Introductory Two-Player Set","Fifth Edition","Classic Sixth Edition","Starter 2000","Seventh Edition"]},{"layout":"normal","type":"Creature — Unicorn","types":["Creature"],"colors":["White"],"name":"Pearled Unicorn","subtypes":["Unicorn"],"originalType":"Summon — Unicorn","cmc":3,"rarity":"Special","artist":"Cornelius Brudi","power":"2","toughness":"2","manaCost":"{2}{W}","flavor":"\"‘Do you know, I always thought Unicorns were fabulous monsters, too? I never saw one alive before!' ‘Well, now that we have seen each other,' said the Unicorn, ‘if you'll believe in me, I'll believe in you.'\" —Lewis Carroll","imageName":"pearled unicorn","legalities":{"Legacy":"Legal","Vintage":"Legal","Commander":"Legal"},"printings":["Limited Edition Alpha","Limited Edition Beta","Unlimited Edition","Revised Edition","Fourth Edition","Rivals Quick Start Set","Introductory Two-Player Set","Fifth Edition"]},{"layout":"normal","supertypes":["Basic"],"type":"Basic Land — Plains","types":["Land"],"name":"Plains","subtypes":["Plains"],"originalType":"Land","rarity":"Basic Land","artist":"Jesper Myrfors","originalText":"{T}: Add {W} to your mana pool.","imageName":"plains1","foreignNames":[{"language":"Chinese Simplified","name":"平原"},{"language":"Chinese Traditional","name":"平原"},{"language":"French","name":"Plaine"},{"language":"German","name":"Ebene"},{"language":"Italian","name":"Pianura"},{"language":"Japanese","name":"平地"},{"language":"Korean","name":"들"},{"language":"Portuguese (Brazil)","name":"Planície"},{"language":"Russian","name":"Равнины"},{"language":"Spanish","name":"Llanura"}],"legalities":{"Standard":"Legal","Modern":"Legal","Theros Block":"Legal","Return to Ravnica Block":"Legal","Innistrad Block":"Legal","Scars of Mirrodin Block":"Legal","Zendikar Block":"Legal","Shards of Alara Block":"Legal","Lorwyn-Shadowmoor Block":"Legal","Time Spiral Block":"Legal","Ravnica Block":"Legal","Kamigawa Block":"Legal","Mirrodin Block":"Legal","Onslaught Block":"Legal","Odyssey Block":"Legal","Invasion Block":"Legal","Masques Block":"Legal","Urza Block":"Legal","Tempest Block":"Legal","Mirage Block":"Legal","Ice Age Block":"Legal","Un-Sets":"Legal","Legacy":"Legal","Vintage":"Legal","Freeform":"Legal","Prismatic":"Legal","Tribal Wars Legacy":"Legal","Tribal Wars Standard":"Legal","Singleton 100":"Legal","Commander":"Legal"},"printings":["Limited Edition Alpha","Limited Edition Beta","Unlimited Edition","Revised Edition","Fourth Edition","Ice Age","Rivals Quick Start Set","Arena League","Mirage","Introductory Two-Player Set","Fifth Edition","Portal","Prerelease Events","Tempest","Portal Second Age","Judge Gift Program","Unglued","Asia Pacific Land Program","Urza's Saga","Anthologies","Classic Sixth Edition","Portal Three Kingdoms","Starter 1999","Guru","Mercadian Masques","Battle Royale Box Set","European Land Program","Starter 2000","Invasion","Seventh Edition","Odyssey","Onslaught","Eighth Edition","Mirrodin","Champions of Kamigawa","Unhinged","Ninth Edition","Ravnica: City of Guilds","Coldsnap Theme Decks","Time Spiral","Tenth Edition","Masters Edition","Lorwyn","Shadowmoor","Shards of Alara","Duel Decks: Divine vs. Demonic","Magic 2010","Planechase","Masters Edition III","Zendikar","Premium Deck Series: Slivers","Duel Decks: Phyrexia vs. the Coalition","Rise of the Eldrazi","Archenemy","Magic 2011","Duel Decks: Elspeth vs. Tezzeret","Scars of Mirrodin","Mirrodin Besieged","Duel Decks: Knights vs. Dragons","New Phyrexia","Magic: The Gathering-Commander","Magic 2012","Duel Decks: Ajani vs. Nicol Bolas","Innistrad","Duel Decks: Venser vs. Koth","Avacyn Restored","Planechase 2012 Edition","Magic 2013","Return to Ravnica","Duel Decks: Sorin vs. Tibalt","Magic 2014 Core Set","Duel Decks: Heroes vs. Monsters","Theros","Commander 2013 Edition","Modern Event Deck 2014","Magic 2015 Core Set","Duel Decks: Speed vs. Cunning","Khans of Tarkir","Commander 2014","Fate Reforged"]},{"layout":"normal","type":"Instant","types":["Instant"],"colors":["Blue"],"name":"Power Sink","originalType":"Interrupt","cmc":1,"rarity":"Special","artist":"Richard Thomas","manaCost":"{X}{U}","text":"Counter target spell unless its controller pays {X}. If he or she doesn't, that player taps all lands with mana abilities he or she controls and empties his or her mana pool.","originalText":"Counter a target spell if its caster does not pay {X}. Target spell's caster must draw and pay all available mana from lands and mana pool until {X} is paid; he or she may also pay mana from other sources if desired.","rulings":[{"date":"2004-10-04","text":"Does not increase the mana cost of the spell. It just requires a separate expenditure in order for it to succeed."},{"date":"2004-10-04","text":"When this spell resolves, you either pay X mana or let your lands become tapped. The lands that become tapped are not \"tapped for mana\". If you choose to pay, you may pay the X mana using whatever mana abilities you want to use."},{"date":"2010-03-01","text":"Only lands that actually have mana abilities will get tappped. This includes basic lands and lands with mana abilities printed on them, as well as lands which have been granted a mana ability by some effect."}],"imageName":"power sink","legalities":{"Urza Block":"Legal","Tempest Block":"Legal","Mirage Block":"Legal","Ice Age Block":"Legal","Legacy":"Legal","Vintage":"Legal","Freeform":"Legal","Prismatic":"Legal","Tribal Wars Legacy":"Legal","Singleton 100":"Legal","Commander":"Legal"},"printings":["Limited Edition Alpha","Limited Edition Beta","Unlimited Edition","Revised Edition","Fourth Edition","Ice Age","Rivals Quick Start Set","Mirage","Introductory Two-Player Set","Fifth Edition","Tempest","Urza's Saga","Classic Sixth Edition","Beatdown Box Set","Vintage Masters"]},{"layout":"normal","type":"Sorcery","types":["Sorcery"],"colors":["Red"],"name":"Pyrotechnics","originalType":"Sorcery","cmc":5,"rarity":"Special","artist":"Anson Maddocks","manaCost":"{4}{R}","text":"Pyrotechnics deals 4 damage divided as you choose among any number of target creatures and/or players.","originalText":"Pyrotechnics deals 4 damage divided any way you choose among any number of target creatures and/or players.","flavor":"\"Hi! ni! ya! Behold the man of flint, that's me!\nFour lightnings zigzag from me, strike and return.\" —Navajo war chant","rulings":[{"date":"2004-10-04","text":"You can assign damage to multiple targets and are not forced to assign the same amount of damage to each target."},{"date":"2004-10-04","text":"You can't do fractional points of damage."},{"date":"2008-10-01","text":"The number of targets must be at least 1 and at most 4. You divide the damage as you cast Pyrokinesis, not as it resolves. Each target must be assigned at least 1 damage."}],"imageName":"pyrotechnics","foreignNames":[{"language":"French","name":"Pyrotechnie"},{"language":"German","name":"Pyrotechnik"},{"language":"Italian","name":"Fuochi d'Artificio"},{"language":"Portuguese (Brazil)","name":"Pirotécnica"},{"language":"Spanish","name":"Pirotecnia"}],"legalities":{"Modern":"Legal","Legacy":"Legal","Vintage":"Legal","Freeform":"Legal","Prismatic":"Legal","Tribal Wars Legacy":"Legal","Singleton 100":"Legal","Commander":"Legal"},"printings":["Legends","Fourth Edition","Rivals Quick Start Set","Introductory Two-Player Set","Fifth Edition","Anthologies","Classic Sixth Edition","Seventh Edition","Eighth Edition","Planechase","Fate Reforged"]},{"layout":"normal","type":"Sorcery","types":["Sorcery"],"colors":["Black"],"name":"Raise Dead","originalType":"Sorcery","cmc":1,"rarity":"Special","artist":"Jeff A. Menges","manaCost":"{B}","text":"Return target creature card from your graveyard to your hand.","originalText":"Take target creature from your graveyard and put it into your hand.","rulings":[{"date":"2004-10-04","text":"You must show the card you bring out of the graveyard to your opponent."},{"date":"2004-10-04","text":"The creature being brought back is chosen on announcement and not on resolution of the spell because it is targeted."},{"date":"2008-04-01","text":"A \"creature card\" is any card with the type Creature, even if it has other types such as Artifact, Enchantment, or Land. Older cards of type Summon are also Creature cards."}],"imageName":"raise dead","foreignNames":[{"language":"Chinese Simplified","name":"起死回生"},{"language":"French","name":"Exhumation"},{"language":"German","name":"Auferstehung der Toten"},{"language":"Italian","name":"Risveglio dei Morti"},{"language":"Japanese","name":"死者再生"},{"language":"Portuguese (Brazil)","name":"Ressuscitar Morto"},{"language":"Russian","name":"Воскрешение"},{"language":"Spanish","name":"Alzar a los muertos"}],"legalities":{"Modern":"Legal","Legacy":"Legal","Vintage":"Legal","Freeform":"Legal","Prismatic":"Legal","Tribal Wars Legacy":"Legal","Singleton 100":"Legal","Commander":"Legal"},"printings":["Limited Edition Alpha","Limited Edition Beta","Unlimited Edition","Revised Edition","Fourth Edition","Rivals Quick Start Set","Introductory Two-Player Set","Fifth Edition","Portal","Portal Second Age","Classic Sixth Edition","Starter 1999","Seventh Edition","Eighth Edition","Ninth Edition"]},{"layout":"normal","type":"Artifact","types":["Artifact"],"name":"Rod of Ruin","originalType":"Artifact","cmc":4,"rarity":"Special","artist":"Christopher Rush","manaCost":"{4}","text":"{3}, {T}: Rod of Ruin deals 1 damage to target creature or player.","originalText":"{3}, {T}: Rod of Ruin deals 1 damage to target creature or player.","imageName":"rod of ruin","foreignNames":[{"language":"Chinese Simplified","name":"遗迹棍棒"},{"language":"Chinese Traditional","name":"遺跡棍棒"},{"language":"French","name":"Baguette de ruine"},{"language":"German","name":"Stab des Verderbens"},{"language":"Italian","name":"Scettro della Rovina"},{"language":"Japanese","name":"破滅のロッド"},{"language":"Korean","name":"파멸의 로드"},{"language":"Portuguese (Brazil)","name":"Bastão da Ruína"},{"language":"Portuguese","name":"Bastão da Ruína"},{"language":"Russian","name":"Жезл разрушения"},{"language":"Spanish","name":"Bastón de destrucción"}],"legalities":{"Modern":"Legal","Legacy":"Legal","Vintage":"Legal","Freeform":"Legal","Prismatic":"Legal","Tribal Wars Legacy":"Legal","Tribal Wars Standard":"Legal","Singleton 100":"Legal","Commander":"Legal"},"printings":["Limited Edition Alpha","Limited Edition Beta","Unlimited Edition","Revised Edition","Fourth Edition","Rivals Quick Start Set","Introductory Two-Player Set","Fifth Edition","Classic Sixth Edition","Starter 2000","Seventh Edition","Eighth Edition","Ninth Edition","Tenth Edition","Magic 2010","Magic 2014 Core Set"]},{"layout":"normal","type":"Creature — Faerie","types":["Creature"],"colors":["Green"],"name":"Scryb Sprites","subtypes":["Faerie"],"originalType":"Summon — Faeries","cmc":1,"rarity":"Special","artist":"Amy Weber","power":"1","toughness":"1","manaCost":"{G}","text":"Flying","originalText":"Flying","flavor":"The only sound was the gentle clicking of the Faeries' wings. Then those intruders who were still standing turned and fled. One thing was certain: they didn't think the Scryb were very funny anymore.","imageName":"scryb sprites","legalities":{"Legacy":"Legal","Vintage":"Legal","Freeform":"Legal","Prismatic":"Legal","Tribal Wars Legacy":"Legal","Singleton 100":"Legal","Commander":"Legal"},"printings":["Limited Edition Alpha","Limited Edition Beta","Unlimited Edition","Revised Edition","Fourth Edition","Rivals Quick Start Set","Introductory Two-Player Set","Fifth Edition","Battle Royale Box Set","Masters Edition","Masters Edition III"]},{"layout":"normal","type":"Creature — Human Wizard","types":["Creature"],"colors":["Black"],"name":"Sorceress Queen","subtypes":["Human","Wizard"],"originalType":"Summon — Sorceress","cmc":3,"rarity":"Special","artist":"Kaja Foglio","power":"1","toughness":"1","manaCost":"{1}{B}{B}","text":"{T}: Target creature other than Sorceress Queen has base power and toughness 0/2 until end of turn.","originalText":"{T}: Target creature other than Sorceress Queen becomes 0/2 until end of turn.","imageName":"sorceress queen","legalities":{"Legacy":"Legal","Vintage":"Legal","Commander":"Legal"},"printings":["Arabian Nights","Revised Edition","Fourth Edition","Rivals Quick Start Set","Introductory Two-Player Set","Fifth Edition"]},{"layout":"normal","supertypes":["Basic"],"type":"Basic Land — Swamp","types":["Land"],"name":"Swamp","subtypes":["Swamp"],"originalType":"Land","rarity":"Basic Land","artist":"Dan Frazier","originalText":"{T}: Add {B} to your mana pool.","imageName":"swamp1","foreignNames":[{"language":"Chinese Simplified","name":"沼泽"},{"language":"Chinese Traditional","name":"沼澤"},{"language":"French","name":"Marais"},{"language":"German","name":"Sumpf"},{"language":"Italian","name":"Palude"},{"language":"Japanese","name":"沼"},{"language":"Korean","name":"늪"},{"language":"Portuguese (Brazil)","name":"Pântano"},{"language":"Russian","name":"Болото"},{"language":"Spanish","name":"Pantano"}],"legalities":{"Standard":"Legal","Modern":"Legal","Theros Block":"Legal","Return to Ravnica Block":"Legal","Innistrad Block":"Legal","Scars of Mirrodin Block":"Legal","Zendikar Block":"Legal","Shards of Alara Block":"Legal","Lorwyn-Shadowmoor Block":"Legal","Time Spiral Block":"Legal","Ravnica Block":"Legal","Kamigawa Block":"Legal","Mirrodin Block":"Legal","Onslaught Block":"Legal","Odyssey Block":"Legal","Invasion Block":"Legal","Masques Block":"Legal","Urza Block":"Legal","Tempest Block":"Legal","Mirage Block":"Legal","Ice Age Block":"Legal","Un-Sets":"Legal","Legacy":"Legal","Vintage":"Legal","Freeform":"Legal","Prismatic":"Legal","Tribal Wars Legacy":"Legal","Tribal Wars Standard":"Legal","Singleton 100":"Legal","Commander":"Legal"},"printings":["Limited Edition Alpha","Limited Edition Beta","Unlimited Edition","Revised Edition","Fourth Edition","Ice Age","Rivals Quick Start Set","Arena League","Mirage","Introductory Two-Player Set","Fifth Edition","Portal","Tempest","Judge Gift Program","Portal Second Age","Unglued","Asia Pacific Land Program","Urza's Saga","Anthologies","Classic Sixth Edition","Portal Three Kingdoms","Starter 1999","Guru","Mercadian Masques","Battle Royale Box Set","European Land Program","Starter 2000","Beatdown Box Set","Invasion","Seventh Edition","Odyssey","Deckmasters","Onslaught","Eighth Edition","Mirrodin","Champions of Kamigawa","Unhinged","Ninth Edition","Ravnica: City of Guilds","Coldsnap Theme Decks","Time Spiral","Tenth Edition","Masters Edition","Lorwyn","Shadowmoor","Shards of Alara","Duel Decks: Divine vs. Demonic","Magic 2010","Planechase","Masters Edition III","Zendikar","Duel Decks: Garruk vs. Liliana","Premium Deck Series: Slivers","Duel Decks: Phyrexia vs. the Coalition","Rise of the Eldrazi","Duels of the Planeswalkers","Archenemy","Magic 2011","Scars of Mirrodin","Mirrodin Besieged","New Phyrexia","Magic: The Gathering-Commander","Magic 2012","Duel Decks: Ajani vs. Nicol Bolas","Innistrad","Premium Deck Series: Graveborn","Avacyn Restored","Planechase 2012 Edition","Magic 2013","Duel Decks: Izzet vs. Golgari","Return to Ravnica","Duel Decks: Sorin vs. Tibalt","Magic 2014 Core Set","Theros","Commander 2013 Edition","Duel Decks: Jace vs. Vraska","Modern Event Deck 2014","Magic 2015 Core Set","Duel Decks: Speed vs. Cunning","Khans of Tarkir","Commander 2014","Fate Reforged"]},{"layout":"normal","type":"Instant","types":["Instant"],"colors":["Black"],"name":"Terror","originalType":"Instant","cmc":2,"rarity":"Special","artist":"Ron Spencer","manaCost":"{1}{B}","text":"Destroy target nonartifact, nonblack creature. It can't be regenerated.","originalText":"Bury target non-black, non-artifact creature.","imageName":"terror","foreignNames":[{"language":"Chinese Traditional","name":"驚駭"},{"language":"Chinese Simplified","name":"惊骇"},{"language":"French","name":"Terreur"},{"language":"Italian","name":"Terrore"},{"language":"Japanese","name":"恐怖"},{"language":"Russian","name":"Террор"}],"legalities":{"Modern":"Legal","Mirrodin Block":"Legal","Legacy":"Legal","Vintage":"Legal","Freeform":"Legal","Prismatic":"Legal","Tribal Wars Legacy":"Legal","Singleton 100":"Legal","Commander":"Legal"},"printings":["Limited Edition Alpha","Limited Edition Beta","Unlimited Edition","Revised Edition","Fourth Edition","Rivals Quick Start Set","Introductory Two-Player Set","Fifth Edition","Anthologies","Classic Sixth Edition","Battle Royale Box Set","Friday Night Magic","Starter 2000","Beatdown Box Set","Magic Player Rewards","Mirrodin","Tenth Edition","Duels of the Planeswalkers","Masters Edition IV"]},{"layout":"normal","type":"Instant","types":["Instant"],"colors":["Blue"],"name":"Twiddle","originalType":"Instant","cmc":1,"rarity":"Special","artist":"Rob Alexander","manaCost":"{U}","text":"You may tap or untap target artifact, creature, or land.","originalText":"Tap or untap target land, artifact, or creature.","rulings":[{"date":"2004-10-04","text":"This is not a toggle effect. If you use Twiddle to tap a card and before it takes effect your opponent taps it, Twiddle will not automatically untap the card."},{"date":"2004-10-04","text":"The decision whether or not to tap or untap is made on resolution. This is not a modal spell."}],"imageName":"twiddle","foreignNames":[{"language":"French","name":"Bascule"},{"language":"German","name":"Twiddel"},{"language":"Italian","name":"Manipolatore"},{"language":"Portuguese (Brazil)","name":"Gira"},{"language":"Spanish","name":"Girar"}],"legalities":{"Modern":"Legal","Legacy":"Legal","Vintage":"Legal","Freeform":"Legal","Prismatic":"Legal","Tribal Wars Legacy":"Legal","Singleton 100":"Legal","Commander":"Legal"},"printings":["Limited Edition Alpha","Limited Edition Beta","Unlimited Edition","Fourth Edition","Rivals Quick Start Set","Introductory Two-Player Set","Fifth Edition","Seventh Edition","Eighth Edition"]},{"layout":"normal","type":"Instant","types":["Instant"],"colors":["Blue"],"name":"Unsummon","originalType":"Instant","cmc":1,"rarity":"Special","artist":"Douglas Shuler","manaCost":"{U}","text":"Return target creature to its owner's hand.","originalText":"Return target creature to owner's hand.","imageName":"unsummon","foreignNames":[{"language":"Chinese Traditional","name":"反召喚"},{"language":"Chinese Simplified","name":"反召唤"},{"language":"French","name":"Désinvocation"},{"language":"German","name":"Rückruf"},{"language":"Italian","name":"Controevocazione"},{"language":"Japanese","name":"送還"},{"language":"Korean","name":"역소환"},{"language":"Portuguese (Brazil)","name":"Esconjurar"},{"language":"Russian","name":"Отозвать"},{"language":"Spanish","name":"Anular invocación"}],"legalities":{"Modern":"Legal","Shards of Alara Block":"Legal","Legacy":"Legal","Vintage":"Legal","Freeform":"Legal","Prismatic":"Legal","Tribal Wars Legacy":"Legal","Tribal Wars Standard":"Legal","Singleton 100":"Legal","Commander":"Legal"},"printings":["Limited Edition Alpha","Limited Edition Beta","Unlimited Edition","Revised Edition","Fourth Edition","Rivals Quick Start Set","Introductory Two-Player Set","Fifth Edition","Classic Sixth Edition","Seventh Edition","Eighth Edition","Tenth Edition","Conflux","Magic 2010","Duels of the Planeswalkers","Magic 2011","Magic 2012","Magic 2013"]},{"layout":"normal","type":"Sorcery","types":["Sorcery"],"colors":["Green"],"name":"Untamed Wilds","originalType":"Sorcery","cmc":3,"rarity":"Special","artist":"NéNé Thomas","manaCost":"{2}{G}","text":"Search your library for a basic land card and put that card onto the battlefield. Then shuffle your library.","originalText":"Search your library for any one basic land and put it directly into play. This does not count towards your one land per turn limit. Reshuffle your library afterwards.","rulings":[{"date":"2004-10-04","text":"Because the \"search\" requires you to find a card with certain characteristics, you don't have to find the card if you don't want to."},{"date":"2006-10-15","text":"Can fetch a snow land."}],"imageName":"untamed wilds","foreignNames":[{"language":"French","name":"Étendues sauvages"},{"language":"German","name":"Ungezähmte Wildnis"}],"legalities":{"Legacy":"Legal","Vintage":"Legal","Freeform":"Legal","Prismatic":"Legal","Tribal Wars Legacy":"Legal","Singleton 100":"Legal","Commander":"Legal"},"printings":["Legends","Fourth Edition","Rivals Quick Start Set","Introductory Two-Player Set","Fifth Edition","Portal","Portal Second Age","Classic Sixth Edition","Starter 1999","Seventh Edition"]},{"layout":"normal","type":"Creature — Bat","types":["Creature"],"colors":["Black"],"name":"Vampire Bats","subtypes":["Bat"],"originalType":"Summon — Bats","cmc":1,"rarity":"Special","artist":"Anson Maddocks","power":"0","toughness":"1","manaCost":"{B}","text":"Flying (This creature can't be blocked except by creatures with flying or reach.)\n{B}: Vampire Bats gets +1/+0 until end of turn. Activate this ability no more than twice each turn.","originalText":"Flying\n{B} +1/+0 until end of turn. You cannot spend more than {B}{B} in this way each turn.","flavor":"\"For something is amiss or out of place\nWhen mice with wings can wear a human face.\"\n—Theodore Roethke, \"The Bat\"","imageName":"vampire bats","foreignNames":[{"language":"Chinese Simplified","name":"吸血蝙蝠"},{"language":"Chinese Traditional","name":"吸血蝙蝠"},{"language":"French","name":"Chauves-souris vampires"},{"language":"German","name":"Vampirfledermäuse"},{"language":"Italian","name":"Pipistrelli Vampiro"},{"language":"Japanese","name":"吸血コウモリ"},{"language":"Portuguese (Brazil)","name":"Morcegos Vampiros"},{"language":"Russian","name":"Летучие Мыши-Вампиры"},{"language":"Spanish","name":"Murciélagos vampiro"}],"legalities":{"Modern":"Legal","Legacy":"Legal","Vintage":"Legal","Freeform":"Legal","Prismatic":"Legal","Tribal Wars Legacy":"Legal","Singleton 100":"Legal","Commander":"Legal"},"printings":["Legends","Fourth Edition","Rivals Quick Start Set","Introductory Two-Player Set","Fifth Edition","Tenth Edition","Duel Decks: Garruk vs. Liliana"]},{"layout":"normal","type":"Creature — Skeleton Wall","types":["Creature"],"colors":["Black"],"name":"Wall of Bone","subtypes":["Skeleton","Wall"],"originalType":"Summon — Wall","cmc":3,"rarity":"Special","artist":"Anson Maddocks","power":"1","toughness":"4","manaCost":"{2}{B}","text":"Defender (This creature can't attack.)\n{B}: Regenerate Wall of Bone. (The next time this creature would be destroyed this turn, it isn't. Instead tap it, remove all damage from it, and remove it from combat.)","originalText":"{B} Regenerate","flavor":"The Wall of Bone is said to be an aspect of the Great Wall in Hel, where the bones of all sinners wait for Ragnarok, when Hela will call them forth for the final battle.","imageName":"wall of bone","foreignNames":[{"language":"Chinese Simplified","name":"骨墙"},{"language":"French","name":"Mur d'ossements"},{"language":"German","name":"Knochenmauer"},{"language":"Italian","name":"Muro d'Ossa"},{"language":"Japanese","name":"骨の壁"},{"language":"Portuguese (Brazil)","name":"Barreira de Ossos"},{"language":"Russian","name":"Стена Костей"},{"language":"Spanish","name":"Muro de huesos"}],"legalities":{"Modern":"Legal","Legacy":"Legal","Vintage":"Legal","Freeform":"Legal","Prismatic":"Legal","Tribal Wars Legacy":"Legal","Singleton 100":"Legal","Commander":"Legal"},"printings":["Limited Edition Alpha","Limited Edition Beta","Unlimited Edition","Revised Edition","Fourth Edition","Rivals Quick Start Set","Introductory Two-Player Set","Fifth Edition","Seventh Edition","Magic 2010","Duel Decks: Garruk vs. Liliana"]},{"layout":"normal","type":"Creature — Elephant","types":["Creature"],"colors":["Green"],"name":"War Mammoth","subtypes":["Elephant"],"originalType":"Summon — Mammoth","cmc":4,"rarity":"Special","artist":"Jeff A. Menges","power":"3","toughness":"3","manaCost":"{3}{G}","text":"Trample","originalText":"Trample","flavor":"I didn't think Mammoths could ever hold a candle to a well-trained battle horse. Then one day I turned my back on a drunken soldier. His blow never landed; Mi'cha flung the brute over ten meters.","imageName":"war mammoth","legalities":{"Legacy":"Legal","Vintage":"Legal","Commander":"Legal"},"printings":["Limited Edition Alpha","Limited Edition Beta","Unlimited Edition","Revised Edition","Fourth Edition","Rivals Quick Start Set","Introductory Two-Player Set","Fifth Edition","Masters Edition IV"]},{"layout":"normal","type":"Enchantment — Aura","types":["Enchantment"],"colors":["Black"],"name":"Warp Artifact","subtypes":["Aura"],"originalType":"Enchant Artifact","cmc":2,"rarity":"Special","artist":"Amy Weber","manaCost":"{B}{B}","text":"Enchant artifact\nAt the beginning of the upkeep of enchanted artifact's controller, Warp Artifact deals 1 damage to that player.","originalText":"Warp Artifact deals 1 damage to target artifact's controller during his or her upkeep.","imageName":"warp artifact","legalities":{"Legacy":"Legal","Vintage":"Legal","Commander":"Legal"},"printings":["Limited Edition Alpha","Limited Edition Beta","Unlimited Edition","Revised Edition","Fourth Edition","Rivals Quick Start Set","Introductory Two-Player Set","Fifth Edition","Masters Edition IV"]},{"layout":"normal","type":"Enchantment — Aura","types":["Enchantment"],"colors":["Black"],"name":"Weakness","subtypes":["Aura"],"originalType":"Enchant Creature","cmc":1,"rarity":"Special","artist":"Douglas Shuler","manaCost":"{B}","text":"Enchant creature\nEnchanted creature gets -2/-1.","originalText":"Target creature gets -2/-1.","imageName":"weakness","foreignNames":[{"language":"Chinese Simplified","name":"虚弱"},{"language":"French","name":"Faiblesse"},{"language":"German","name":"Schwäche"},{"language":"Italian","name":"Indebolimento"},{"language":"Japanese","name":"衰弱"},{"language":"Portuguese (Brazil)","name":"Fraqueza"},{"language":"Russian","name":"Немощь"},{"language":"Spanish","name":"Debilidad"}],"legalities":{"Modern":"Legal","Legacy":"Legal","Vintage":"Legal","Freeform":"Legal","Prismatic":"Legal","Tribal Wars Legacy":"Legal","Singleton 100":"Legal","Commander":"Legal"},"printings":["Limited Edition Alpha","Limited Edition Beta","Unlimited Edition","Revised Edition","Fourth Edition","Rivals Quick Start Set","Introductory Two-Player Set","Fifth Edition","Battle Royale Box Set","Magic 2010","Masters Edition IV"]},{"layout":"normal","type":"Creature — Human Monk","types":["Creature"],"colors":["Green"],"name":"Whirling Dervish","subtypes":["Human","Monk"],"originalType":"Summon — Dervish","cmc":2,"rarity":"Special","artist":"Susan Van Camp","power":"1","toughness":"1","manaCost":"{G}{G}","text":"Protection from black\nAt the beginning of each end step, if Whirling Dervish dealt damage to an opponent this turn, put a +1/+1 counter on it.","originalText":"Protection from black\nPut a +1/+1 counter on Whirling Dervish at the end of each turn in which it damages opponent.","rulings":[{"date":"2004-10-04","text":"If it damages the opponent multiple times in a turn, it gets only one +1/+1 counter at end of turn."}],"imageName":"whirling dervish","foreignNames":[{"language":"Chinese Simplified","name":"苦修士"},{"language":"French","name":"Derviche tourneur"},{"language":"German","name":"Wirbelnder Derwisch"},{"language":"Italian","name":"Derviscio Turbinante"},{"language":"Japanese","name":"疾風のデルヴィッシュ"},{"language":"Portuguese (Brazil)","name":"Mevlevi"},{"language":"Russian","name":"Вихревый Дервиш"},{"language":"Spanish","name":"Hostigadores derviches"}],"legalities":{"Modern":"Legal","Time Spiral Block":"Legal","Legacy":"Legal","Vintage":"Legal","Freeform":"Legal","Prismatic":"Legal","Tribal Wars Legacy":"Legal","Singleton 100":"Legal","Commander":"Legal"},"printings":["Legends","Fourth Edition","Rivals Quick Start Set","Introductory Two-Player Set","Fifth Edition","Super Series","Time Spiral \"Timeshifted\""]},{"layout":"normal","type":"Sorcery","types":["Sorcery"],"colors":["Green"],"name":"Winter Blast","originalType":"Sorcery","cmc":1,"rarity":"Special","artist":"Kaja Foglio","manaCost":"{X}{G}","text":"Tap X target creatures. Winter Blast deals 2 damage to each of those creatures with flying.","originalText":"Tap X target creatures. Winter Blast deals 2 damage to each of these target creatures with flying.","flavor":"\"Blow, winds, and crack your cheeks! rage! blow!\" —William Shakespeare, King Lear","rulings":[{"date":"2007-09-16","text":"Winter Blast can target tapped creatures. If they have flying, the second part of the effect will still affect them."},{"date":"2007-09-16","text":"Checks if the creatures are Flying on resolution and not on announcement. It's not a targeting restriction."}],"imageName":"winter blast","legalities":{"Legacy":"Legal","Vintage":"Legal","Freeform":"Legal","Prismatic":"Legal","Tribal Wars Legacy":"Legal","Singleton 100":"Legal","Commander":"Legal"},"printings":["Legends","Fourth Edition","Rivals Quick Start Set","Introductory Two-Player Set","Fifth Edition","Masters Edition"]},{"layout":"normal","type":"Creature — Bird","types":["Creature"],"colors":["Blue"],"name":"Zephyr Falcon","subtypes":["Bird"],"originalType":"Summon — Falcon","cmc":2,"rarity":"Special","artist":"Heather Hudson","power":"1","toughness":"1","manaCost":"{1}{U}","text":"Flying, vigilance","originalText":"Flying\nAttacking does not cause Zephyr Falcon to tap.","flavor":"Although greatly prized among falconers, the Zephyr Falcon is capricious and not easily tamed.","imageName":"zephyr falcon","legalities":{"Legacy":"Legal","Vintage":"Legal","Commander":"Legal"},"printings":["Legends","Fourth Edition","Rivals Quick Start Set","Introductory Two-Player Set","Fifth Edition"]}]}