{"name":"Starter 2000","code":"S00","gathererCode":"P4","releaseDate":"2000-04-01","border":"white","type":"starter","cards":[{"layout":"normal","type":"Sorcery","types":["Sorcery"],"colors":["White"],"multiverseid":25456,"name":"Angelic Blessing","originalType":"Sorcery","cmc":3,"rarity":"Common","artist":"Mark Zug","manaCost":"{2}{W}","text":"Target creature gets +3/+3 and gains flying until end of turn. (It can't be blocked except by creatures with flying or reach.)","originalText":"Target creature gets +3/+3 and gains flying until end of turn.","flavor":"Only the warrior who can admit mortal weakness will be bolstered by immortal strength.","imageName":"angelic blessing","foreignNames":[{"language":"Chinese Simplified","name":"天使的祝福"},{"language":"Chinese Traditional","name":"天使的祝福"},{"language":"French","name":"Bénédiction angélique"},{"language":"German","name":"Himmlischer Segen"},{"language":"Italian","name":"Benedizione Angelica"},{"language":"Japanese","name":"天使の祝福"},{"language":"Portuguese (Brazil)","name":"Bênção Angelical"},{"language":"Russian","name":"Благословение ангела"},{"language":"Spanish","name":"Bendición angélica"}],"legalities":{"Modern":"Legal","Tempest Block":"Legal","Legacy":"Legal","Vintage":"Legal","Freeform":"Legal","Prismatic":"Legal","Tribal Wars Legacy":"Legal","Singleton 100":"Legal","Commander":"Legal"},"printings":["Portal","Portal Second Age","Exodus","Starter 1999","Starter 2000","Ninth Edition","Tenth Edition"]},{"layout":"normal","type":"Creature — Pegasus","types":["Creature"],"colors":["White"],"multiverseid":25498,"name":"Armored Pegasus","subtypes":["Pegasus"],"originalType":"Creature — Pegasus","cmc":2,"rarity":"Common","artist":"Andrew Robinson","power":"1","toughness":"2","manaCost":"{1}{W}","text":"Flying","originalText":"Flying","flavor":"Asked how it survived a run-in with a bog imp, the pegasus just shook its mane and burped.","imageName":"armored pegasus","legalities":{"Tempest Block":"Legal","Legacy":"Legal","Vintage":"Legal","Commander":"Legal"},"printings":["Portal","Portal Demo Game","Tempest","Anthologies","Classic Sixth Edition","Battle Royale Box Set","Starter 2000"]},{"layout":"normal","type":"Creature — Imp","types":["Creature"],"colors":["Black"],"multiverseid":25492,"name":"Bog Imp","subtypes":["Imp"],"originalType":"Creature — Imp","cmc":2,"rarity":"Common","artist":"Christopher Rush","power":"1","toughness":"1","manaCost":"{1}{B}","text":"Flying (This creature can't be blocked except by creatures with flying or reach.)","originalText":"Flying","flavor":"Don't be fooled by their looks. Think of them as little knives with wings.","imageName":"bog imp","foreignNames":[{"language":"Chinese Traditional","name":"腐沼小惡魔"},{"language":"Chinese Simplified","name":"腐沼小恶魔"},{"language":"French","name":"Diablotin des marécages"},{"language":"German","name":"Torfbold"},{"language":"Italian","name":"Demonietto delle Paludi"},{"language":"Japanese","name":"沼インプ"},{"language":"Korean","name":"진창의 임프"},{"language":"Portuguese (Brazil)","name":"Diabrete do Pântano"},{"language":"Russian","name":"Болотный бес"},{"language":"Spanish","name":"Diablillo del pantano"}],"legalities":{"Modern":"Legal","Legacy":"Legal","Vintage":"Legal","Freeform":"Legal","Prismatic":"Legal","Tribal Wars Legacy":"Legal","Singleton 100":"Legal","Commander":"Legal"},"printings":["The Dark","Fourth Edition","Rivals Quick Start Set","Introductory Two-Player Set","Fifth Edition","Portal","Classic Sixth Edition","Starter 1999","Starter 2000","Seventh Edition","Eighth Edition","Ninth Edition"]},{"layout":"normal","type":"Sorcery","types":["Sorcery"],"colors":["White"],"multiverseid":25447,"name":"Breath of Life","originalType":"Sorcery","cmc":4,"rarity":"Uncommon","artist":"DiTerlizzi","manaCost":"{3}{W}","text":"Return target creature card from your graveyard to the battlefield.","originalText":"Return target creature card from your graveyard to play.","imageName":"breath of life","foreignNames":[{"language":"French","name":"Souffle de vie"},{"language":"German","name":"Lebenshauch"}],"legalities":{"Legacy":"Legal","Vintage":"Legal","Freeform":"Legal","Prismatic":"Legal","Tribal Wars Legacy":"Legal","Singleton 100":"Legal","Commander":"Legal"},"printings":["Portal","Portal Second Age","Starter 1999","Starter 2000","Seventh Edition","Vintage Masters"]},{"layout":"normal","type":"Sorcery","types":["Sorcery"],"colors":["Black"],"multiverseid":25477,"name":"Coercion","originalType":"Sorcery","cmc":3,"rarity":"Common","artist":"DiTerlizzi","manaCost":"{2}{B}","text":"Target opponent reveals his or her hand. You choose a card from it. That player discards that card.","originalText":"Look at target player's hand and choose a card from it. That player discards that card.","flavor":"A rhino's bargain\n—Femeref expression meaning\n\"a situation with no choices\"","imageName":"coercion","foreignNames":[{"language":"Chinese Simplified","name":"威迫"},{"language":"French","name":"Coercition"},{"language":"German","name":"Zwangsabgabe"},{"language":"Italian","name":"Coercizione"},{"language":"Japanese","name":"強要"},{"language":"Portuguese (Brazil)","name":"Coerção"},{"language":"Russian","name":"Принуждение"},{"language":"Spanish","name":"Coerción"}],"legalities":{"Modern":"Legal","Tempest Block":"Legal","Mirage Block":"Legal","Legacy":"Legal","Vintage":"Legal","Freeform":"Legal","Prismatic":"Legal","Tribal Wars Legacy":"Legal","Singleton 100":"Legal","Commander":"Legal"},"printings":["Visions","Tempest","Portal Second Age","Classic Sixth Edition","Portal Three Kingdoms","Starter 1999","Starter 2000","Beatdown Box Set","Eighth Edition","Ninth Edition"]},{"layout":"normal","type":"Instant","types":["Instant"],"colors":["Blue"],"multiverseid":25503,"name":"Counterspell","originalType":"Instant","cmc":2,"rarity":"Common","artist":"Hannibal King","manaCost":"{U}{U}","text":"Counter target spell.","originalText":"Counter target spell.","imageName":"counterspell","foreignNames":[{"language":"French","name":"Contresort"},{"language":"German","name":"Gegenzauber"},{"language":"Japanese","name":"対抗呪文"}],"legalities":{"Masques Block":"Legal","Tempest Block":"Legal","Ice Age Block":"Legal","Legacy":"Legal","Vintage":"Legal","Freeform":"Legal","Prismatic":"Legal","Tribal Wars Legacy":"Legal","Singleton 100":"Legal","Commander":"Legal"},"printings":["Limited Edition Alpha","Limited Edition Beta","Unlimited Edition","Revised Edition","Legend Membership","Fourth Edition","Ice Age","Fifth Edition","Tempest","Judge Gift Program","Classic Sixth Edition","Starter 1999","Mercadian Masques","Battle Royale Box Set","Friday Night Magic","Starter 2000","Beatdown Box Set","Seventh Edition","Masters Edition II","Duel Decks: Jace vs. Chandra","Masters Edition IV","Vintage Masters"]},{"layout":"normal","type":"Instant","types":["Instant"],"colors":["White"],"multiverseid":25500,"name":"Disenchant","originalType":"Instant","cmc":2,"rarity":"Common","artist":"Brian Snõddy","manaCost":"{1}{W}","text":"Destroy target artifact or enchantment.","originalText":"Destroy target artifact or enchantment.","rulings":[{"date":"2004-10-04","text":"This is not modal. If the target changes from an artifact to an enchantment or vice versa, this still destroys it."}],"imageName":"disenchant","foreignNames":[{"language":"Chinese Simplified","name":"消除魔障"},{"language":"French","name":"Désenchantement"},{"language":"German","name":"Entzauberung"},{"language":"Italian","name":"Disincantare"},{"language":"Japanese","name":"解呪"},{"language":"Portuguese (Brazil)","name":"Desencantar"},{"language":"Russian","name":"Разочаровывать"},{"language":"Spanish","name":"Desencantar"}],"legalities":{"Modern":"Legal","Time Spiral Block":"Legal","Masques Block":"Legal","Urza Block":"Legal","Tempest Block":"Legal","Mirage Block":"Legal","Ice Age Block":"Legal","Legacy":"Legal","Vintage":"Legal","Freeform":"Legal","Prismatic":"Legal","Tribal Wars Legacy":"Legal","Singleton 100":"Legal","Commander":"Legal"},"printings":["Limited Edition Alpha","Limited Edition Beta","Unlimited Edition","Revised Edition","Fourth Edition","Ice Age","Arena League","Mirage","Fifth Edition","Tempest","Urza's Saga","Anthologies","Classic Sixth Edition","Mercadian Masques","Battle Royale Box Set","Friday Night Magic","Starter 2000","Seventh Edition","Magic Player Rewards","Coldsnap Theme Decks","Time Spiral \"Timeshifted\"","Masters Edition II","Masters Edition III"]},{"layout":"normal","type":"Creature — Skeleton","types":["Creature"],"colors":["Black"],"multiverseid":25507,"name":"Drudge Skeletons","subtypes":["Skeleton"],"originalType":"Creature — Skeleton","cmc":2,"rarity":"Common","artist":"Ian Miller","power":"1","toughness":"1","manaCost":"{1}{B}","text":"{B}: Regenerate Drudge Skeletons. (The next time this creature would be destroyed this turn, it isn't. Instead tap it, remove all damage from it, and remove it from combat.)","originalText":"{B} Regenerate Drudge Skeletons.","flavor":"\"The dead make good soldiers. They can't disobey orders, they never surrender, and they don't stop fighting when a random body part falls off.\"\n—Nevinyrral, Necromancer's Handbook","imageName":"drudge skeletons","foreignNames":[{"language":"Chinese Simplified","name":"苦力骷髅妖"},{"language":"Chinese Traditional","name":"苦力骷髏妖"},{"language":"French","name":"Squelettes serviles"},{"language":"German","name":"Heer der geplagten Skelette"},{"language":"Italian","name":"Scheletri Maledetti"},{"language":"Japanese","name":"蠢く骸骨"},{"language":"Portuguese (Brazil)","name":"Esqueletos de Carga"},{"language":"Russian","name":"Неутомимые скелеты"},{"language":"Spanish","name":"Esqueletos esclavos"}],"legalities":{"Modern":"Legal","Legacy":"Legal","Vintage":"Legal","Freeform":"Legal","Prismatic":"Legal","Tribal Wars Legacy":"Legal","Singleton 100":"Legal","Commander":"Legal"},"printings":["Limited Edition Alpha","Limited Edition Beta","Unlimited Edition","Revised Edition","Fourth Edition","Fifth Edition","Classic Sixth Edition","Starter 2000","Seventh Edition","Eighth Edition","Ninth Edition","Tenth Edition","Magic 2010","Duel Decks: Garruk vs. Liliana","Duels of the Planeswalkers"]},{"layout":"normal","type":"Creature — Boar","types":["Creature"],"colors":["Green"],"multiverseid":25493,"name":"Durkwood Boars","subtypes":["Boar"],"originalType":"Creature — Boar","cmc":5,"rarity":"Common","artist":"Mike Kimble","power":"4","toughness":"4","manaCost":"{4}{G}","flavor":"\"And the unclean spirits went out, and entered the swine: and the herd ran violently . . . .\"\n—The Bible, Mark 5:13","imageName":"durkwood boars","legalities":{"Legacy":"Legal","Vintage":"Legal","Commander":"Legal"},"printings":["Legends","Fourth Edition","Rivals Quick Start Set","Introductory Two-Player Set","Fifth Edition","Starter 1999","Starter 2000"]},{"layout":"normal","type":"Creature — Human Soldier","types":["Creature"],"colors":["White"],"multiverseid":25455,"name":"Eager Cadet","subtypes":["Human","Soldier"],"originalType":"Creature — Soldier","cmc":1,"rarity":"Common","artist":"Scott M. Fischer","power":"1","toughness":"1","manaCost":"{W}","flavor":"The enthusiasm of the young, sharpened by the discipline of a soldier.","imageName":"eager cadet","foreignNames":[{"language":"French","name":"Cadet impatient"},{"language":"German","name":"Eifriger Kadett"}],"legalities":{"Modern":"Legal","Legacy":"Legal","Vintage":"Legal","Freeform":"Legal","Prismatic":"Legal","Tribal Wars Legacy":"Legal","Singleton 100":"Legal","Commander":"Legal"},"printings":["Starter 1999","Starter 2000","Seventh Edition","Eighth Edition","Eighth Edition Box Set","Ninth Edition","Ninth Edition Box Set"]},{"layout":"normal","type":"Creature — Elemental Spirit","types":["Creature"],"colors":["Red"],"multiverseid":25514,"name":"Flame Spirit","subtypes":["Elemental","Spirit"],"originalType":"Creature — Spirit","cmc":5,"rarity":"Common","artist":"Justin Hampton","power":"2","toughness":"3","manaCost":"{4}{R}","text":"{R}: Flame Spirit gets +1/+0 until end of turn.","originalText":"{R} Flame Spirit gets +1/+0 until end of turn.","flavor":"\"The spirit of the flame is the spirit of change.\"\n—Lovisa Coldeyes,\nBalduvian chieftain","imageName":"flame spirit","legalities":{"Ice Age Block":"Legal","Legacy":"Legal","Vintage":"Legal","Freeform":"Legal","Prismatic":"Legal","Tribal Wars Legacy":"Legal","Singleton 100":"Legal","Commander":"Legal"},"printings":["Ice Age","Fifth Edition","Classic Sixth Edition","Starter 2000","Masters Edition II"]},{"layout":"normal","type":"Enchantment — Aura","types":["Enchantment"],"colors":["Blue"],"multiverseid":25510,"name":"Flight","subtypes":["Aura"],"originalType":"Enchant Creature","cmc":1,"rarity":"Common","artist":"Jerry Tiritilli","manaCost":"{U}","text":"Enchant creature\nEnchanted creature has flying.","originalText":"Enchanted creature gains flying.","imageName":"flight","foreignNames":[{"language":"Chinese Simplified","name":"舞空术"},{"language":"Chinese Traditional","name":"舞空術"},{"language":"French","name":"Vol"},{"language":"German","name":"Flugfähigkeit"},{"language":"Italian","name":"Volare"},{"language":"Japanese","name":"飛行"},{"language":"Portuguese (Brazil)","name":"Vôo"},{"language":"Russian","name":"Полет"},{"language":"Spanish","name":"Volar"}],"legalities":{"Modern":"Legal","Legacy":"Legal","Vintage":"Legal","Freeform":"Legal","Prismatic":"Legal","Tribal Wars Legacy":"Legal","Singleton 100":"Legal","Commander":"Legal"},"printings":["Limited Edition Alpha","Limited Edition Beta","Unlimited Edition","Revised Edition","Fourth Edition","Fifth Edition","Classic Sixth Edition","Starter 2000","Seventh Edition","Eighth Edition","Ninth Edition","Magic 2012"]},{"layout":"normal","supertypes":["Basic"],"type":"Basic Land — Forest","types":["Land"],"multiverseid":25483,"name":"Forest","subtypes":["Forest"],"originalType":"Land","rarity":"Basic Land","artist":"John Avon","originalText":"G","variations":[25482],"imageName":"forest1","foreignNames":[{"language":"Chinese Simplified","name":"树林"},{"language":"Chinese Traditional","name":"樹林"},{"language":"French","name":"Forêt"},{"language":"German","name":"Wald"},{"language":"Italian","name":"Foresta"},{"language":"Japanese","name":"森"},{"language":"Korean","name":"숲"},{"language":"Portuguese (Brazil)","name":"Floresta"},{"language":"Russian","name":"Лес"},{"language":"Spanish","name":"Bosque"}],"legalities":{"Standard":"Legal","Modern":"Legal","Theros Block":"Legal","Return to Ravnica Block":"Legal","Innistrad Block":"Legal","Scars of Mirrodin Block":"Legal","Zendikar Block":"Legal","Shards of Alara Block":"Legal","Lorwyn-Shadowmoor Block":"Legal","Time Spiral Block":"Legal","Ravnica Block":"Legal","Kamigawa Block":"Legal","Mirrodin Block":"Legal","Onslaught Block":"Legal","Odyssey Block":"Legal","Invasion Block":"Legal","Masques Block":"Legal","Urza Block":"Legal","Tempest Block":"Legal","Mirage Block":"Legal","Ice Age Block":"Legal","Un-Sets":"Legal","Legacy":"Legal","Vintage":"Legal","Freeform":"Legal","Prismatic":"Legal","Tribal Wars Legacy":"Legal","Tribal Wars Standard":"Legal","Singleton 100":"Legal","Commander":"Legal"},"printings":["Limited Edition Alpha","Limited Edition Beta","Unlimited Edition","Revised Edition","Fourth Edition","Ice Age","Rivals Quick Start Set","Arena League","Mirage","Introductory Two-Player Set","Fifth Edition","Portal","Tempest","Judge Gift Program","Portal Second Age","Unglued","Asia Pacific Land Program","Urza's Saga","Anthologies","Classic Sixth Edition","Portal Three Kingdoms","Starter 1999","Guru","Mercadian Masques","Battle Royale Box Set","European Land Program","Starter 2000","Beatdown Box Set","Invasion","Seventh Edition","Odyssey","Deckmasters","Onslaught","Eighth Edition","Mirrodin","Champions of Kamigawa","Unhinged","Ninth Edition","Ravnica: City of Guilds","Coldsnap Theme Decks","Time Spiral","Tenth Edition","Masters Edition","Lorwyn","Duel Decks: Elves vs. Goblins","Shadowmoor","Shards of Alara","Magic 2010","Planechase","Masters Edition III","Zendikar","Duel Decks: Garruk vs. Liliana","Premium Deck Series: Slivers","Duel Decks: Phyrexia vs. the Coalition","Rise of the Eldrazi","Duels of the Planeswalkers","Archenemy","Magic 2011","Scars of Mirrodin","Mirrodin Besieged","Duel Decks: Knights vs. Dragons","New Phyrexia","Magic: The Gathering-Commander","Magic 2012","Duel Decks: Ajani vs. Nicol Bolas","Innistrad","Avacyn Restored","Planechase 2012 Edition","Magic 2013","Duel Decks: Izzet vs. Golgari","Return to Ravnica","Magic 2014 Core Set","Duel Decks: Heroes vs. Monsters","Theros","Commander 2013 Edition","Duel Decks: Jace vs. Vraska","Magic 2015 Core Set","Khans of Tarkir","Commander 2014","Fate Reforged"]},{"layout":"normal","supertypes":["Basic"],"type":"Basic Land — Forest","types":["Land"],"multiverseid":25482,"name":"Forest","subtypes":["Forest"],"originalType":"Land","rarity":"Basic Land","artist":"John Avon","originalText":"G","variations":[25483],"imageName":"forest2","foreignNames":[{"language":"Chinese Simplified","name":"树林"},{"language":"Chinese Traditional","name":"樹林"},{"language":"French","name":"Forêt"},{"language":"German","name":"Wald"},{"language":"Italian","name":"Foresta"},{"language":"Japanese","name":"森"},{"language":"Korean","name":"숲"},{"language":"Portuguese (Brazil)","name":"Floresta"},{"language":"Russian","name":"Лес"},{"language":"Spanish","name":"Bosque"}],"legalities":{"Standard":"Legal","Modern":"Legal","Theros Block":"Legal","Return to Ravnica Block":"Legal","Innistrad Block":"Legal","Scars of Mirrodin Block":"Legal","Zendikar Block":"Legal","Shards of Alara Block":"Legal","Lorwyn-Shadowmoor Block":"Legal","Time Spiral Block":"Legal","Ravnica Block":"Legal","Kamigawa Block":"Legal","Mirrodin Block":"Legal","Onslaught Block":"Legal","Odyssey Block":"Legal","Invasion Block":"Legal","Masques Block":"Legal","Urza Block":"Legal","Tempest Block":"Legal","Mirage Block":"Legal","Ice Age Block":"Legal","Un-Sets":"Legal","Legacy":"Legal","Vintage":"Legal","Freeform":"Legal","Prismatic":"Legal","Tribal Wars Legacy":"Legal","Tribal Wars Standard":"Legal","Singleton 100":"Legal","Commander":"Legal"},"printings":["Limited Edition Alpha","Limited Edition Beta","Unlimited Edition","Revised Edition","Fourth Edition","Ice Age","Rivals Quick Start Set","Arena League","Mirage","Introductory Two-Player Set","Fifth Edition","Portal","Tempest","Judge Gift Program","Portal Second Age","Unglued","Asia Pacific Land Program","Urza's Saga","Anthologies","Classic Sixth Edition","Portal Three Kingdoms","Starter 1999","Guru","Mercadian Masques","Battle Royale Box Set","European Land Program","Starter 2000","Beatdown Box Set","Invasion","Seventh Edition","Odyssey","Deckmasters","Onslaught","Eighth Edition","Mirrodin","Champions of Kamigawa","Unhinged","Ninth Edition","Ravnica: City of Guilds","Coldsnap Theme Decks","Time Spiral","Tenth Edition","Masters Edition","Lorwyn","Duel Decks: Elves vs. Goblins","Shadowmoor","Shards of Alara","Magic 2010","Planechase","Masters Edition III","Zendikar","Duel Decks: Garruk vs. Liliana","Premium Deck Series: Slivers","Duel Decks: Phyrexia vs. the Coalition","Rise of the Eldrazi","Duels of the Planeswalkers","Archenemy","Magic 2011","Scars of Mirrodin","Mirrodin Besieged","Duel Decks: Knights vs. Dragons","New Phyrexia","Magic: The Gathering-Commander","Magic 2012","Duel Decks: Ajani vs. Nicol Bolas","Innistrad","Avacyn Restored","Planechase 2012 Edition","Magic 2013","Duel Decks: Izzet vs. Golgari","Return to Ravnica","Magic 2014 Core Set","Duel Decks: Heroes vs. Monsters","Theros","Commander 2013 Edition","Duel Decks: Jace vs. Vraska","Magic 2015 Core Set","Khans of Tarkir","Commander 2014","Fate Reforged"]},{"layout":"normal","type":"Instant","types":["Instant"],"colors":["Green"],"multiverseid":25502,"name":"Giant Growth","originalType":"Instant","cmc":1,"rarity":"Common","artist":"DiTerlizzi","manaCost":"{G}","text":"Target creature gets +3/+3 until end of turn.","originalText":"Target creature gets +3/+3 until end of turn.","imageName":"giant growth","foreignNames":[{"language":"Chinese Simplified","name":"变巨术"},{"language":"Chinese Traditional","name":"變巨術"},{"language":"French","name":"Croissance gigantesque"},{"language":"German","name":"Riesenwuchs"},{"language":"Italian","name":"Crescita Gigante"},{"language":"Japanese","name":"巨大化"},{"language":"Korean","name":"거대화"},{"language":"Portuguese (Brazil)","name":"Crescimento Desenfreado"},{"language":"Portuguese","name":"Crescimento Desenfreado"},{"language":"Russian","name":"Исполинский рост"},{"language":"Spanish","name":"Crecimiento gigante"}],"legalities":{"Modern":"Legal","Return to Ravnica Block":"Legal","Ice Age Block":"Legal","Legacy":"Legal","Vintage":"Legal","Freeform":"Legal","Prismatic":"Legal","Tribal Wars Legacy":"Legal","Tribal Wars Standard":"Legal","Singleton 100":"Legal","Commander":"Legal"},"printings":["Limited Edition Alpha","Limited Edition Beta","Unlimited Edition","Revised Edition","Fourth Edition","Ice Age","Fifth Edition","Anthologies","Classic Sixth Edition","Battle Royale Box Set","Super Series","Friday Night Magic","Starter 2000","Beatdown Box Set","Seventh Edition","Magic Player Rewards","Deckmasters","Eighth Edition","Ninth Edition","Tenth Edition","Duel Decks: Elves vs. Goblins","Masters Edition II","Magic 2010","Masters Edition III","Duel Decks: Garruk vs. Liliana","Duels of the Planeswalkers","Magic 2011","Masters Edition IV","Return to Ravnica","Magic 2014 Core Set"]},{"layout":"normal","type":"Creature — Octopus","types":["Creature"],"colors":["Blue"],"multiverseid":25457,"name":"Giant Octopus","subtypes":["Octopus"],"originalType":"Creature — Octopus","cmc":4,"rarity":"Common","artist":"John Matson","power":"3","toughness":"3","manaCost":"{3}{U}","flavor":"At the sight of the thing the calamari vendor's eyes went wide, but from fear or avarice none could tell.","imageName":"giant octopus","foreignNames":[{"language":"French","name":"Pieuvre géante"},{"language":"German","name":"Riesenoktopus"}],"legalities":{"Modern":"Legal","Legacy":"Legal","Vintage":"Legal","Freeform":"Legal","Prismatic":"Legal","Tribal Wars Legacy":"Legal","Singleton 100":"Legal","Commander":"Legal"},"printings":["Portal","Starter 1999","Starter 2000","Seventh Edition","Eighth Edition","Eighth Edition Box Set","Ninth Edition","Ninth Edition Box Set"]},{"layout":"normal","type":"Creature — Goblin","types":["Creature"],"colors":["Red"],"multiverseid":25486,"name":"Goblin Hero","subtypes":["Goblin"],"originalType":"Creature — Goblin","cmc":3,"rarity":"Common","artist":"Pete Venters","power":"2","toughness":"2","manaCost":"{2}{R}","flavor":"\"When you're a goblin, you don't have to step forward to be a hero—everyone else just has to step back\"\n—Biggum Flodrot, goblin veteran","imageName":"goblin hero","legalities":{"Legacy":"Legal","Vintage":"Legal","Commander":"Legal"},"printings":["The Dark","Fifth Edition","Anthologies","Classic Sixth Edition","Starter 1999","Starter 2000"]},{"layout":"normal","type":"Sorcery","types":["Sorcery"],"colors":["Black"],"multiverseid":25490,"name":"Hand of Death","originalType":"Sorcery","cmc":3,"rarity":"Common","artist":"Heather Hudson","manaCost":"{2}{B}","text":"Destroy target nonblack creature.","originalText":"Destroy target nonblack creature.","flavor":"The touch of death is never gentle.","imageName":"hand of death","legalities":{"Legacy":"Legal","Vintage":"Legal","Commander":"Legal"},"printings":["Portal","Portal Second Age","Starter 1999","Starter 2000"]},{"layout":"normal","type":"Enchantment — Aura","types":["Enchantment"],"colors":["White"],"multiverseid":25536,"name":"Hero's Resolve","subtypes":["Aura"],"originalType":"Enchant Creature","cmc":2,"rarity":"Common","artist":"Pete Venters","manaCost":"{1}{W}","text":"Enchant creature\nEnchanted creature gets +1/+5.","originalText":"Enchanted creature gets +1/+5.","flavor":"\"Destiny, chance, fate, fortune—they're all just ways of claiming your successes without claiming your failures.\"\n—Gerrard of the Weatherlight","imageName":"hero's resolve","legalities":{"Tempest Block":"Legal","Legacy":"Legal","Vintage":"Legal","Commander":"Legal"},"printings":["Tempest","Classic Sixth Edition","Starter 2000"]},{"layout":"normal","type":"Instant","types":["Instant"],"colors":["Blue"],"multiverseid":25526,"name":"Inspiration","originalType":"Instant","cmc":4,"rarity":"Common","artist":"Zina Saunders","manaCost":"{3}{U}","text":"Target player draws two cards.","originalText":"Target player draws two cards.","flavor":"\"Madness and genius are separated only by degrees of success.\"\n—Sidar Jabari","imageName":"inspiration","foreignNames":[{"language":"Chinese Simplified","name":"突发奇想"},{"language":"Chinese Traditional","name":"突發奇想"},{"language":"Italian","name":"Ispirazione"},{"language":"Japanese","name":"霊感"},{"language":"Korean","name":"영감"},{"language":"Portuguese (Brazil)","name":"Inspiração"},{"language":"Russian","name":"Вдохновение"},{"language":"Spanish","name":"Inspiración"}],"legalities":{"Modern":"Legal","Return to Ravnica Block":"Legal","Mirage Block":"Legal","Legacy":"Legal","Vintage":"Legal","Freeform":"Legal","Prismatic":"Legal","Tribal Wars Legacy":"Legal","Tribal Wars Standard":"Legal","Singleton 100":"Legal","Commander":"Legal"},"printings":["Visions","Classic Sixth Edition","Starter 2000","Seventh Edition","Eighth Edition","Return to Ravnica"]},{"layout":"normal","supertypes":["Basic"],"type":"Basic Land — Island","types":["Land"],"multiverseid":25451,"name":"Island","subtypes":["Island"],"originalType":"Land","rarity":"Basic Land","artist":"Douglas Shuler","originalText":"U","variations":[25452],"imageName":"island1","foreignNames":[{"language":"Chinese Simplified","name":"海岛"},{"language":"Chinese Traditional","name":"海島"},{"language":"French","name":"Île"},{"language":"German","name":"Insel"},{"language":"Italian","name":"Isola"},{"language":"Japanese","name":"島"},{"language":"Korean","name":"섬"},{"language":"Portuguese (Brazil)","name":"Ilha"},{"language":"Russian","name":"Остров"},{"language":"Spanish","name":"Isla"}],"legalities":{"Standard":"Legal","Modern":"Legal","Theros Block":"Legal","Return to Ravnica Block":"Legal","Innistrad Block":"Legal","Scars of Mirrodin Block":"Legal","Zendikar Block":"Legal","Shards of Alara Block":"Legal","Lorwyn-Shadowmoor Block":"Legal","Time Spiral Block":"Legal","Ravnica Block":"Legal","Kamigawa Block":"Legal","Mirrodin Block":"Legal","Onslaught Block":"Legal","Odyssey Block":"Legal","Invasion Block":"Legal","Masques Block":"Legal","Urza Block":"Legal","Tempest Block":"Legal","Mirage Block":"Legal","Ice Age Block":"Legal","Un-Sets":"Legal","Legacy":"Legal","Vintage":"Legal","Freeform":"Legal","Prismatic":"Legal","Tribal Wars Legacy":"Legal","Tribal Wars Standard":"Legal","Singleton 100":"Legal","Commander":"Legal"},"printings":["Limited Edition Alpha","Limited Edition Beta","Unlimited Edition","Revised Edition","Fourth Edition","Ice Age","Rivals Quick Start Set","Arena League","Mirage","Introductory Two-Player Set","Fifth Edition","Portal","Tempest","Judge Gift Program","Portal Second Age","Unglued","Asia Pacific Land Program","Urza's Saga","Classic Sixth Edition","Portal Three Kingdoms","Starter 1999","Guru","Mercadian Masques","Battle Royale Box Set","European Land Program","Starter 2000","Beatdown Box Set","Invasion","Seventh Edition","Odyssey","Onslaught","Eighth Edition","Mirrodin","Champions of Kamigawa","Unhinged","Ninth Edition","Ravnica: City of Guilds","Coldsnap Theme Decks","Time Spiral","Tenth Edition","Masters Edition","Lorwyn","Shadowmoor","Shards of Alara","Duel Decks: Jace vs. Chandra","Magic 2010","Planechase","Masters Edition III","Zendikar","Premium Deck Series: Slivers","Duel Decks: Phyrexia vs. the Coalition","Rise of the Eldrazi","Duels of the Planeswalkers","Archenemy","Magic 2011","Duel Decks: Elspeth vs. Tezzeret","Scars of Mirrodin","Mirrodin Besieged","New Phyrexia","Magic: The Gathering-Commander","Magic 2012","Duel Decks: Ajani vs. Nicol Bolas","Innistrad","Duel Decks: Venser vs. Koth","Avacyn Restored","Planechase 2012 Edition","Magic 2013","Duel Decks: Izzet vs. Golgari","Return to Ravnica","Magic 2014 Core Set","Theros","Commander 2013 Edition","Duel Decks: Jace vs. Vraska","Magic 2015 Core Set","Duel Decks: Speed vs. Cunning","Khans of Tarkir","Commander 2014","Fate Reforged"]},{"layout":"normal","supertypes":["Basic"],"type":"Basic Land — Island","types":["Land"],"multiverseid":25452,"name":"Island","subtypes":["Island"],"originalType":"Land","rarity":"Basic Land","artist":"Eric Peterson","originalText":"U","variations":[25451],"imageName":"island2","foreignNames":[{"language":"Chinese Simplified","name":"海岛"},{"language":"Chinese Traditional","name":"海島"},{"language":"French","name":"Île"},{"language":"German","name":"Insel"},{"language":"Italian","name":"Isola"},{"language":"Japanese","name":"島"},{"language":"Korean","name":"섬"},{"language":"Portuguese (Brazil)","name":"Ilha"},{"language":"Russian","name":"Остров"},{"language":"Spanish","name":"Isla"}],"legalities":{"Standard":"Legal","Modern":"Legal","Theros Block":"Legal","Return to Ravnica Block":"Legal","Innistrad Block":"Legal","Scars of Mirrodin Block":"Legal","Zendikar Block":"Legal","Shards of Alara Block":"Legal","Lorwyn-Shadowmoor Block":"Legal","Time Spiral Block":"Legal","Ravnica Block":"Legal","Kamigawa Block":"Legal","Mirrodin Block":"Legal","Onslaught Block":"Legal","Odyssey Block":"Legal","Invasion Block":"Legal","Masques Block":"Legal","Urza Block":"Legal","Tempest Block":"Legal","Mirage Block":"Legal","Ice Age Block":"Legal","Un-Sets":"Legal","Legacy":"Legal","Vintage":"Legal","Freeform":"Legal","Prismatic":"Legal","Tribal Wars Legacy":"Legal","Tribal Wars Standard":"Legal","Singleton 100":"Legal","Commander":"Legal"},"printings":["Limited Edition Alpha","Limited Edition Beta","Unlimited Edition","Revised Edition","Fourth Edition","Ice Age","Rivals Quick Start Set","Arena League","Mirage","Introductory Two-Player Set","Fifth Edition","Portal","Tempest","Judge Gift Program","Portal Second Age","Unglued","Asia Pacific Land Program","Urza's Saga","Classic Sixth Edition","Portal Three Kingdoms","Starter 1999","Guru","Mercadian Masques","Battle Royale Box Set","European Land Program","Starter 2000","Beatdown Box Set","Invasion","Seventh Edition","Odyssey","Onslaught","Eighth Edition","Mirrodin","Champions of Kamigawa","Unhinged","Ninth Edition","Ravnica: City of Guilds","Coldsnap Theme Decks","Time Spiral","Tenth Edition","Masters Edition","Lorwyn","Shadowmoor","Shards of Alara","Duel Decks: Jace vs. Chandra","Magic 2010","Planechase","Masters Edition III","Zendikar","Premium Deck Series: Slivers","Duel Decks: Phyrexia vs. the Coalition","Rise of the Eldrazi","Duels of the Planeswalkers","Archenemy","Magic 2011","Duel Decks: Elspeth vs. Tezzeret","Scars of Mirrodin","Mirrodin Besieged","New Phyrexia","Magic: The Gathering-Commander","Magic 2012","Duel Decks: Ajani vs. Nicol Bolas","Innistrad","Duel Decks: Venser vs. Koth","Avacyn Restored","Planechase 2012 Edition","Magic 2013","Duel Decks: Izzet vs. Golgari","Return to Ravnica","Magic 2014 Core Set","Theros","Commander 2013 Edition","Duel Decks: Jace vs. Vraska","Magic 2015 Core Set","Duel Decks: Speed vs. Cunning","Khans of Tarkir","Commander 2014","Fate Reforged"]},{"layout":"normal","type":"Creature — Human Knight","types":["Creature"],"colors":["White"],"multiverseid":25450,"name":"Knight Errant","subtypes":["Human","Knight"],"originalType":"Creature — Knight","cmc":2,"rarity":"Common","artist":"Dan Frazier","power":"2","toughness":"2","manaCost":"{1}{W}","flavor":"\". . . Before honor is humility.\"\n—The Bible, Proverbs 15:33","imageName":"knight errant","foreignNames":[{"language":"French","name":"Chevalier errant"},{"language":"German","name":"Fahrender Ritter"}],"legalities":{"Legacy":"Legal","Vintage":"Legal","Freeform":"Legal","Prismatic":"Legal","Tribal Wars Legacy":"Legal","Singleton 100":"Legal","Commander":"Legal"},"printings":["Portal","Starter 1999","Starter 2000","Seventh Edition"]},{"layout":"normal","type":"Sorcery","types":["Sorcery"],"colors":["Red"],"multiverseid":25488,"name":"Lava Axe","originalType":"Sorcery","cmc":5,"rarity":"Common","artist":"Brian Snõddy","manaCost":"{4}{R}","text":"Lava Axe deals 5 damage to target player.","originalText":"Lava Axe deals 5 damage to target opponent.","flavor":"Meant to cut through the body and burn straight to the soul.","imageName":"lava axe","foreignNames":[{"language":"Chinese Traditional","name":"熔岩斧"},{"language":"Chinese Simplified","name":"熔岩斧"},{"language":"French","name":"Hache de lave"},{"language":"German","name":"Lavaaxt"},{"language":"Italian","name":"Ascia di Lava"},{"language":"Japanese","name":"溶岩の斧"},{"language":"Korean","name":"용암의 도끼"},{"language":"Portuguese (Brazil)","name":"Machado de Lava"},{"language":"Portuguese","name":"Machado de Lava"},{"language":"Russian","name":"Лавовый топор"},{"language":"Spanish","name":"Hacha de lava"}],"legalities":{"Standard":"Legal","Modern":"Legal","Urza Block":"Legal","Legacy":"Legal","Vintage":"Legal","Freeform":"Legal","Prismatic":"Legal","Tribal Wars Legacy":"Legal","Tribal Wars Standard":"Legal","Singleton 100":"Legal","Commander":"Legal"},"printings":["Portal","Portal Second Age","Urza's Legacy","Starter 1999","Starter 2000","Beatdown Box Set","Seventh Edition","Eighth Edition","Ninth Edition","WPN and Gateway","Tenth Edition","Magic 2010","Magic 2011","Magic 2012","Magic 2014 Core Set","Magic 2015 Core Set"]},{"layout":"normal","type":"Creature — Elf Druid","types":["Creature"],"colors":["Green"],"multiverseid":25508,"name":"Llanowar Elves","subtypes":["Elf","Druid"],"originalType":"Creature — Elf","cmc":1,"rarity":"Common","artist":"Anson Maddocks","power":"1","toughness":"1","manaCost":"{G}","text":"{T}: Add {G} to your mana pool.","originalText":"{T}: Add {G} to your mana pool.","flavor":"One bone broken for every twig snapped underfoot.\n—Llanowar penalty for trespassing","imageName":"llanowar elves","foreignNames":[{"language":"Chinese Traditional","name":"羅堰妖精"},{"language":"Chinese Simplified","name":"罗堰地精"},{"language":"French","name":"Elfes de Llanowar"},{"language":"German","name":"Llanowarelfen"},{"language":"Italian","name":"Elfi di Llanowar"},{"language":"Japanese","name":"ラノワールのエルフ"},{"language":"Korean","name":"라노와의 엘프"},{"language":"Portuguese (Brazil)","name":"Elfos de Llanowar"},{"language":"Russian","name":"Лановарские эльфы"},{"language":"Spanish","name":"Elfos de Llanowar"}],"legalities":{"Modern":"Legal","Legacy":"Legal","Vintage":"Legal","Freeform":"Legal","Prismatic":"Legal","Tribal Wars Legacy":"Legal","Singleton 100":"Legal","Commander":"Legal"},"printings":["Limited Edition Alpha","Limited Edition Beta","Unlimited Edition","Revised Edition","Fourth Edition","Fifth Edition","Anthologies","Classic Sixth Edition","Battle Royale Box Set","Friday Night Magic","Starter 2000","Beatdown Box Set","Seventh Edition","Ninth Edition","WPN and Gateway","Tenth Edition","Duel Decks: Elves vs. Goblins","Magic 2010","Magic 2011","Magic 2012","Commander 2014"]},{"layout":"normal","type":"Creature — Merfolk","types":["Creature"],"colors":["Blue"],"multiverseid":25458,"name":"Merfolk of the Pearl Trident","subtypes":["Merfolk"],"originalType":"Creature — Merfolk","cmc":1,"rarity":"Common","artist":"DiTerlizzi","power":"1","toughness":"1","manaCost":"{U}","flavor":"Are merfolk humans with fins, or are humans merfolk with feet?","imageName":"merfolk of the pearl trident","foreignNames":[{"language":"Chinese Traditional","name":"珍珠三叉戟人魚"},{"language":"Chinese Simplified","name":"珍珠三叉戟人鱼"},{"language":"French","name":"Ondins du Trident nacré"},{"language":"German","name":"Meervolk des Perlendreizacks"},{"language":"Italian","name":"Tritone dal Tridente Perlaceo"},{"language":"Japanese","name":"真珠三叉矛の人魚"},{"language":"Korean","name":"진주 창의 인어"},{"language":"Portuguese (Brazil)","name":"Tritões do Tridente Perolado"},{"language":"Russian","name":"Мерфолк Жемчужного Трезубца"},{"language":"Spanish","name":"Tritones del Tridente Perlado"}],"legalities":{"Modern":"Legal","Legacy":"Legal","Vintage":"Legal","Freeform":"Legal","Prismatic":"Legal","Tribal Wars Legacy":"Legal","Tribal Wars Standard":"Legal","Singleton 100":"Legal","Commander":"Legal"},"printings":["Limited Edition Alpha","Limited Edition Beta","Unlimited Edition","Revised Edition","Fourth Edition","Rivals Quick Start Set","Introductory Two-Player Set","Fifth Edition","Portal","Classic Sixth Edition","Starter 1999","Starter 2000","Seventh Edition","Magic 2013"]},{"layout":"normal","type":"Creature — Goblin","types":["Creature"],"colors":["Red"],"multiverseid":25491,"name":"Mons's Goblin Raiders","subtypes":["Goblin"],"originalType":"Creature — Goblin","cmc":1,"rarity":"Common","artist":"Pete Venters","power":"1","toughness":"1","manaCost":"{R}","flavor":"Just because they have a club doesn't mean they're organized.","imageName":"mons's goblin raiders","legalities":{"Legacy":"Legal","Vintage":"Legal","Commander":"Legal"},"printings":["Limited Edition Alpha","Limited Edition Beta","Unlimited Edition","Revised Edition","Fourth Edition","Rivals Quick Start Set","Introductory Two-Player Set","Fifth Edition","Starter 1999","Starter 2000"]},{"layout":"normal","type":"Sorcery","types":["Sorcery"],"colors":["Green"],"multiverseid":25475,"name":"Monstrous Growth","originalType":"Sorcery","cmc":2,"rarity":"Common","artist":"Una Fricker","manaCost":"{1}{G}","text":"Target creature gets +4/+4 until end of turn.","originalText":"Target creature gets +4/+4 until end of turn.","flavor":"The nightstalkers' little game of tease-the-squirrel suddenly took an unexpected turn.","imageName":"monstrous growth","foreignNames":[{"language":"French","name":"Croissance démesurée"},{"language":"German","name":"Unheimliches Wachstum"},{"language":"Italian","name":"Crescita Mostruosa"},{"language":"Portuguese (Brazil)","name":"Crescimento Monstruoso"},{"language":"Spanish","name":"Crecimiento monstruoso"}],"legalities":{"Modern":"Legal","Legacy":"Legal","Vintage":"Legal","Freeform":"Legal","Prismatic":"Legal","Tribal Wars Legacy":"Legal","Singleton 100":"Legal","Commander":"Legal"},"printings":["Portal","Portal Second Age","Starter 1999","Starter 2000","Seventh Edition","Eighth Edition"]},{"layout":"normal","type":"Creature — Faerie","types":["Creature"],"colors":["Green"],"multiverseid":25485,"name":"Moon Sprite","subtypes":["Faerie"],"originalType":"Creature — Faerie","cmc":2,"rarity":"Uncommon","artist":"Terese Nielsen","power":"1","toughness":"1","manaCost":"{1}{G}","text":"Flying","originalText":"Flying","flavor":"\"I am that merry wanderer of the night.\"\n—William Shakespeare,\nA Midsummer Night's Dream","imageName":"moon sprite","legalities":{"Legacy":"Legal","Vintage":"Legal","Commander":"Legal"},"printings":["Portal","Starter 1999","Starter 2000"]},{"layout":"normal","supertypes":["Basic"],"type":"Basic Land — Mountain","types":["Land"],"multiverseid":25480,"name":"Mountain","subtypes":["Mountain"],"originalType":"Land","rarity":"Basic Land","artist":"John Avon","originalText":"R","variations":[25481],"imageName":"mountain1","foreignNames":[{"language":"Chinese Simplified","name":"山脉"},{"language":"Chinese Traditional","name":"山脈"},{"language":"French","name":"Montagne"},{"language":"German","name":"Gebirge"},{"language":"Italian","name":"Montagna"},{"language":"Japanese","name":"山"},{"language":"Korean","name":"산"},{"language":"Portuguese (Brazil)","name":"Montanha"},{"language":"Russian","name":"Гора"},{"language":"Spanish","name":"Montaña"}],"legalities":{"Standard":"Legal","Modern":"Legal","Theros Block":"Legal","Return to Ravnica Block":"Legal","Innistrad Block":"Legal","Scars of Mirrodin Block":"Legal","Zendikar Block":"Legal","Shards of Alara Block":"Legal","Lorwyn-Shadowmoor Block":"Legal","Time Spiral Block":"Legal","Ravnica Block":"Legal","Kamigawa Block":"Legal","Mirrodin Block":"Legal","Onslaught Block":"Legal","Odyssey Block":"Legal","Invasion Block":"Legal","Masques Block":"Legal","Urza Block":"Legal","Tempest Block":"Legal","Mirage Block":"Legal","Ice Age Block":"Legal","Un-Sets":"Legal","Legacy":"Legal","Vintage":"Legal","Freeform":"Legal","Prismatic":"Legal","Tribal Wars Legacy":"Legal","Tribal Wars Standard":"Legal","Singleton 100":"Legal","Commander":"Legal"},"printings":["Limited Edition Alpha","Limited Edition Beta","Unlimited Edition","Arabian Nights","Revised Edition","Fourth Edition","Ice Age","Rivals Quick Start Set","Arena League","Mirage","Introductory Two-Player Set","Fifth Edition","Portal","Tempest","Judge Gift Program","Portal Second Age","Unglued","Asia Pacific Land Program","Urza's Saga","Anthologies","Classic Sixth Edition","Portal Three Kingdoms","Starter 1999","Guru","Mercadian Masques","Battle Royale Box Set","European Land Program","Starter 2000","Beatdown Box Set","Invasion","Seventh Edition","Odyssey","Deckmasters","Onslaught","Eighth Edition","Mirrodin","Champions of Kamigawa","Unhinged","Ninth Edition","Ravnica: City of Guilds","Coldsnap Theme Decks","Time Spiral","Tenth Edition","Masters Edition","Lorwyn","Duel Decks: Elves vs. Goblins","Shadowmoor","Shards of Alara","Duel Decks: Jace vs. Chandra","Magic 2010","Planechase","Masters Edition III","Zendikar","Premium Deck Series: Slivers","Duel Decks: Phyrexia vs. the Coalition","Rise of the Eldrazi","Duels of the Planeswalkers","Archenemy","Magic 2011","Scars of Mirrodin","Premium Deck Series: Fire and Lightning","Mirrodin Besieged","Duel Decks: Knights vs. Dragons","New Phyrexia","Magic: The Gathering-Commander","Magic 2012","Duel Decks: Ajani vs. Nicol Bolas","Innistrad","Duel Decks: Venser vs. Koth","Avacyn Restored","Planechase 2012 Edition","Magic 2013","Duel Decks: Izzet vs. Golgari","Return to Ravnica","Duel Decks: Sorin vs. Tibalt","Magic 2014 Core Set","Duel Decks: Heroes vs. Monsters","Theros","Commander 2013 Edition","Magic 2015 Core Set","Duel Decks: Speed vs. Cunning","Khans of Tarkir","Commander 2014","Fate Reforged"]},{"layout":"normal","supertypes":["Basic"],"type":"Basic Land — Mountain","types":["Land"],"multiverseid":25481,"name":"Mountain","subtypes":["Mountain"],"originalType":"Land","rarity":"Basic Land","artist":"Brian Durfee","originalText":"R","variations":[25480],"imageName":"mountain2","foreignNames":[{"language":"Chinese Simplified","name":"山脉"},{"language":"Chinese Traditional","name":"山脈"},{"language":"French","name":"Montagne"},{"language":"German","name":"Gebirge"},{"language":"Italian","name":"Montagna"},{"language":"Japanese","name":"山"},{"language":"Korean","name":"산"},{"language":"Portuguese (Brazil)","name":"Montanha"},{"language":"Russian","name":"Гора"},{"language":"Spanish","name":"Montaña"}],"legalities":{"Standard":"Legal","Modern":"Legal","Theros Block":"Legal","Return to Ravnica Block":"Legal","Innistrad Block":"Legal","Scars of Mirrodin Block":"Legal","Zendikar Block":"Legal","Shards of Alara Block":"Legal","Lorwyn-Shadowmoor Block":"Legal","Time Spiral Block":"Legal","Ravnica Block":"Legal","Kamigawa Block":"Legal","Mirrodin Block":"Legal","Onslaught Block":"Legal","Odyssey Block":"Legal","Invasion Block":"Legal","Masques Block":"Legal","Urza Block":"Legal","Tempest Block":"Legal","Mirage Block":"Legal","Ice Age Block":"Legal","Un-Sets":"Legal","Legacy":"Legal","Vintage":"Legal","Freeform":"Legal","Prismatic":"Legal","Tribal Wars Legacy":"Legal","Tribal Wars Standard":"Legal","Singleton 100":"Legal","Commander":"Legal"},"printings":["Limited Edition Alpha","Limited Edition Beta","Unlimited Edition","Arabian Nights","Revised Edition","Fourth Edition","Ice Age","Rivals Quick Start Set","Arena League","Mirage","Introductory Two-Player Set","Fifth Edition","Portal","Tempest","Judge Gift Program","Portal Second Age","Unglued","Asia Pacific Land Program","Urza's Saga","Anthologies","Classic Sixth Edition","Portal Three Kingdoms","Starter 1999","Guru","Mercadian Masques","Battle Royale Box Set","European Land Program","Starter 2000","Beatdown Box Set","Invasion","Seventh Edition","Odyssey","Deckmasters","Onslaught","Eighth Edition","Mirrodin","Champions of Kamigawa","Unhinged","Ninth Edition","Ravnica: City of Guilds","Coldsnap Theme Decks","Time Spiral","Tenth Edition","Masters Edition","Lorwyn","Duel Decks: Elves vs. Goblins","Shadowmoor","Shards of Alara","Duel Decks: Jace vs. Chandra","Magic 2010","Planechase","Masters Edition III","Zendikar","Premium Deck Series: Slivers","Duel Decks: Phyrexia vs. the Coalition","Rise of the Eldrazi","Duels of the Planeswalkers","Archenemy","Magic 2011","Scars of Mirrodin","Premium Deck Series: Fire and Lightning","Mirrodin Besieged","Duel Decks: Knights vs. Dragons","New Phyrexia","Magic: The Gathering-Commander","Magic 2012","Duel Decks: Ajani vs. Nicol Bolas","Innistrad","Duel Decks: Venser vs. Koth","Avacyn Restored","Planechase 2012 Edition","Magic 2013","Duel Decks: Izzet vs. Golgari","Return to Ravnica","Duel Decks: Sorin vs. Tibalt","Magic 2014 Core Set","Duel Decks: Heroes vs. Monsters","Theros","Commander 2013 Edition","Magic 2015 Core Set","Duel Decks: Speed vs. Cunning","Khans of Tarkir","Commander 2014","Fate Reforged"]},{"layout":"normal","type":"Artifact Creature — Golem","types":["Artifact","Creature"],"multiverseid":25528,"name":"Obsianus Golem","subtypes":["Golem"],"originalType":"Artifact Creature — Golem","cmc":6,"rarity":"Uncommon","artist":"Jesper Myrfors","power":"4","toughness":"6","manaCost":"{6}","flavor":"\"The foot stone is connected to the ankle stone, the ankle stone is connected to the leg stone . . . .\"\n—\"Song of the Artificer\"","imageName":"obsianus golem","legalities":{"Legacy":"Legal","Vintage":"Legal","Commander":"Legal"},"printings":["Limited Edition Alpha","Limited Edition Beta","Unlimited Edition","Revised Edition","Fourth Edition","Classic Sixth Edition","Starter 2000","Masters Edition IV"]},{"layout":"normal","type":"Creature — Ogre Warrior","types":["Creature"],"colors":["Red"],"multiverseid":25476,"name":"Ogre Warrior","subtypes":["Ogre","Warrior"],"originalType":"Creature — Ogre","cmc":4,"rarity":"Common","artist":"Jeff Miracola","power":"3","toughness":"3","manaCost":"{3}{R}","flavor":"Assault and battery included.","imageName":"ogre warrior","legalities":{"Legacy":"Legal","Vintage":"Legal","Commander":"Legal"},"printings":["Portal Second Age","Starter 1999","Starter 2000"]},{"layout":"normal","type":"Enchantment","types":["Enchantment"],"colors":["Red"],"multiverseid":25540,"name":"Orcish Oriflamme","originalType":"Enchantment","cmc":4,"rarity":"Uncommon","artist":"Dan Frazier","manaCost":"{3}{R}","text":"Attacking creatures you control get +1/+0.","originalText":"Attacking creatures you control get +1/+0.","imageName":"orcish oriflamme","foreignNames":[{"language":"French","name":"Oriflamme orque"},{"language":"German","name":"Standarte der Orks"}],"legalities":{"Legacy":"Legal","Vintage":"Legal","Freeform":"Legal","Prismatic":"Legal","Tribal Wars Legacy":"Legal","Singleton 100":"Legal","Commander":"Legal"},"printings":["Limited Edition Alpha","Limited Edition Beta","Unlimited Edition","Revised Edition","Fourth Edition","Rivals Quick Start Set","Introductory Two-Player Set","Fifth Edition","Classic Sixth Edition","Starter 2000","Seventh Edition"]},{"layout":"normal","supertypes":["Basic"],"type":"Basic Land — Plains","types":["Land"],"multiverseid":25453,"name":"Plains","subtypes":["Plains"],"originalType":"Land","rarity":"Basic Land","artist":"Douglas Shuler","originalText":"W","variations":[25454],"imageName":"plains1","foreignNames":[{"language":"Chinese Simplified","name":"平原"},{"language":"Chinese Traditional","name":"平原"},{"language":"French","name":"Plaine"},{"language":"German","name":"Ebene"},{"language":"Italian","name":"Pianura"},{"language":"Japanese","name":"平地"},{"language":"Korean","name":"들"},{"language":"Portuguese (Brazil)","name":"Planície"},{"language":"Russian","name":"Равнины"},{"language":"Spanish","name":"Llanura"}],"legalities":{"Standard":"Legal","Modern":"Legal","Theros Block":"Legal","Return to Ravnica Block":"Legal","Innistrad Block":"Legal","Scars of Mirrodin Block":"Legal","Zendikar Block":"Legal","Shards of Alara Block":"Legal","Lorwyn-Shadowmoor Block":"Legal","Time Spiral Block":"Legal","Ravnica Block":"Legal","Kamigawa Block":"Legal","Mirrodin Block":"Legal","Onslaught Block":"Legal","Odyssey Block":"Legal","Invasion Block":"Legal","Masques Block":"Legal","Urza Block":"Legal","Tempest Block":"Legal","Mirage Block":"Legal","Ice Age Block":"Legal","Un-Sets":"Legal","Legacy":"Legal","Vintage":"Legal","Freeform":"Legal","Prismatic":"Legal","Tribal Wars Legacy":"Legal","Tribal Wars Standard":"Legal","Singleton 100":"Legal","Commander":"Legal"},"printings":["Limited Edition Alpha","Limited Edition Beta","Unlimited Edition","Revised Edition","Fourth Edition","Ice Age","Rivals Quick Start Set","Arena League","Mirage","Introductory Two-Player Set","Fifth Edition","Portal","Prerelease Events","Tempest","Portal Second Age","Judge Gift Program","Unglued","Asia Pacific Land Program","Urza's Saga","Anthologies","Classic Sixth Edition","Portal Three Kingdoms","Starter 1999","Guru","Mercadian Masques","Battle Royale Box Set","European Land Program","Starter 2000","Invasion","Seventh Edition","Odyssey","Onslaught","Eighth Edition","Mirrodin","Champions of Kamigawa","Unhinged","Ninth Edition","Ravnica: City of Guilds","Coldsnap Theme Decks","Time Spiral","Tenth Edition","Masters Edition","Lorwyn","Shadowmoor","Shards of Alara","Duel Decks: Divine vs. Demonic","Magic 2010","Planechase","Masters Edition III","Zendikar","Premium Deck Series: Slivers","Duel Decks: Phyrexia vs. the Coalition","Rise of the Eldrazi","Archenemy","Magic 2011","Duel Decks: Elspeth vs. Tezzeret","Scars of Mirrodin","Mirrodin Besieged","Duel Decks: Knights vs. Dragons","New Phyrexia","Magic: The Gathering-Commander","Magic 2012","Duel Decks: Ajani vs. Nicol Bolas","Innistrad","Duel Decks: Venser vs. Koth","Avacyn Restored","Planechase 2012 Edition","Magic 2013","Return to Ravnica","Duel Decks: Sorin vs. Tibalt","Magic 2014 Core Set","Duel Decks: Heroes vs. Monsters","Theros","Commander 2013 Edition","Modern Event Deck 2014","Magic 2015 Core Set","Duel Decks: Speed vs. Cunning","Khans of Tarkir","Commander 2014","Fate Reforged"]},{"layout":"normal","supertypes":["Basic"],"type":"Basic Land — Plains","types":["Land"],"multiverseid":25454,"name":"Plains","subtypes":["Plains"],"originalType":"Land","rarity":"Basic Land","artist":"Fred Fields","originalText":"W","variations":[25453],"imageName":"plains2","foreignNames":[{"language":"Chinese Simplified","name":"平原"},{"language":"Chinese Traditional","name":"平原"},{"language":"French","name":"Plaine"},{"language":"German","name":"Ebene"},{"language":"Italian","name":"Pianura"},{"language":"Japanese","name":"平地"},{"language":"Korean","name":"들"},{"language":"Portuguese (Brazil)","name":"Planície"},{"language":"Russian","name":"Равнины"},{"language":"Spanish","name":"Llanura"}],"legalities":{"Standard":"Legal","Modern":"Legal","Theros Block":"Legal","Return to Ravnica Block":"Legal","Innistrad Block":"Legal","Scars of Mirrodin Block":"Legal","Zendikar Block":"Legal","Shards of Alara Block":"Legal","Lorwyn-Shadowmoor Block":"Legal","Time Spiral Block":"Legal","Ravnica Block":"Legal","Kamigawa Block":"Legal","Mirrodin Block":"Legal","Onslaught Block":"Legal","Odyssey Block":"Legal","Invasion Block":"Legal","Masques Block":"Legal","Urza Block":"Legal","Tempest Block":"Legal","Mirage Block":"Legal","Ice Age Block":"Legal","Un-Sets":"Legal","Legacy":"Legal","Vintage":"Legal","Freeform":"Legal","Prismatic":"Legal","Tribal Wars Legacy":"Legal","Tribal Wars Standard":"Legal","Singleton 100":"Legal","Commander":"Legal"},"printings":["Limited Edition Alpha","Limited Edition Beta","Unlimited Edition","Revised Edition","Fourth Edition","Ice Age","Rivals Quick Start Set","Arena League","Mirage","Introductory Two-Player Set","Fifth Edition","Portal","Prerelease Events","Tempest","Portal Second Age","Judge Gift Program","Unglued","Asia Pacific Land Program","Urza's Saga","Anthologies","Classic Sixth Edition","Portal Three Kingdoms","Starter 1999","Guru","Mercadian Masques","Battle Royale Box Set","European Land Program","Starter 2000","Invasion","Seventh Edition","Odyssey","Onslaught","Eighth Edition","Mirrodin","Champions of Kamigawa","Unhinged","Ninth Edition","Ravnica: City of Guilds","Coldsnap Theme Decks","Time Spiral","Tenth Edition","Masters Edition","Lorwyn","Shadowmoor","Shards of Alara","Duel Decks: Divine vs. Demonic","Magic 2010","Planechase","Masters Edition III","Zendikar","Premium Deck Series: Slivers","Duel Decks: Phyrexia vs. the Coalition","Rise of the Eldrazi","Archenemy","Magic 2011","Duel Decks: Elspeth vs. Tezzeret","Scars of Mirrodin","Mirrodin Besieged","Duel Decks: Knights vs. Dragons","New Phyrexia","Magic: The Gathering-Commander","Magic 2012","Duel Decks: Ajani vs. Nicol Bolas","Innistrad","Duel Decks: Venser vs. Koth","Avacyn Restored","Planechase 2012 Edition","Magic 2013","Return to Ravnica","Duel Decks: Sorin vs. Tibalt","Magic 2014 Core Set","Duel Decks: Heroes vs. Monsters","Theros","Commander 2013 Edition","Modern Event Deck 2014","Magic 2015 Core Set","Duel Decks: Speed vs. Cunning","Khans of Tarkir","Commander 2014","Fate Reforged"]},{"layout":"normal","type":"Creature — Human Wizard","types":["Creature"],"colors":["Blue"],"multiverseid":25506,"name":"Prodigal Sorcerer","subtypes":["Human","Wizard"],"originalType":"Creature — Wizard","cmc":3,"rarity":"Common","artist":"Douglas Shuler","power":"1","toughness":"1","manaCost":"{2}{U}","text":"{T}: Prodigal Sorcerer deals 1 damage to target creature or player.","originalText":"{T}: Prodigal Sorcerer deals 1 damage to target creature or player.","flavor":"Occasionally members of the Institute of Arcane Study acquire a taste for worldly pleasures. Seldom do they have trouble finding employment.","imageName":"prodigal sorcerer","foreignNames":[{"language":"Chinese Simplified","name":"放荡的术士"},{"language":"French","name":"Sorcier sybarite"},{"language":"German","name":"Abtrünniger Zauberer"},{"language":"Italian","name":"Stregone Errante"},{"language":"Japanese","name":"放蕩魔術師"},{"language":"Portuguese (Brazil)","name":"Feiticeiro Pródigo"},{"language":"Russian","name":"Гениальный Волшебник"},{"language":"Spanish","name":"Hechicero pródigo"}],"legalities":{"Modern":"Legal","Time Spiral Block":"Legal","Legacy":"Legal","Vintage":"Legal","Freeform":"Legal","Prismatic":"Legal","Tribal Wars Legacy":"Legal","Singleton 100":"Legal","Commander":"Legal"},"printings":["Limited Edition Alpha","Limited Edition Beta","Unlimited Edition","Revised Edition","Fourth Edition","Fifth Edition","Classic Sixth Edition","Battle Royale Box Set","Friday Night Magic","Starter 2000","Seventh Edition","Time Spiral \"Timeshifted\"","Masters Edition IV"]},{"layout":"normal","type":"Creature — Snake","types":["Creature"],"colors":["Black"],"multiverseid":25499,"name":"Python","subtypes":["Snake"],"originalType":"Creature — Snake","cmc":3,"rarity":"Common","artist":"Steve White","power":"3","toughness":"2","manaCost":"{1}{B}{B}","flavor":"\"How can you claim the gods are merciless when they robbed the snake of its limbs to give the other creatures a sporting chance?\"\n—Hakim, Loreweaver","imageName":"python","legalities":{"Mirage Block":"Legal","Legacy":"Legal","Vintage":"Legal","Freeform":"Legal","Prismatic":"Legal","Tribal Wars Legacy":"Legal","Singleton 100":"Legal","Commander":"Legal"},"printings":["Visions","Portal","Classic Sixth Edition","Starter 2000"]},{"layout":"normal","type":"Creature — Rhino Beast","types":["Creature"],"colors":["Green"],"name":"Rhox","subtypes":["Rhino","Beast"],"originalType":"Creature — Beast","cmc":6,"rarity":"Rare","artist":"Mark Zug","power":"5","toughness":"5","manaCost":"{4}{G}{G}","text":"You may have Rhox assign its combat damage as though it weren't blocked.\n{2}{G}: Regenerate Rhox. (The next time this creature would be destroyed this turn, it isn't. Instead tap it, remove all damage from it, and remove it from combat.)","originalText":"You may have Rhox deal combat damage to defending player as though it weren't blocked.\n{2}{G}: Regenerate Rhox.","rulings":[{"date":"2008-04-01","text":"If this creature is attacking a planeswalker, assigning its damage as though it weren't blocked means the damage is assigned to the planeswalker, not to the defending player."},{"date":"2008-04-01","text":"When assigning combat damage, you choose whether you want to assign all damage to blocking creatures, or if you want to assign all of it to the defending player or planeswalker. You can't split the damage assignment between them."},{"date":"2008-04-01","text":"You can decide to assign damage to the defending player or planeswalker even if the blocking creature has protection from green or damage preventing effects on it."},{"date":"2008-04-01","text":"If blocked by a creature with banding, the defending player decides whether or not the damage is assigned \"as though it weren't blocked\"."}],"imageName":"rhox","foreignNames":[{"language":"Chinese Simplified","name":"罗克犀龙"},{"language":"Chinese Traditional","name":"羅克犀龍"},{"language":"Japanese","name":"ロウクス"},{"language":"Russian","name":"Рокс"}],"legalities":{"Modern":"Legal","Masques Block":"Legal","Legacy":"Legal","Vintage":"Legal","Freeform":"Legal","Prismatic":"Legal","Tribal Wars Legacy":"Legal","Singleton 100":"Legal","Commander":"Legal"},"printings":["Nemesis","Starter 2000","Eighth Edition","Tenth Edition"]},{"layout":"normal","type":"Artifact","types":["Artifact"],"multiverseid":25529,"name":"Rod of Ruin","originalType":"Artifact","cmc":4,"rarity":"Uncommon","artist":"Christopher Rush","manaCost":"{4}","text":"{3}, {T}: Rod of Ruin deals 1 damage to target creature or player.","originalText":"{3}, {T}: Rod of Ruin deals 1 damage to target creature or player.","imageName":"rod of ruin","foreignNames":[{"language":"Chinese Simplified","name":"遗迹棍棒"},{"language":"Chinese Traditional","name":"遺跡棍棒"},{"language":"French","name":"Baguette de ruine"},{"language":"German","name":"Stab des Verderbens"},{"language":"Italian","name":"Scettro della Rovina"},{"language":"Japanese","name":"破滅のロッド"},{"language":"Korean","name":"파멸의 로드"},{"language":"Portuguese (Brazil)","name":"Bastão da Ruína"},{"language":"Portuguese","name":"Bastão da Ruína"},{"language":"Russian","name":"Жезл разрушения"},{"language":"Spanish","name":"Bastón de destrucción"}],"legalities":{"Modern":"Legal","Legacy":"Legal","Vintage":"Legal","Freeform":"Legal","Prismatic":"Legal","Tribal Wars Legacy":"Legal","Tribal Wars Standard":"Legal","Singleton 100":"Legal","Commander":"Legal"},"printings":["Limited Edition Alpha","Limited Edition Beta","Unlimited Edition","Revised Edition","Fourth Edition","Rivals Quick Start Set","Introductory Two-Player Set","Fifth Edition","Classic Sixth Edition","Starter 2000","Seventh Edition","Eighth Edition","Ninth Edition","Tenth Edition","Magic 2010","Magic 2014 Core Set"]},{"layout":"normal","type":"Creature — Bird","types":["Creature"],"colors":["White"],"multiverseid":25459,"name":"Royal Falcon","subtypes":["Bird"],"originalType":"Creature — Bird","cmc":2,"rarity":"Common","artist":"Carl Critchlow","power":"1","toughness":"1","manaCost":"{1}{W}","text":"Flying","originalText":"Flying","flavor":"Hunter by instinct, weapon by training.","imageName":"royal falcon","legalities":{"Legacy":"Legal","Vintage":"Legal","Commander":"Legal"},"printings":["Starter 1999","Starter 2000"]},{"layout":"normal","type":"Creature — Human Cleric","types":["Creature"],"colors":["White"],"multiverseid":25533,"name":"Samite Healer","subtypes":["Human","Cleric"],"originalType":"Creature — Cleric","cmc":2,"rarity":"Common","artist":"Tom Wänerstrand","power":"1","toughness":"1","manaCost":"{1}{W}","text":"{T}: Prevent the next 1 damage that would be dealt to target creature or player this turn.","originalText":"{T}: Prevent the next 1 damage that would be dealt to target creature or player this turn.","flavor":"Healers ultimately acquire the divine gifts of spiritual and physical wholeness. The most devout are also granted the ability to pass physical wholeness on to others.","imageName":"samite healer","foreignNames":[{"language":"Chinese Simplified","name":"撒姆尼人的医疗员"},{"language":"Chinese Traditional","name":"撒姆尼人的醫療員"},{"language":"French","name":"Guérisseur sanctif"},{"language":"German","name":"Feldscher"},{"language":"Italian","name":"Guaritore Bianco"},{"language":"Japanese","name":"サマイトの癒し手"},{"language":"Portuguese (Brazil)","name":"Curandeiro Samita"},{"language":"Russian","name":"Самитский лекарь"},{"language":"Spanish","name":"Sanador samita"}],"legalities":{"Modern":"Legal","Legacy":"Legal","Vintage":"Legal","Freeform":"Legal","Prismatic":"Legal","Tribal Wars Legacy":"Legal","Singleton 100":"Legal","Commander":"Legal"},"printings":["Limited Edition Alpha","Limited Edition Beta","Unlimited Edition","Revised Edition","Fourth Edition","Fifth Edition","Anthologies","Classic Sixth Edition","Starter 2000","Seventh Edition","Eighth Edition","Ninth Edition","Tenth Edition"]},{"layout":"normal","type":"Creature — Zombie","types":["Creature"],"colors":["Black"],"multiverseid":25487,"name":"Scathe Zombies","subtypes":["Zombie"],"originalType":"Creature — Zombie","cmc":3,"rarity":"Common","artist":"Jesper Myrfors","power":"2","toughness":"2","manaCost":"{2}{B}","flavor":"\"They groaned, they stirred, they all uprose,\nNor spake, nor moved their eyes;\nIt had been strange, even in a dream,\nTo have seen those dead men rise.\"\n—Samuel Coleridge,\n\"The Rime of the Ancient Mariner\"","imageName":"scathe zombies","foreignNames":[{"language":"Chinese Traditional","name":"枯萎殭屍"},{"language":"Chinese Simplified","name":"枯萎灵俑"},{"language":"French","name":"Zombies dévastateurs"},{"language":"German","name":"Seelenlose Zombies"},{"language":"Italian","name":"Zombi della Distruzione"},{"language":"Japanese","name":"スケイズ・ゾンビ"},{"language":"Korean","name":"만신창이 좀비"},{"language":"Portuguese (Brazil)","name":"Zumbis de Scathe"},{"language":"Russian","name":"Смертоносные зомби"},{"language":"Spanish","name":"Zombies dañinos"}],"legalities":{"Modern":"Legal","Legacy":"Legal","Vintage":"Legal","Freeform":"Legal","Prismatic":"Legal","Tribal Wars Legacy":"Legal","Singleton 100":"Legal","Commander":"Legal"},"printings":["Limited Edition Alpha","Limited Edition Beta","Unlimited Edition","Revised Edition","Fourth Edition","Introductory Two-Player Set","Fifth Edition","Classic Sixth Edition","Starter 1999","Starter 2000","Seventh Edition","Eighth Edition","Ninth Edition","Tenth Edition"]},{"layout":"normal","type":"Creature — Bird","types":["Creature"],"colors":["Blue"],"multiverseid":25460,"name":"Sea Eagle","subtypes":["Bird"],"originalType":"Creature — Bird","cmc":2,"rarity":"Common","artist":"Anthony S. Waters","power":"1","toughness":"1","manaCost":"{1}{U}","text":"Flying","originalText":"Flying","flavor":"Where air meets water, fish meets talon.","imageName":"sea eagle","legalities":{"Modern":"Legal","Legacy":"Legal","Vintage":"Legal","Freeform":"Legal","Prismatic":"Legal","Tribal Wars Legacy":"Legal","Singleton 100":"Legal","Commander":"Legal"},"printings":["Starter 1999","Starter 2000","Eighth Edition","Eighth Edition Box Set"]},{"layout":"normal","type":"Instant","types":["Instant"],"colors":["Red"],"multiverseid":25501,"name":"Shock","originalType":"Instant","cmc":1,"rarity":"Common","artist":"Randy Gallegos","manaCost":"{R}","text":"Shock deals 2 damage to target creature or player.","originalText":"Shock deals 2 damage to target creature or player.","flavor":"Lightning tethers souls to the world.\n—Kor saying","imageName":"shock","foreignNames":[{"language":"Chinese Simplified","name":"电震"},{"language":"Chinese Traditional","name":"電震"},{"language":"French","name":"Choc"},{"language":"German","name":"Schock"},{"language":"Japanese","name":"ショック"},{"language":"Korean","name":"쇼크"},{"language":"Portuguese (Brazil)","name":"Choque"},{"language":"Portuguese","name":"Choque"},{"language":"Russian","name":"Шок"},{"language":"Spanish","name":"Choque"}],"legalities":{"Modern":"Legal","Onslaught Block":"Legal","Tempest Block":"Legal","Legacy":"Legal","Vintage":"Legal","Freeform":"Legal","Prismatic":"Legal","Tribal Wars Legacy":"Legal","Tribal Wars Standard":"Legal","Singleton 100":"Legal","Commander":"Legal"},"printings":["Stronghold","Classic Sixth Edition","Friday Night Magic","Starter 2000","Beatdown Box Set","Seventh Edition","Onslaught","Eighth Edition","Ninth Edition","Tenth Edition","Duels of the Planeswalkers","Magic 2012","Magic 2014 Core Set","Duel Decks: Speed vs. Cunning"]},{"layout":"normal","type":"Artifact","types":["Artifact"],"multiverseid":25543,"name":"Soul Net","originalType":"Artifact","cmc":1,"rarity":"Uncommon","artist":"Andrew Robinson","manaCost":"{1}","text":"Whenever a creature dies, you may pay {1}. If you do, you gain 1 life.","originalText":"Whenever a creature is put into a graveyard from play, you may pay {1}. If you do, you gain 1 life.","rulings":[{"date":"2004-10-04","text":"If animated so it is a creature, it can be triggered off its own destruction."}],"imageName":"soul net","foreignNames":[{"language":"French","name":"Rets des âmes"},{"language":"German","name":"Seelennetz"}],"legalities":{"Legacy":"Legal","Vintage":"Legal","Freeform":"Legal","Prismatic":"Legal","Tribal Wars Legacy":"Legal","Singleton 100":"Legal","Commander":"Legal"},"printings":["Limited Edition Alpha","Limited Edition Beta","Unlimited Edition","Revised Edition","Fourth Edition","Fifth Edition","Classic Sixth Edition","Starter 2000","Seventh Edition"]},{"layout":"normal","type":"Creature — Wurm","types":["Creature"],"colors":["Green"],"multiverseid":25496,"name":"Spined Wurm","subtypes":["Wurm"],"originalType":"Creature — Wurm","cmc":5,"rarity":"Common","artist":"Keith Parkinson","power":"5","toughness":"4","manaCost":"{4}{G}","flavor":"\"As it moved, the wurm's spines gathered up bits of flowstone, which took the shapes of dead villagers' heads. Each head spoke a single sound, but if taken together, they said, ‘Alas for the living.'\"\n—Dal myth of the wurm","imageName":"spined wurm","foreignNames":[{"language":"Chinese Traditional","name":"刺棘亞龍"},{"language":"Chinese Simplified","name":"刺棘亚龙"},{"language":"French","name":"Guivre à piquants"},{"language":"German","name":"Gekrümmter Wurm"},{"language":"Italian","name":"Wurm Spinato"},{"language":"Japanese","name":"針刺ワーム"},{"language":"Portuguese (Brazil)","name":"Vorme Espinhoso"},{"language":"Russian","name":"Шипастый Вурм"},{"language":"Spanish","name":"Sierpe con púas"}],"legalities":{"Modern":"Legal","Tempest Block":"Legal","Legacy":"Legal","Vintage":"Legal","Freeform":"Legal","Prismatic":"Legal","Tribal Wars Legacy":"Legal","Singleton 100":"Legal","Commander":"Legal"},"printings":["Media Inserts","Portal","Stronghold","Starter 2000","Seventh Edition","Eighth Edition","Ninth Edition","Ninth Edition Box Set","Tenth Edition","Duels of the Planeswalkers","Magic 2011"]},{"layout":"normal","type":"Sorcery","types":["Sorcery"],"colors":["Red"],"multiverseid":25497,"name":"Stone Rain","originalType":"Sorcery","cmc":3,"rarity":"Common","artist":"John Matson","manaCost":"{2}{R}","text":"Destroy target land.","originalText":"Destroy target land.","imageName":"stone rain","foreignNames":[{"language":"Chinese Simplified","name":"石雨"},{"language":"Chinese Traditional","name":"石雨"},{"language":"French","name":"Pluie de pierres"},{"language":"German","name":"Steinhagel"},{"language":"Italian","name":"Pioggia di Pietre"},{"language":"Japanese","name":"石の雨"},{"language":"Korean","name":"돌빗발"},{"language":"Portuguese (Brazil)","name":"Chuva de Pedra"},{"language":"Russian","name":"Камнепад"},{"language":"Spanish","name":"Lluvia de piedras"}],"legalities":{"Modern":"Legal","Kamigawa Block":"Legal","Masques Block":"Legal","Tempest Block":"Legal","Mirage Block":"Legal","Ice Age Block":"Legal","Legacy":"Legal","Vintage":"Legal","Freeform":"Legal","Prismatic":"Legal","Tribal Wars Legacy":"Legal","Singleton 100":"Legal","Commander":"Legal"},"printings":["Limited Edition Alpha","Limited Edition Beta","Unlimited Edition","Revised Edition","Fourth Edition","Ice Age","Mirage","Fifth Edition","Portal","Tempest","Portal Second Age","Classic Sixth Edition","Portal Three Kingdoms","Starter 1999","Mercadian Masques","Friday Night Magic","Starter 2000","Seventh Edition","Eighth Edition","Champions of Kamigawa","Ninth Edition"]},{"layout":"normal","supertypes":["Basic"],"type":"Basic Land — Swamp","types":["Land"],"multiverseid":25478,"name":"Swamp","subtypes":["Swamp"],"originalType":"Land","rarity":"Basic Land","artist":"Dan Frazier","originalText":"B","variations":[25479],"imageName":"swamp1","foreignNames":[{"language":"Chinese Simplified","name":"沼泽"},{"language":"Chinese Traditional","name":"沼澤"},{"language":"French","name":"Marais"},{"language":"German","name":"Sumpf"},{"language":"Italian","name":"Palude"},{"language":"Japanese","name":"沼"},{"language":"Korean","name":"늪"},{"language":"Portuguese (Brazil)","name":"Pântano"},{"language":"Russian","name":"Болото"},{"language":"Spanish","name":"Pantano"}],"legalities":{"Standard":"Legal","Modern":"Legal","Theros Block":"Legal","Return to Ravnica Block":"Legal","Innistrad Block":"Legal","Scars of Mirrodin Block":"Legal","Zendikar Block":"Legal","Shards of Alara Block":"Legal","Lorwyn-Shadowmoor Block":"Legal","Time Spiral Block":"Legal","Ravnica Block":"Legal","Kamigawa Block":"Legal","Mirrodin Block":"Legal","Onslaught Block":"Legal","Odyssey Block":"Legal","Invasion Block":"Legal","Masques Block":"Legal","Urza Block":"Legal","Tempest Block":"Legal","Mirage Block":"Legal","Ice Age Block":"Legal","Un-Sets":"Legal","Legacy":"Legal","Vintage":"Legal","Freeform":"Legal","Prismatic":"Legal","Tribal Wars Legacy":"Legal","Tribal Wars Standard":"Legal","Singleton 100":"Legal","Commander":"Legal"},"printings":["Limited Edition Alpha","Limited Edition Beta","Unlimited Edition","Revised Edition","Fourth Edition","Ice Age","Rivals Quick Start Set","Arena League","Mirage","Introductory Two-Player Set","Fifth Edition","Portal","Tempest","Judge Gift Program","Portal Second Age","Unglued","Asia Pacific Land Program","Urza's Saga","Anthologies","Classic Sixth Edition","Portal Three Kingdoms","Starter 1999","Guru","Mercadian Masques","Battle Royale Box Set","European Land Program","Starter 2000","Beatdown Box Set","Invasion","Seventh Edition","Odyssey","Deckmasters","Onslaught","Eighth Edition","Mirrodin","Champions of Kamigawa","Unhinged","Ninth Edition","Ravnica: City of Guilds","Coldsnap Theme Decks","Time Spiral","Tenth Edition","Masters Edition","Lorwyn","Shadowmoor","Shards of Alara","Duel Decks: Divine vs. Demonic","Magic 2010","Planechase","Masters Edition III","Zendikar","Duel Decks: Garruk vs. Liliana","Premium Deck Series: Slivers","Duel Decks: Phyrexia vs. the Coalition","Rise of the Eldrazi","Duels of the Planeswalkers","Archenemy","Magic 2011","Scars of Mirrodin","Mirrodin Besieged","New Phyrexia","Magic: The Gathering-Commander","Magic 2012","Duel Decks: Ajani vs. Nicol Bolas","Innistrad","Premium Deck Series: Graveborn","Avacyn Restored","Planechase 2012 Edition","Magic 2013","Duel Decks: Izzet vs. Golgari","Return to Ravnica","Duel Decks: Sorin vs. Tibalt","Magic 2014 Core Set","Theros","Commander 2013 Edition","Duel Decks: Jace vs. Vraska","Modern Event Deck 2014","Magic 2015 Core Set","Duel Decks: Speed vs. Cunning","Khans of Tarkir","Commander 2014","Fate Reforged"]},{"layout":"normal","supertypes":["Basic"],"type":"Basic Land — Swamp","types":["Land"],"multiverseid":25479,"name":"Swamp","subtypes":["Swamp"],"originalType":"Land","rarity":"Basic Land","artist":"Douglas Shuler","originalText":"B","variations":[25478],"imageName":"swamp2","foreignNames":[{"language":"Chinese Simplified","name":"沼泽"},{"language":"Chinese Traditional","name":"沼澤"},{"language":"French","name":"Marais"},{"language":"German","name":"Sumpf"},{"language":"Italian","name":"Palude"},{"language":"Japanese","name":"沼"},{"language":"Korean","name":"늪"},{"language":"Portuguese (Brazil)","name":"Pântano"},{"language":"Russian","name":"Болото"},{"language":"Spanish","name":"Pantano"}],"legalities":{"Standard":"Legal","Modern":"Legal","Theros Block":"Legal","Return to Ravnica Block":"Legal","Innistrad Block":"Legal","Scars of Mirrodin Block":"Legal","Zendikar Block":"Legal","Shards of Alara Block":"Legal","Lorwyn-Shadowmoor Block":"Legal","Time Spiral Block":"Legal","Ravnica Block":"Legal","Kamigawa Block":"Legal","Mirrodin Block":"Legal","Onslaught Block":"Legal","Odyssey Block":"Legal","Invasion Block":"Legal","Masques Block":"Legal","Urza Block":"Legal","Tempest Block":"Legal","Mirage Block":"Legal","Ice Age Block":"Legal","Un-Sets":"Legal","Legacy":"Legal","Vintage":"Legal","Freeform":"Legal","Prismatic":"Legal","Tribal Wars Legacy":"Legal","Tribal Wars Standard":"Legal","Singleton 100":"Legal","Commander":"Legal"},"printings":["Limited Edition Alpha","Limited Edition Beta","Unlimited Edition","Revised Edition","Fourth Edition","Ice Age","Rivals Quick Start Set","Arena League","Mirage","Introductory Two-Player Set","Fifth Edition","Portal","Tempest","Judge Gift Program","Portal Second Age","Unglued","Asia Pacific Land Program","Urza's Saga","Anthologies","Classic Sixth Edition","Portal Three Kingdoms","Starter 1999","Guru","Mercadian Masques","Battle Royale Box Set","European Land Program","Starter 2000","Beatdown Box Set","Invasion","Seventh Edition","Odyssey","Deckmasters","Onslaught","Eighth Edition","Mirrodin","Champions of Kamigawa","Unhinged","Ninth Edition","Ravnica: City of Guilds","Coldsnap Theme Decks","Time Spiral","Tenth Edition","Masters Edition","Lorwyn","Shadowmoor","Shards of Alara","Duel Decks: Divine vs. Demonic","Magic 2010","Planechase","Masters Edition III","Zendikar","Duel Decks: Garruk vs. Liliana","Premium Deck Series: Slivers","Duel Decks: Phyrexia vs. the Coalition","Rise of the Eldrazi","Duels of the Planeswalkers","Archenemy","Magic 2011","Scars of Mirrodin","Mirrodin Besieged","New Phyrexia","Magic: The Gathering-Commander","Magic 2012","Duel Decks: Ajani vs. Nicol Bolas","Innistrad","Premium Deck Series: Graveborn","Avacyn Restored","Planechase 2012 Edition","Magic 2013","Duel Decks: Izzet vs. Golgari","Return to Ravnica","Duel Decks: Sorin vs. Tibalt","Magic 2014 Core Set","Theros","Commander 2013 Edition","Duel Decks: Jace vs. Vraska","Modern Event Deck 2014","Magic 2015 Core Set","Duel Decks: Speed vs. Cunning","Khans of Tarkir","Commander 2014","Fate Reforged"]},{"layout":"normal","type":"Instant","types":["Instant"],"colors":["Black"],"multiverseid":25504,"name":"Terror","originalType":"Instant","cmc":2,"rarity":"Common","artist":"Ron Spencer","manaCost":"{1}{B}","text":"Destroy target nonartifact, nonblack creature. It can't be regenerated.","originalText":"Destroy target nonartifact, nonblack creature. It can't be regenerated.","imageName":"terror","foreignNames":[{"language":"Chinese Traditional","name":"驚駭"},{"language":"Chinese Simplified","name":"惊骇"},{"language":"French","name":"Terreur"},{"language":"Italian","name":"Terrore"},{"language":"Japanese","name":"恐怖"},{"language":"Russian","name":"Террор"}],"legalities":{"Modern":"Legal","Mirrodin Block":"Legal","Legacy":"Legal","Vintage":"Legal","Freeform":"Legal","Prismatic":"Legal","Tribal Wars Legacy":"Legal","Singleton 100":"Legal","Commander":"Legal"},"printings":["Limited Edition Alpha","Limited Edition Beta","Unlimited Edition","Revised Edition","Fourth Edition","Rivals Quick Start Set","Introductory Two-Player Set","Fifth Edition","Anthologies","Classic Sixth Edition","Battle Royale Box Set","Friday Night Magic","Starter 2000","Beatdown Box Set","Magic Player Rewards","Mirrodin","Tenth Edition","Duels of the Planeswalkers","Masters Edition IV"]},{"layout":"normal","type":"Sorcery","types":["Sorcery"],"colors":["Blue"],"multiverseid":25462,"name":"Time Ebb","originalType":"Sorcery","cmc":3,"rarity":"Common","artist":"Alan Rabinowitz","manaCost":"{2}{U}","text":"Put target creature on top of its owner's library.","originalText":"Put target creature on top of its owner's library.","flavor":"Like the tide, time both ebbs and flows.","imageName":"time ebb","foreignNames":[{"language":"Chinese Traditional","name":"時光退潮"},{"language":"Chinese Simplified","name":"时光退潮"},{"language":"French","name":"Temps du jusant"},{"language":"German","name":"Zeitebbe"},{"language":"Italian","name":"Riflusso Temporale"},{"language":"Japanese","name":"時の引き潮"},{"language":"Korean","name":"시간의 썰물"},{"language":"Portuguese (Brazil)","name":"Refluxo do Tempo"},{"language":"Portuguese","name":"Refluxo do Tempo"},{"language":"Russian","name":"Временной отлив"},{"language":"Spanish","name":"La compensación del tiempo"}],"legalities":{"Modern":"Legal","Tempest Block":"Legal","Legacy":"Legal","Vintage":"Legal","Freeform":"Legal","Prismatic":"Legal","Tribal Wars Legacy":"Legal","Tribal Wars Standard":"Legal","Singleton 100":"Legal","Commander":"Legal"},"printings":["Portal","Tempest","Portal Second Age","Starter 1999","Starter 2000","Ninth Edition","Magic 2014 Core Set"]},{"layout":"normal","type":"Creature — Orgg","types":["Creature"],"colors":["Red"],"multiverseid":25494,"name":"Trained Orgg","subtypes":["Orgg"],"originalType":"Creature — Beast","cmc":7,"rarity":"Rare","artist":"Eric Peterson","power":"6","toughness":"6","manaCost":"{6}{R}","flavor":"All orggs know how to kill; training teaches them what to kill.","imageName":"trained orgg","foreignNames":[{"language":"French","name":"Orgg dressé"},{"language":"German","name":"Trainierter Orgg"}],"legalities":{"Legacy":"Legal","Vintage":"Legal","Freeform":"Legal","Prismatic":"Legal","Tribal Wars Legacy":"Legal","Singleton 100":"Legal","Commander":"Legal"},"printings":["Starter 1999","Starter 2000","Seventh Edition"]},{"layout":"normal","type":"Creature — Human Monk Cleric","types":["Creature"],"colors":["White"],"multiverseid":25515,"name":"Venerable Monk","subtypes":["Human","Monk","Cleric"],"originalType":"Creature — Cleric","cmc":3,"rarity":"Common","artist":"D. Alexander Gregory","power":"2","toughness":"2","manaCost":"{2}{W}","text":"When Venerable Monk enters the battlefield, you gain 2 life.","originalText":"When Venerable Monk comes into play, you gain 2 life.","flavor":"His presence brings not only a strong arm but also renewed hope.","imageName":"venerable monk","foreignNames":[{"language":"Chinese Simplified","name":"可敬的修行僧"},{"language":"Chinese Traditional","name":"可敬的修行僧"},{"language":"French","name":"Moine vénérable"},{"language":"German","name":"Ehrwürdiger Mönch"},{"language":"Italian","name":"Monaco Venerabile"},{"language":"Japanese","name":"ありがたい老修道士"},{"language":"Portuguese (Brazil)","name":"Monge Venerável"},{"language":"Russian","name":"Почтенный монах"},{"language":"Spanish","name":"Monje venerable"}],"legalities":{"Modern":"Legal","Tempest Block":"Legal","Legacy":"Legal","Vintage":"Legal","Freeform":"Legal","Prismatic":"Legal","Tribal Wars Legacy":"Legal","Singleton 100":"Legal","Commander":"Legal"},"printings":["Portal","Stronghold","Classic Sixth Edition","Starter 1999","Starter 2000","Seventh Edition","Eighth Edition","Ninth Edition","Tenth Edition","Duel Decks: Divine vs. Demonic"]},{"layout":"normal","type":"Creature — Rabbit Beast","types":["Creature"],"colors":["Blue"],"multiverseid":25463,"name":"Vizzerdrix","subtypes":["Rabbit","Beast"],"originalType":"Creature — Beast","cmc":7,"rarity":"Rare","artist":"Eric Peterson","power":"6","toughness":"6","manaCost":"{6}{U}","flavor":"Its swamp cousin may be meaner, but the vizzerdrix is much bigger.","imageName":"vizzerdrix","legalities":{"Modern":"Legal","Legacy":"Legal","Vintage":"Legal","Freeform":"Legal","Prismatic":"Legal","Tribal Wars Legacy":"Legal","Singleton 100":"Legal","Commander":"Legal"},"printings":["Starter 1999","Starter 2000","Seventh Edition","Eighth Edition","Eighth Edition Box Set","Ninth Edition","Ninth Edition Box Set"]},{"layout":"normal","type":"Creature — Griffin","types":["Creature"],"colors":["White"],"multiverseid":25449,"name":"Wild Griffin","subtypes":["Griffin"],"originalType":"Creature — Griffin","cmc":3,"rarity":"Common","artist":"Jeff Miracola","power":"2","toughness":"2","manaCost":"{2}{W}","text":"Flying","originalText":"Flying","flavor":"Two little goblins, out in the sun. Down came a griffin, and then there was one.","imageName":"wild griffin","foreignNames":[{"language":"Chinese Traditional","name":"野生獅鷲"},{"language":"Chinese Simplified","name":"野生狮鹫"},{"language":"French","name":"Griffon sauvage"},{"language":"German","name":"Wildgreif"},{"language":"Italian","name":"Grifone Selvaggio"},{"language":"Japanese","name":"野生のグリフィン"},{"language":"Portuguese (Brazil)","name":"Grifo Selvagem"},{"language":"Russian","name":"Дикий Грифон"},{"language":"Spanish","name":"Grifo salvaje"}],"legalities":{"Modern":"Legal","Legacy":"Legal","Vintage":"Legal","Freeform":"Legal","Prismatic":"Legal","Tribal Wars Legacy":"Legal","Singleton 100":"Legal","Commander":"Legal"},"printings":["Portal Second Age","Starter 1999","Starter 2000","Tenth Edition","Magic 2011","Masters Edition IV"]},{"layout":"normal","type":"Creature — Elf","types":["Creature"],"colors":["Green"],"multiverseid":25484,"name":"Willow Elf","subtypes":["Elf"],"originalType":"Creature — Elf","cmc":1,"rarity":"Common","artist":"DiTerlizzi","power":"1","toughness":"1","manaCost":"{G}","flavor":"The forest lives in the elf as the elf lives in the forest.","imageName":"willow elf","legalities":{"Legacy":"Legal","Vintage":"Legal","Commander":"Legal"},"printings":["Starter 1999","Starter 2000"]},{"layout":"normal","type":"Creature — Drake","types":["Creature"],"colors":["Blue"],"multiverseid":25448,"name":"Wind Drake","subtypes":["Drake"],"originalType":"Creature — Drake","cmc":3,"rarity":"Common","artist":"Zina Saunders","power":"2","toughness":"2","manaCost":"{2}{U}","text":"Flying","originalText":"Flying","flavor":"\"No bird soars too high, if he soars with his own wings.\"\n—William Blake,\nThe Marriage of Heaven and Hell","imageName":"wind drake","foreignNames":[{"language":"Chinese Simplified","name":"风龙兽"},{"language":"Chinese Traditional","name":"風龍獸"},{"language":"French","name":"Drakôn des vents"},{"language":"German","name":"Windsceada"},{"language":"Italian","name":"Draghetto del Vento"},{"language":"Japanese","name":"風のドレイク"},{"language":"Korean","name":"바람의 드레이크"},{"language":"Portuguese (Brazil)","name":"Dragonete do Vento"},{"language":"Russian","name":"Ветряной дрейк"},{"language":"Spanish","name":"Draco del viento"}],"legalities":{"Modern":"Legal","Return to Ravnica Block":"Legal","Tempest Block":"Legal","Legacy":"Legal","Vintage":"Legal","Freeform":"Legal","Prismatic":"Legal","Tribal Wars Legacy":"Legal","Tribal Wars Standard":"Legal","Singleton 100":"Legal","Commander":"Legal"},"printings":["Portal","Tempest","Classic Sixth Edition","Starter 1999","Battle Royale Box Set","Starter 2000","Seventh Edition","Eighth Edition","Ninth Edition","Magic 2010","Magic 2013","Dragon's Maze"]}]}