{"name":"Unglued","code":"UGL","gathererCode":"UG","releaseDate":"1998-08-11","border":"silver","type":"un","booster":["rare","uncommon","uncommon","common","common","common","common","common","common","land"],"cards":[{"layout":"normal","type":"Artifact","types":["Artifact"],"multiverseid":9769,"name":"Ashnod's Coupon","originalType":"Artifact","cmc":0,"rarity":"Rare","artist":"Edward P. Beard, Jr.","manaCost":"{0}","text":"{T}, Sacrifice Ashnod's Coupon: Target player gets you target drink.\nErrata: You pay any costs for the drink.","originalText":"{T}, Sacrifice Ashnod's Coupon: Target player gets you target drink.\nErrata: You pay any costs for the drink.","flavor":"Limited time offer. Void where prohibited. Limit one per purchase. Valid only in participating duels. This coupon is nontransferable and invalid if shattered, crumbled, detonated, pillaged, or otherwise disenchanted. Cash value less than 1/20 of a cent. Offer not valid in Quebec, Rhode Island, or where prohibited by law or the DCI.","number":"69","imageName":"ashnod's coupon","legalities":{"Un-Sets":"Legal"},"printings":["Arena League","Unglued"]},{"layout":"normal","type":"Summon — The Biggest, Baddest, Nastiest,","types":["Summon"],"multiverseid":9780,"names":["B.F.M. (Big Furry Monster)","B.F.M. (Big Furry Monster)"],"name":"B.F.M. (Big Furry Monster)","subtypes":["The","Biggest,","Baddest,","Nastiest,"],"originalType":"Summon — The Biggest, Baddest, Nastiest,","rarity":"Rare","artist":"Douglas Shuler","text":"You must play both B.F.M. cards to put\nleaves play, sacrifice the other.\nB.F.M. can be blocked only by three or","originalText":"You must play both B.F.M. cards to put\nleaves play, sacrifice the other.\nB.F.M. can be blocked only by three or","flavor":"\"It was big. Really, really big. No, bigger\nNo, more. Look, we're talking krakens and","number":"28","imageName":"b.f.m. 1","legalities":{"Un-Sets":"Legal"},"printings":["Unglued"]},{"layout":"normal","type":"Scariest Creature You'll Ever See","types":["Scariest","Creature","You'll","Ever","See"],"colors":["Black"],"multiverseid":9844,"names":["B.F.M. (Big Furry Monster)","B.F.M. (Big Furry Monster)"],"name":"B.F.M. (Big Furry Monster)","originalType":"Scariest Creature You'll Ever See","cmc":15,"rarity":"Rare","artist":"Douglas Shuler","power":"99","toughness":"99","manaCost":"{B}{B}{B}{B}{B}{B}{B}{B}{B}{B}{B}{B}{B}{B}{B}","text":"B.F.M. into play. If either B.F.M. card\nmore creatures.","originalText":"B.F.M. into play. If either B.F.M. card\nmore creatures.","flavor":"than that. Even bigger. Keep going. More.\ndreadnoughts for jewelry. It was big\"\n—Arna Kennerüd, skyknight","number":"29","imageName":"b.f.m. 2","legalities":{"Un-Sets":"Legal"},"printings":["Unglued"]},{"layout":"normal","type":"Artifact","types":["Artifact"],"multiverseid":9764,"name":"Blacker Lotus","originalType":"Artifact","cmc":0,"rarity":"Rare","artist":"Christopher Rush","manaCost":"{0}","text":"{T}: Tear Blacker Lotus into pieces. Add four mana of any one color to your mana pool. Play this ability as a mana source. Remove the pieces from the game afterwards.","originalText":"{T}: Tear Blacker Lotus into pieces. Add four mana of any one color to your mana pool. Play this ability as a mana source. Remove the pieces from the game afterwards.","number":"70","imageName":"blacker lotus","legalities":{"Un-Sets":"Legal"},"printings":["Unglued"]},{"layout":"normal","type":"Artifact","types":["Artifact"],"multiverseid":9730,"name":"Bronze Calendar","originalType":"Artifact","cmc":4,"rarity":"Uncommon","artist":"Melissa A. Benson","manaCost":"{4}","text":"Your spells cost {1} less to play as long as you speak in a voice other than your normal voice.\nIf you speak in your normal voice, sacrifice Bronze Calendar.","originalText":"Your spells cost {1} less to play as long as you speak in a voice other than your normal voice.\nIf you speak in your normal voice, sacrifice Bronze Calendar.","flavor":"Every page holds a month, every date a numeral.","number":"71","imageName":"bronze calendar","legalities":{"Un-Sets":"Legal"},"printings":["Unglued"]},{"layout":"normal","type":"Enchantment","types":["Enchantment"],"colors":["Blue"],"multiverseid":9778,"name":"Bureaucracy","originalType":"Enchantment","cmc":5,"rarity":"Rare","artist":"Mark Zug","manaCost":"{3}{U}{U}","text":"Pursuant to subsection 3.1(4) of Richard's Rules of Order, during the upkeep of each participant in this game of the Magic: The Gathering® trading card game (hereafter known as \"PLAYER\"), that PLAYER performs all actions in the sequence of previously added actions (hereafter known as \"ACTION QUEUE\"), in the order those actions were added, then adds another action to the end of the ACTION QUEUE. All actions must be simple physical or verbal actions that a player can perform while sitting in a chair, without jeopardizing the health and security of said PLAYER.\nIf any PLAYER does not perform all the prescribed actions in the correct order, sacrifice Bureaucracy and said PLAYER discards his or her complement of cards in hand (hereafter known as \"HAND\").","originalText":"Pursuant to subsection 3.1(4) of Richard's Rules of Order, during the upkeep of each participant in this game of the Magic: The Gathering® trading card game (hereafter known as \"PLAYER\"), that PLAYER performs all actions in the sequence of previously added actions (hereafter known as \"ACTION QUEUE\"), in the order those actions were added, then adds another action to the end of the ACTION QUEUE. All actions must be simple physical or verbal actions that a player can perform while sitting in a chair, without jeopardizing the health and security of said PLAYER.\nIf any PLAYER does not perform all the prescribed actions in the correct order, sacrifice Bureaucracy and said PLAYER discards his or her complement of cards in hand (hereafter known as \"HAND\").","number":"14","imageName":"bureaucracy","legalities":{"Un-Sets":"Legal"},"printings":["Unglued"]},{"layout":"normal","type":"Enchantment","types":["Enchantment"],"colors":["Red"],"multiverseid":9783,"name":"Burning Cinder Fury of Crimson Chaos Fire","originalType":"Enchantment","cmc":4,"rarity":"Rare","artist":"Richard Kane Ferguson","manaCost":"{3}{R}","text":"Whenever any player taps a card, that player gives control of that card to an opponent at end of turn.\nIf a player does not tap any nonland cards during his or her turn, Burning Cinder Fury of Crimson Chaos Fire deals 3 damage to that player at end of turn.","originalText":"Whenever any player taps a card, that player gives control of that card to an opponent at end of turn.\nIf a player does not tap any nonland cards during his or her turn, Burning Cinder Fury of Crimson Chaos Fire deals 3 damage to that player at end of turn.","number":"40","imageName":"burning cinder fury of crimson chaos fire","legalities":{"Un-Sets":"Legal"},"printings":["Unglued"]},{"layout":"normal","type":"Enchant Creature","types":["Enchant","Creature"],"colors":["Green"],"multiverseid":9762,"name":"Cardboard Carapace","originalType":"Enchant Creature","cmc":6,"rarity":"Rare","artist":"Douglas Shuler","manaCost":"{5}{G}","text":"For each other Cardboard Carapace card you have with you, enchanted creature gets +1/+1.\nErrata: This does not count any Cardboard Carapace cards in play that you control or in your graveyard, hand, or library.","originalText":"For each other Cardboard Carapace card you have with you, enchanted creature gets +1/+1.\nErrata: This does not count any Cardboard Carapace cards in play that you control or in your graveyard, hand, or library.","flavor":". . .  that exciting  . . .  about  . . .","number":"54","imageName":"cardboard carapace","legalities":{"Un-Sets":"Legal"},"printings":["Unglued"]},{"layout":"normal","type":"Enchantment","types":["Enchantment"],"colors":["Blue"],"multiverseid":9747,"name":"Censorship","originalType":"Enchantment","cmc":1,"rarity":"Uncommon","artist":"Kaja Foglio","manaCost":"{U}","text":"When Censorship comes into play, choose a CENSORED word.\nWhenever any CENSORED player says the chosen CENSORED word, Censorship deals 2 CENSORED damage to him or her.","originalText":"When Censorship comes into play, choose a CENSORED word.\nWhenever any CENSORED player says the chosen CENSORED word, Censorship deals 2 CENSORED damage to him or her.","flavor":"Editor's note: There were no suitable flavor text submissions for this card.","number":"15","imageName":"censorship","legalities":{"Un-Sets":"Legal"},"printings":["Unglued"]},{"layout":"normal","type":"Artifact","types":["Artifact"],"multiverseid":5712,"name":"Chaos Confetti","originalType":"Artifact","cmc":4,"rarity":"Common","artist":"Mark Tedin","manaCost":"{4}","text":"{4}, {T}: Tear Chaos Confetti into pieces. Throw the pieces onto the playing area from a distance of at least five feet. Destroy each card in play that a piece touches. Remove the pieces from the game afterwards.","originalText":"{4}, {T}: Tear Chaos Confetti into pieces. Throw the pieces onto the playing area from a distance of at least five feet. Destroy each card in play that a piece touches. Remove the pieces from the game afterwards.","flavor":"And you thought that was just an urban legend.","number":"72","imageName":"chaos confetti","legalities":{"Un-Sets":"Legal"},"printings":["Unglued"]},{"layout":"normal","type":"Enchant Player","types":["Enchant","Player"],"colors":["White"],"multiverseid":9741,"name":"Charm School","originalType":"Enchant Player","cmc":3,"rarity":"Uncommon","artist":"Kaja Foglio","manaCost":"{2}{W}","text":"When Charm School comes into play, choose a color and balance Charm School on your head.\nPrevent all damage to you of the chosen color.\nIf Charm School falls off your head, sacrifice Charm School.","originalText":"When Charm School comes into play, choose a color and balance Charm School on your head.\nPrevent all damage to you of the chosen color.\nIf Charm School falls off your head, sacrifice Charm School.","number":"1","imageName":"charm school","legalities":{"Un-Sets":"Legal"},"printings":["Unglued"]},{"layout":"normal","type":"Enchantment","types":["Enchantment"],"colors":["Blue"],"multiverseid":9746,"name":"Checks and Balances","originalType":"Enchantment","cmc":3,"rarity":"Uncommon","artist":"David A. Cherry","manaCost":"{2}{U}","text":"Whenever any spell is played, counter that spell if each player, other than the caster and his or her teammates, agrees to choose and discard a card. Those players must discard those cards after agreeing.\nChecks and Balances may be played only in a game with three or more players.","originalText":"Whenever any spell is played, counter that spell if each player, other than the caster and his or her teammates, agrees to choose and discard a card. Those players must discard those cards after agreeing.\nChecks and Balances may be played only in a game with three or more players.","number":"16","imageName":"checks and balances","legalities":{"Un-Sets":"Legal"},"printings":["Unglued"]},{"layout":"normal","type":"Summon — Chicken","types":["Summon"],"colors":["Blue"],"multiverseid":9749,"name":"Chicken à la King","subtypes":["Chicken"],"originalType":"Summon — Chicken","cmc":3,"rarity":"Rare","artist":"Mark Zug","power":"2","toughness":"2","manaCost":"{1}{U}{U}","text":"Whenever a 6 is rolled on a six-sided die, put a +1/+1 counter on each Chicken in play. (You may roll dice only when a card instructs you to.)\nTap a Chicken you control: Roll a six-sided die.","originalText":"Whenever a 6 is rolled on a six-sided die, put a +1/+1 counter on each Chicken in play. (You may roll dice only when a card instructs you to.)\nTap a Chicken you control: Roll a six-sided die.","flavor":"During the Chicken Revolution, the king managed to keep his head while the others—well, just ran around.","number":"17","imageName":"chicken a la king","legalities":{"Un-Sets":"Legal"},"printings":["Unglued"]},{"layout":"normal","type":"Summon — Egg","types":["Summon"],"colors":["Red"],"multiverseid":9667,"name":"Chicken Egg","subtypes":["Egg"],"originalType":"Summon — Egg","cmc":2,"rarity":"Common","artist":"Christopher Rush","power":"0","toughness":"1","manaCost":"{1}{R}","text":"During your upkeep, roll a six-sided die. On a 6, sacrifice Chicken Egg and put a Giant Chicken token into play. Treat this token as a 4/4 red creature that counts as a Chicken.","originalText":"During your upkeep, roll a six-sided die. On a 6, sacrifice Chicken Egg and put a Giant Chicken token into play. Treat this token as a 4/4 red creature that counts as a Chicken.","flavor":"\"That's a lotta nuggets.\"\n—Jaya Ballard, task mage","number":"41","imageName":"chicken egg","legalities":{"Un-Sets":"Legal"},"printings":["Unglued"]},{"layout":"normal","type":"Summon — Clamfolk","types":["Summon"],"colors":["Blue"],"multiverseid":5824,"name":"Clam Session","subtypes":["Clamfolk"],"originalType":"Summon — Clamfolk","cmc":3,"rarity":"Common","artist":"Randy Elliott","power":"2","toughness":"5","manaCost":"{1}{U}{U}","text":"When Clam Session comes into play, choose a word. \nDuring your upkeep, sing at least six words of a song, one of which must be the chosen word, or sacrifice Clam Session. You cannot repeat a song.","originalText":"When Clam Session comes into play, choose a word. \nDuring your upkeep, sing at least six words of a song, one of which must be the chosen word, or sacrifice Clam Session. You cannot repeat a song.","flavor":"\"Duke, Duke, Duke, Duke of Pearl . . . .\"","number":"20","imageName":"clam session","legalities":{"Un-Sets":"Legal"},"printings":["Unglued"]},{"layout":"normal","type":"Summon — Clamfolk","types":["Summon"],"colors":["Blue"],"multiverseid":5770,"name":"Clam-I-Am","subtypes":["Clamfolk"],"originalType":"Summon — Clamfolk","cmc":3,"rarity":"Common","artist":"Randy Elliott","power":"2","toughness":"2","manaCost":"{2}{U}","text":"Whenever you roll a 3 on a six-sided die, you may reroll that die.","originalText":"Whenever you roll a 3 on a six-sided die, you may reroll that die.","flavor":"The Clams down in Clamville\nAll scootered and skittled—\n\"The three is no more!\"\nThe Clam fiddler fiddled.","number":"19","imageName":"clam-i-am","legalities":{"Un-Sets":"Legal"},"printings":["Unglued"]},{"layout":"normal","type":"Summon — Clamfolk","types":["Summon"],"colors":["Blue"],"multiverseid":5763,"name":"Clambassadors","subtypes":["Clamfolk"],"originalType":"Summon — Clamfolk","cmc":4,"rarity":"Common","artist":"Randy Elliott","power":"4","toughness":"4","manaCost":"{3}{U}","text":"If Clambassadors damages any player, choose an artifact, creature, or land you control. That player gains control of that artifact, creature, or land.","originalText":"If Clambassadors damages any player, choose an artifact, creature, or land you control. That player gains control of that artifact, creature, or land.","flavor":"\"Sorry we shelled your village—here's some gold.\"","number":"18","imageName":"clambassadors","legalities":{"Un-Sets":"Legal"},"printings":["Unglued"]},{"layout":"normal","type":"Artifact Creature","types":["Artifact","Creature"],"multiverseid":9766,"name":"Clay Pigeon","originalType":"Artifact Creature","cmc":3,"rarity":"Uncommon","artist":"D. Alexander Gregory","power":"1","toughness":"1","manaCost":"{3}","text":"Flying\n{1}, Throw Clay Pigeon into the air at least two feet above your head while seated, Attempt to catch it with one hand: If you catch Clay Pigeon, prevent all damage to you from any one source and return Clay Pigeon to play, tapped. Otherwise, sacrifice it.","originalText":"Flying\n{1}, Throw Clay Pigeon into the air at least two feet above your head while seated, Attempt to catch it with one hand: If you catch Clay Pigeon, prevent all damage to you from any one source and return Clay Pigeon to play, tapped. Otherwise, sacrifice it.","number":"73","imageName":"clay pigeon","legalities":{"Un-Sets":"Legal"},"printings":["Unglued"]},{"layout":"normal","type":"Enchantment","types":["Enchantment"],"colors":["Blue"],"multiverseid":9748,"name":"Common Courtesy","originalType":"Enchantment","cmc":4,"rarity":"Uncommon","artist":"Mike Raabe","manaCost":"{2}{U}{U}","text":"Counter any spell unless its caster asks your permission to play that spell. If you refuse permission, Sacrifice Common Courtesy and counter the spell.","originalText":"Counter any spell unless its caster asks your permission to play that spell. If you refuse permission, Sacrifice Common Courtesy and counter the spell.","flavor":"\"You didn't say the Magic word.\"","number":"21","imageName":"common courtesy","legalities":{"Un-Sets":"Legal"},"printings":["Unglued"]},{"layout":"normal","type":"Summon — Zombie","types":["Summon"],"colors":["Black"],"multiverseid":5839,"name":"Deadhead","subtypes":["Zombie"],"originalType":"Summon — Zombie","cmc":4,"rarity":"Common","artist":"Daren Bader","power":"3","toughness":"3","manaCost":"{3}{B}","text":"Put Deadhead into play. Use this ability only if any opponent loses contact with his or her hand of cards and only if Deadhead is in your graveyard.","originalText":"Put Deadhead into play. Use this ability only if any opponent loses contact with his or her hand of cards and only if Deadhead is in your graveyard.","flavor":"\"I'm back from the Dead,\" the zombie moaned. \"And they were far out, man.\"","number":"30","imageName":"deadhead","legalities":{"Un-Sets":"Legal"},"printings":["Unglued"]},{"layout":"normal","type":"Interrupt","types":["Interrupt"],"colors":["Blue"],"multiverseid":5800,"name":"Denied!","originalType":"Interrupt","cmc":1,"rarity":"Common","artist":"Quinton Hoover","manaCost":"{U}","text":"Play Denied only as any opponent casts target spell. Name a card, then look at all cards in that player's hand. If the named card is in the player's hand, counter target spell.","originalText":"Play Denied only as any opponent casts target spell. Name a card, then look at all cards in that player's hand. If the named card is in the player's hand, counter target spell.","flavor":"\"Don't worry about it. It happens to every mage sooner or later.\"","number":"22","imageName":"denied!","legalities":{"Un-Sets":"Legal"},"printings":["Unglued"]},{"layout":"normal","type":"Sorcery","types":["Sorcery"],"colors":["Black"],"multiverseid":5846,"name":"Double Cross","originalType":"Sorcery","cmc":5,"rarity":"Common","artist":"Jeff Laubenstein","manaCost":"{3}{B}{B}","text":"Choose another player. Look at that player's hand and choose one of those cards other than a basic land. He or she discards that card. At the beginning of the next game with the player, look at the player's hand and choose one of those cards other than a basic land. He or she discards that card.","originalText":"Choose another player. Look at that player's hand and choose one of those cards other than a basic land. He or she discards that card. At the beginning of the next game with the player, look at the player's hand and choose one of those cards other than a basic land. He or she discards that card.","flavor":"\"You're in for a nasty butt-kickin'.\"","number":"31","imageName":"double cross","legalities":{"Un-Sets":"Legal"},"printings":["Unglued"]},{"layout":"normal","type":"Sorcery","types":["Sorcery"],"colors":["Red"],"multiverseid":8812,"name":"Double Deal","originalType":"Sorcery","cmc":5,"rarity":"Common","artist":"Edward P. Beard, Jr.","manaCost":"{4}{R}","text":"Choose another player. Double Deal deals 3 damage to that player now and deals an additional 3 damage to the player at the beginning of the next game with the player.","originalText":"Choose another player. Double Deal deals 3 damage to that player now and deals an additional 3 damage to the player at the beginning of the next game with the player.","flavor":"\"I'm facing defeat, . . .\"","number":"42","imageName":"double deal","legalities":{"Un-Sets":"Legal"},"printings":["Unglued"]},{"layout":"normal","type":"Instant","types":["Instant"],"colors":["White"],"multiverseid":5726,"name":"Double Dip","originalType":"Instant","cmc":5,"rarity":"Common","artist":"D. Alexander Gregory","manaCost":"{4}{W}","text":"Choose another player. Gain 5 life now and an additional 5 life at the beginning of the next game with that player.","originalText":"Choose another player. Gain 5 life now and an additional 5 life at the beginning of the next game with that player.","flavor":"In a duel and taking a lickin' . . .","number":"3","imageName":"double dip","legalities":{"Un-Sets":"Legal"},"printings":["Unglued"]},{"layout":"normal","type":"Sorcery","types":["Sorcery"],"colors":["Green"],"multiverseid":9895,"name":"Double Play","originalType":"Sorcery","cmc":5,"rarity":"Common","artist":"Claymore J. Flapdoodle","manaCost":"{3}{G}{G}","text":"Choose another player. Search your library for a basic land and put that land into play. At the beginning of the next game with that player, search your library for an additional basic land and put that land into play. In both cases, shuffle your library afterwards.","originalText":"Choose another player. Search your library for a basic land and put that land into play. At the beginning of the next game with that player, search your library for an additional basic land and put that land into play. In both cases, shuffle your library afterwards.","flavor":"The wizard exclaimed, \"I'm no chicken . . . .\"","number":"55","imageName":"double play","legalities":{"Un-Sets":"Legal"},"printings":["Unglued"]},{"layout":"normal","type":"Instant","types":["Instant"],"colors":["Blue"],"multiverseid":9894,"name":"Double Take","originalType":"Instant","cmc":5,"rarity":"Common","artist":"Claymore J. Flapdoodle","manaCost":"{3}{U}{U}","text":"Choose another player. Draw two cards now and draw an additional two cards at the beginning of the next game with that player.","originalText":"Choose another player. Draw two cards now and draw an additional two cards at the beginning of the next game with that player.","flavor":"\"But next time we meet, . . .\"","number":"23","imageName":"double take","legalities":{"Un-Sets":"Legal"},"printings":["Unglued"]},{"layout":"normal","type":"Summon — Elves","types":["Summon"],"colors":["Green"],"multiverseid":9669,"name":"Elvish Impersonators","subtypes":["Elves"],"originalType":"Summon — Elves","cmc":4,"rarity":"Common","artist":"Claymore J. Flapdoodle","power":"*","toughness":"*","manaCost":"{3}{G}","text":"When you play Elvish Impersonators, roll two six-sided dice one after the other. Elvish Impersonators comes into play with power equal to the first die roll and toughness equal to the second.","originalText":"When you play Elvish Impersonators, roll two six-sided dice one after the other. Elvish Impersonators comes into play with power equal to the first die roll and toughness equal to the second.","flavor":"\"Uh-hunh.\"","number":"56","imageName":"elvish impersonators","legalities":{"Un-Sets":"Legal"},"printings":["Unglued"]},{"layout":"normal","type":"Sorcery","types":["Sorcery"],"colors":["Green"],"multiverseid":9759,"name":"Flock of Rabid Sheep","originalType":"Sorcery","cmc":2,"rarity":"Uncommon","artist":"Anthony S. Waters","manaCost":"{X}{G}{G}","text":"Flip X coins; an opponent calls heads or tails. For each flip you win, put a Rabid Sheep token into play. Treat these tokens as 2/2 green creatures that count as Sheep.","originalText":"Flip X coins; an opponent calls heads or tails. For each flip you win, put a Rabid Sheep token into play. Treat these tokens as 2/2 green creatures that count as Sheep.","flavor":"And their bleating was like a wet salmon slapped upon the land—slap! slap! slap!","number":"57","imageName":"flock of rabid sheep","legalities":{"Un-Sets":"Legal"},"printings":["Unglued"]},{"layout":"normal","supertypes":["Basic"],"type":"Basic Land — Forest","types":["Land"],"multiverseid":9683,"name":"Forest","subtypes":["Forest"],"originalType":"Land","rarity":"Basic Land","artist":"Terese Nielsen","originalText":"G","number":"88","imageName":"forest","foreignNames":[{"language":"Chinese Simplified","name":"树林"},{"language":"Chinese Traditional","name":"樹林"},{"language":"French","name":"Forêt"},{"language":"German","name":"Wald"},{"language":"Italian","name":"Foresta"},{"language":"Japanese","name":"森"},{"language":"Korean","name":"숲"},{"language":"Portuguese (Brazil)","name":"Floresta"},{"language":"Russian","name":"Лес"},{"language":"Spanish","name":"Bosque"}],"legalities":{"Standard":"Legal","Modern":"Legal","Theros Block":"Legal","Return to Ravnica Block":"Legal","Innistrad Block":"Legal","Scars of Mirrodin Block":"Legal","Zendikar Block":"Legal","Shards of Alara Block":"Legal","Lorwyn-Shadowmoor Block":"Legal","Time Spiral Block":"Legal","Ravnica Block":"Legal","Kamigawa Block":"Legal","Mirrodin Block":"Legal","Onslaught Block":"Legal","Odyssey Block":"Legal","Invasion Block":"Legal","Masques Block":"Legal","Urza Block":"Legal","Tempest Block":"Legal","Mirage Block":"Legal","Ice Age Block":"Legal","Un-Sets":"Legal","Legacy":"Legal","Vintage":"Legal","Freeform":"Legal","Prismatic":"Legal","Tribal Wars Legacy":"Legal","Tribal Wars Standard":"Legal","Singleton 100":"Legal","Commander":"Legal"},"printings":["Limited Edition Alpha","Limited Edition Beta","Unlimited Edition","Revised Edition","Fourth Edition","Ice Age","Rivals Quick Start Set","Arena League","Mirage","Introductory Two-Player Set","Fifth Edition","Portal","Tempest","Judge Gift Program","Portal Second Age","Unglued","Asia Pacific Land Program","Urza's Saga","Anthologies","Classic Sixth Edition","Portal Three Kingdoms","Starter 1999","Guru","Mercadian Masques","Battle Royale Box Set","European Land Program","Starter 2000","Beatdown Box Set","Invasion","Seventh Edition","Odyssey","Deckmasters","Onslaught","Eighth Edition","Mirrodin","Champions of Kamigawa","Unhinged","Ninth Edition","Ravnica: City of Guilds","Coldsnap Theme Decks","Time Spiral","Tenth Edition","Masters Edition","Lorwyn","Duel Decks: Elves vs. Goblins","Shadowmoor","Shards of Alara","Magic 2010","Planechase","Masters Edition III","Zendikar","Duel Decks: Garruk vs. Liliana","Premium Deck Series: Slivers","Duel Decks: Phyrexia vs. the Coalition","Rise of the Eldrazi","Duels of the Planeswalkers","Archenemy","Magic 2011","Scars of Mirrodin","Mirrodin Besieged","Duel Decks: Knights vs. Dragons","New Phyrexia","Magic: The Gathering-Commander","Magic 2012","Duel Decks: Ajani vs. Nicol Bolas","Innistrad","Avacyn Restored","Planechase 2012 Edition","Magic 2013","Duel Decks: Izzet vs. Golgari","Return to Ravnica","Magic 2014 Core Set","Duel Decks: Heroes vs. Monsters","Theros","Commander 2013 Edition","Duel Decks: Jace vs. Vraska","Magic 2015 Core Set","Khans of Tarkir","Commander 2014","Fate Reforged"],"border":"black"},{"layout":"normal","type":"Enchant Creature","types":["Enchant","Creature"],"colors":["Blue"],"multiverseid":5822,"name":"Fowl Play","originalType":"Enchant Creature","cmc":3,"rarity":"Common","artist":"Mark Poole","manaCost":"{2}{U}","text":"Enchanted creature loses all abilities and is a 1/1 creature that counts as a Chicken.","originalText":"Enchanted creature loses all abilities and is a 1/1 creature that counts as a Chicken.","flavor":"\"I feel like chicken tonight!\"","number":"24","imageName":"fowl play","legalities":{"Un-Sets":"Legal"},"printings":["Unglued"]},{"layout":"normal","type":"Enchantment","types":["Enchantment"],"colors":["Blue"],"multiverseid":9775,"name":"Free-for-All","originalType":"Enchantment","cmc":4,"rarity":"Rare","artist":"Claymore J. Flapdoodle","manaCost":"{3}{U}","text":"When Free-for-All comes into play, set aside all creatures in play, face down.\nDuring each player's upkeep, that player chooses a creature card at random from those set aside in this way and puts that creature into play under his or her control.\nIf Free-for-All leaves play, put each creature still set aside this way into its owner's graveyard.","originalText":"When Free-for-All comes into play, set aside all creatures in play, face down.\nDuring each player's upkeep, that player chooses a creature card at random from those set aside in this way and puts that creature into play under his or her control.\nIf Free-for-All leaves play, put each creature still set aside this way into its owner's graveyard.","number":"25","imageName":"free-for-all","legalities":{"Un-Sets":"Legal"},"printings":["Unglued"]},{"layout":"normal","type":"Summon — Chicken","types":["Summon"],"colors":["Green"],"multiverseid":9675,"name":"Free-Range Chicken","subtypes":["Chicken"],"originalType":"Summon — Chicken","cmc":4,"rarity":"Common","artist":"Mike Raabe","power":"3","toughness":"3","manaCost":"{3}{G}","text":"{1}{G}: Roll two six-sided dice. If both die rolls are the same, Free-Range Chicken gets +X/+X until end of turn, where X is the number rolled on each die. Otherwise, if the total rolled is equal to any other total you have rolled this turn for Free-Range Chicken, sacrifice it. (For example, if you roll two 3s, Free-Range Chicken gets +3/+3. If you roll a total of 6 for Free-Range Chicken later in that turn, sacrifice it.)","originalText":"{1}{G}: Roll two six-sided dice. If both die rolls are the same, Free-Range Chicken gets +X/+X until end of turn, where X is the number rolled on each die. Otherwise, if the total rolled is equal to any other total you have rolled this turn for Free-Range Chicken, sacrifice it. (For example, if you roll two 3s, Free-Range Chicken gets +3/+3. If you roll a total of 6 for Free-Range Chicken later in that turn, sacrifice it.)","number":"58","imageName":"free-range chicken","legalities":{"Un-Sets":"Legal"},"printings":["Unglued"]},{"layout":"normal","type":"Sorcery","types":["Sorcery"],"colors":["Green"],"multiverseid":9761,"name":"Gerrymandering","originalType":"Sorcery","cmc":3,"rarity":"Uncommon","artist":"Doug Chaffee","manaCost":"{2}{G}","text":"Remove all lands from play and shuffle them together. Randomly deal to each player one land card for each land he or she had before. Each player puts those lands into play under his or her control, untapped.","originalText":"Remove all lands from play and shuffle them together. Randomly deal to each player one land card for each land he or she had before. Each player puts those lands into play under his or her control, untapped.","number":"59","imageName":"gerrymandering","legalities":{"Un-Sets":"Legal"},"printings":["Unglued"]},{"layout":"normal","type":"Instant","types":["Instant"],"colors":["White"],"multiverseid":9743,"name":"Get a Life","originalType":"Instant","cmc":1,"rarity":"Uncommon","artist":"Melissa A. Benson","manaCost":"{W}","text":"Target player and each of his or her teammates exchange life totals.","originalText":"Target player and each of his or her teammates exchange life totals.","flavor":"Gimme five! (Or whatever you got.)","number":"4","imageName":"get a life","legalities":{"Un-Sets":"Legal"},"printings":["Unglued"]},{"layout":"normal","type":"Summon — Ogre","types":["Summon"],"colors":["Green"],"multiverseid":9668,"name":"Ghazbán Ogress","subtypes":["Ogre"],"originalType":"Summon — Ogre","cmc":1,"rarity":"Common","artist":"Mike Raabe","power":"2","toughness":"2","manaCost":"{G}","text":"When Ghazbán Ogress comes into play, the player who has won the most Magic games that day gains control of it. If more than one player has won the same number of games, you retain control of Ghazbán Ogress.","originalText":"When Ghazbán Ogress comes into play, the player who has won the most Magic games that day gains control of it. If more than one player has won the same number of games, you retain control of Ghazbán Ogress.","number":"60","imageName":"ghazban ogress","legalities":{"Un-Sets":"Legal"},"printings":["Unglued"]},{"layout":"normal","type":"Artifact","types":["Artifact"],"multiverseid":9767,"name":"Giant Fan","originalType":"Artifact","cmc":4,"rarity":"Rare","artist":"Randy Gallegos","manaCost":"{4}","text":"{2}, {T}: Move target counter from one card to another. If the second card's rules text refers to any type of counters, the moved counter becomes one of those counters. Otherwise, it becomes a +1/+1 counter.","originalText":"{2}, {T}: Move target counter from one card to another. If the second card's rules text refers to any type of counters, the moved counter becomes one of those counters. Otherwise, it becomes a +1/+1 counter.","flavor":"Only a villain would unleash a giant fan on anyone!","number":"74","imageName":"giant fan","legalities":{"Un-Sets":"Legal"},"printings":["Unglued"]},{"layout":"normal","type":"Summon — Goblin","types":["Summon"],"colors":["Red"],"multiverseid":9665,"name":"Goblin Bookie","subtypes":["Goblin"],"originalType":"Summon — Goblin","cmc":1,"rarity":"Common","artist":"Claymore J. Flapdoodle","power":"1","toughness":"1","manaCost":"{R}","text":"{R}, {T}: Reflip any coin or reroll any die.","originalText":"{R}, {T}: Reflip any coin or reroll any die.","flavor":"\"Glok loved bets! He'd sit in the bar all night an' laugh an' laugh. Hey—he still owes me.\"\n—Squee, goblin casino hand","number":"43","imageName":"goblin bookie","legalities":{"Un-Sets":"Legal"},"printings":["Unglued"]},{"layout":"normal","type":"Summon — Goblins","types":["Summon"],"colors":["Red"],"multiverseid":9666,"name":"Goblin Bowling Team","subtypes":["Goblins"],"originalType":"Summon — Goblins","cmc":4,"rarity":"Common","artist":"Pete Venters","power":"1","toughness":"1","manaCost":"{3}{R}","text":"Whenever Goblin Bowling Team damages any creature or player, roll a six-sided die. Goblin Bowling Team deals to that creature or player additional damage equal to the die roll.","originalText":"Whenever Goblin Bowling Team damages any creature or player, roll a six-sided die. Goblin Bowling Team deals to that creature or player additional damage equal to the die roll.","flavor":"Flog was out of his league—this game wasn't up his alley, but the team couldn't spare him if he split.","number":"44","imageName":"goblin bowling team","legalities":{"Un-Sets":"Legal"},"printings":["Unglued"]},{"layout":"token","type":"","multiverseid":5503,"name":"Goblin token card","originalType":"(none)","rarity":"Uncommon","artist":"Pete Venters","number":"92","imageName":"goblin","legalities":{"Un-Sets":"Legal"},"printings":["Unglued"]},{"layout":"normal","type":"Instant","types":["Instant"],"colors":["Red"],"multiverseid":9755,"name":"Goblin Tutor","originalType":"Instant","cmc":1,"rarity":"Uncommon","artist":"Quinton Hoover","manaCost":"{R}","text":"Roll a six-sided die for Goblin Tutor. On a 1, Goblin Tutor has no effect. Otherwise, search your library for the indicated card, reveal that card to all players, and put it into your hand. Shuffle your library afterwards.\n2 Any Goblin Tutor\n3 Any enchantment\n4 Any artifact\n5 Any creature\n6 Any sorcery, instant, or interrupt","originalText":"Roll a six-sided die for Goblin Tutor. On a 1, Goblin Tutor has no effect. Otherwise, search your library for the indicated card, reveal that card to all players, and put it into your hand. Shuffle your library afterwards.\n2 Any Goblin Tutor\n3 Any enchantment\n4 Any artifact\n5 Any creature\n6 Any sorcery, instant, or interrupt","number":"45","imageName":"goblin tutor","legalities":{"Un-Sets":"Legal"},"printings":["Unglued"]},{"layout":"normal","type":"Instant","types":["Instant"],"colors":["Green"],"multiverseid":9671,"name":"Growth Spurt","originalType":"Instant","cmc":2,"rarity":"Common","artist":"Jeff Laubenstein","manaCost":"{1}{G}","text":"Roll a six-sided die. Target creature gets +X/+X until end of turn, where X is equal to the die roll.","originalText":"Roll a six-sided die. Target creature gets +X/+X until end of turn, where X is equal to the die roll.","flavor":"MORE TO LOVE: Friendly, nature-loving, Bunyonesque SEM seeks SEF looking for a huge commitment.\n . . .  seeks atog prince","number":"61","imageName":"growth spurt","legalities":{"Un-Sets":"Legal"},"printings":["Unglued"]},{"layout":"normal","type":"Summon — Gus","types":["Summon"],"colors":["Green"],"multiverseid":9670,"name":"Gus","subtypes":["Gus"],"originalType":"Summon — Gus","cmc":3,"rarity":"Common","artist":"DiTerlizzi","power":"2","toughness":"2","manaCost":"{2}{G}","text":"Gus comes into play with one +1/+1 counter on it for each game you have lost to your opponent since you last won a Magic game against him or her.","originalText":"Gus comes into play with one +1/+1 counter on it for each game you have lost to your opponent since you last won a Magic game against him or her.","flavor":"\"Now I lay me down to sleep — What are you starin' at?\"","number":"62","imageName":"gus","legalities":{"Un-Sets":"Legal"},"printings":["Unglued"]},{"layout":"normal","type":"Enchantment","types":["Enchantment"],"colors":["Black"],"multiverseid":9751,"name":"Handcuffs","originalType":"Enchantment","cmc":5,"rarity":"Uncommon","artist":"Jeff Laubenstein","manaCost":"{3}{B}{B}","text":"Target player keeps both hands in contact with each other. If he or she does not, sacrifice Handcuffs and that player sacrifices three cards in play.","originalText":"Target player keeps both hands in contact with each other. If he or she does not, sacrifice Handcuffs and that player sacrifices three cards in play.","flavor":"\"That was fun! Now me.\"\n—Gwendlyn Di Corci","number":"32","imageName":"handcuffs","legalities":{"Un-Sets":"Legal"},"printings":["Unglued"]},{"layout":"normal","type":"Summon — Cow","types":["Summon"],"colors":["Green"],"multiverseid":9843,"name":"Hungry Hungry Heifer","subtypes":["Cow"],"originalType":"Summon — Cow","cmc":3,"rarity":"Uncommon","artist":"Randy Gallegos","power":"3","toughness":"3","manaCost":"{2}{G}","text":"During your upkeep, remove a counter from any card you control or sacrifice Hungry Hungry Heifer.","originalText":"During your upkeep, remove a counter from any card you control or sacrifice Hungry Hungry Heifer.","flavor":"Mooo.","number":"63","imageName":"hungry hungry heifer","legalities":{"Un-Sets":"Legal"},"printings":["Unglued"]},{"layout":"normal","type":"Summon — Minotaur","types":["Summon"],"colors":["Red"],"multiverseid":8904,"name":"Hurloon Wrangler","subtypes":["Minotaur"],"originalType":"Summon — Minotaur","cmc":3,"rarity":"Common","artist":"Kaja Foglio","power":"2","toughness":"2","manaCost":"{2}{R}","text":"Denimwalk (If defending player is wearing any clothing made of denim, this creature is unblockable.)","originalText":"Denimwalk (If defending player is wearing any clothing made of denim, this creature is unblockable.)","flavor":"\"Nothing comes between me and my Didgeridoos™.\"","number":"46","imageName":"hurloon wrangler","legalities":{"Un-Sets":"Legal"},"printings":["Unglued"]},{"layout":"normal","type":"Enchantment","types":["Enchantment"],"colors":["White"],"multiverseid":9774,"name":"I'm Rubber, You're Glue","originalType":"Enchantment","cmc":2,"rarity":"Rare","artist":"Claymore J. Flapdoodle","manaCost":"{W}{W}","text":"Speak only in rhyming sentences. If you do not, sacrifice I'm Rubber, You're Glue.\nSay \"I'm rubber, you're glue. Everything bounces off me and sticks to you\": Target spell or ability, which targets only you, targets another player of your choice instead. (The new target must be legal.)","originalText":"Speak only in rhyming sentences. If you do not, sacrifice I'm Rubber, You're Glue.\nSay \"I'm rubber, you're glue. Everything bounces off me and sticks to you\": Target spell or ability, which targets only you, targets another player of your choice instead. (The new target must be legal.)","number":"5","imageName":"i'm rubber, you're glue","legalities":{"Un-Sets":"Legal"},"printings":["Unglued"]},{"layout":"normal","type":"Sorcery","types":["Sorcery"],"colors":["Green"],"multiverseid":9788,"name":"Incoming!","originalType":"Sorcery","cmc":8,"rarity":"Rare","artist":"Quinton Hoover","manaCost":"{4}{G}{G}{G}{G}","text":"Each player searches his or her library for any number of artifacts, creatures, enchantments, and lands and puts those cards into play. Each player shuffles his or her library afterwards.","originalText":"Each player searches his or her library for any number of artifacts, creatures, enchantments, and lands and puts those cards into play. Each player shuffles his or her library afterwards.","number":"64","imageName":"incoming!","legalities":{"Un-Sets":"Legal"},"printings":["Unglued"]},{"layout":"normal","type":"Summon — Demon Beast","types":["Summon"],"colors":["Black"],"multiverseid":9779,"name":"Infernal Spawn of Evil","subtypes":["Demon","Beast"],"originalType":"Summon — Demon Beast","cmc":9,"rarity":"Rare","artist":"Ron Spencer","power":"7","toughness":"7","manaCost":"{6}{B}{B}{B}","text":"Flying, first strike\n{1}{B}, Reveal Infernal Spawn of Evil from your hand, Say \"It's coming\": Infernal Spawn of Evil deals 1 damage to target opponent. Use this ability only during your upkeep and only once each upkeep.","originalText":"Flying, first strike\n{1}{B}, Reveal Infernal Spawn of Evil from your hand, Say \"It's coming\": Infernal Spawn of Evil deals 1 damage to target opponent. Use this ability only during your upkeep and only once each upkeep.","number":"33","imageName":"infernal spawn of evil","legalities":{"Un-Sets":"Legal"},"printings":["Unglued"]},{"layout":"normal","supertypes":["Basic"],"type":"Basic Land — Island","types":["Land"],"multiverseid":9677,"name":"Island","subtypes":["Island"],"originalType":"Land","rarity":"Basic Land","artist":"Daren Bader","originalText":"U","number":"85","imageName":"island","foreignNames":[{"language":"Chinese Simplified","name":"海岛"},{"language":"Chinese Traditional","name":"海島"},{"language":"French","name":"Île"},{"language":"German","name":"Insel"},{"language":"Italian","name":"Isola"},{"language":"Japanese","name":"島"},{"language":"Korean","name":"섬"},{"language":"Portuguese (Brazil)","name":"Ilha"},{"language":"Russian","name":"Остров"},{"language":"Spanish","name":"Isla"}],"legalities":{"Standard":"Legal","Modern":"Legal","Theros Block":"Legal","Return to Ravnica Block":"Legal","Innistrad Block":"Legal","Scars of Mirrodin Block":"Legal","Zendikar Block":"Legal","Shards of Alara Block":"Legal","Lorwyn-Shadowmoor Block":"Legal","Time Spiral Block":"Legal","Ravnica Block":"Legal","Kamigawa Block":"Legal","Mirrodin Block":"Legal","Onslaught Block":"Legal","Odyssey Block":"Legal","Invasion Block":"Legal","Masques Block":"Legal","Urza Block":"Legal","Tempest Block":"Legal","Mirage Block":"Legal","Ice Age Block":"Legal","Un-Sets":"Legal","Legacy":"Legal","Vintage":"Legal","Freeform":"Legal","Prismatic":"Legal","Tribal Wars Legacy":"Legal","Tribal Wars Standard":"Legal","Singleton 100":"Legal","Commander":"Legal"},"printings":["Limited Edition Alpha","Limited Edition Beta","Unlimited Edition","Revised Edition","Fourth Edition","Ice Age","Rivals Quick Start Set","Arena League","Mirage","Introductory Two-Player Set","Fifth Edition","Portal","Tempest","Judge Gift Program","Portal Second Age","Unglued","Asia Pacific Land Program","Urza's Saga","Classic Sixth Edition","Portal Three Kingdoms","Starter 1999","Guru","Mercadian Masques","Battle Royale Box Set","European Land Program","Starter 2000","Beatdown Box Set","Invasion","Seventh Edition","Odyssey","Onslaught","Eighth Edition","Mirrodin","Champions of Kamigawa","Unhinged","Ninth Edition","Ravnica: City of Guilds","Coldsnap Theme Decks","Time Spiral","Tenth Edition","Masters Edition","Lorwyn","Shadowmoor","Shards of Alara","Duel Decks: Jace vs. Chandra","Magic 2010","Planechase","Masters Edition III","Zendikar","Premium Deck Series: Slivers","Duel Decks: Phyrexia vs. the Coalition","Rise of the Eldrazi","Duels of the Planeswalkers","Archenemy","Magic 2011","Duel Decks: Elspeth vs. Tezzeret","Scars of Mirrodin","Mirrodin Besieged","New Phyrexia","Magic: The Gathering-Commander","Magic 2012","Duel Decks: Ajani vs. Nicol Bolas","Innistrad","Duel Decks: Venser vs. Koth","Avacyn Restored","Planechase 2012 Edition","Magic 2013","Duel Decks: Izzet vs. Golgari","Return to Ravnica","Magic 2014 Core Set","Theros","Commander 2013 Edition","Duel Decks: Jace vs. Vraska","Magic 2015 Core Set","Duel Decks: Speed vs. Cunning","Khans of Tarkir","Commander 2014","Fate Reforged"],"border":"black"},{"layout":"normal","type":"Artifact","types":["Artifact"],"multiverseid":9729,"name":"Jack-in-the-Mox","originalType":"Artifact","cmc":0,"rarity":"Rare","artist":"Dan Frazier","manaCost":"{0}","text":"{T}: Roll a six-sided die for Jack-in-the-Mox. On a 1, sacrifice Jack-in-the-Mox and lose 5 life. Otherwise, Jack-in-the-Mox has one of the following effects. Treat this ability as a mana source.\n2 Add {W} to your mana pool.\n3 Add {U} to your mana pool.\n4 Add {B} to your mana pool.\n5 Add {R} to your mana pool.\n6 Add {G} to your mana pool.","originalText":"{T}: Roll a six-sided die for Jack-in-the-Mox. On a 1, sacrifice Jack-in-the-Mox and lose 5 life. Otherwise, Jack-in-the-Mox has one of the following effects. Treat this ability as a mana source.\n2 Add {W} to your mana pool.\n3 Add {U} to your mana pool.\n4 Add {B} to your mana pool.\n5 Add {R} to your mana pool.\n6 Add {G} to your mana pool.","number":"75","imageName":"jack-in-the-mox","legalities":{"Un-Sets":"Legal"},"printings":["Unglued"]},{"layout":"normal","type":"Summon — Legend","types":["Summon"],"colors":["Red"],"multiverseid":9782,"name":"Jalum Grifter","subtypes":["Legend"],"originalType":"Summon — Legend","cmc":5,"rarity":"Rare","artist":"Claymore J. Flapdoodle","power":"3","toughness":"5","manaCost":"{3}{R}{R}","text":"{1}{R}, {T}: Put Jalum Grifter and two lands you control face down in front of target opponent after revealing each card to him or her. Then, rearrange the order of the three cards as often as you wish, keeping them on the table at all times. That opponent then chooses one of those cards. If a land is chosen, destroy target card in play. Otherwise, sacrifice Jalum Grifter.","originalText":"{1}{R}, {T}: Put Jalum Grifter and two lands you control face down in front of target opponent after revealing each card to him or her. Then, rearrange the order of the three cards as often as you wish, keeping them on the table at all times. That opponent then chooses one of those cards. If a land is chosen, destroy target card in play. Otherwise, sacrifice Jalum Grifter.","number":"47","imageName":"jalum grifter","legalities":{"Un-Sets":"Legal"},"printings":["Unglued"]},{"layout":"normal","type":"Artifact","types":["Artifact"],"multiverseid":9739,"name":"Jester's Sombrero","originalType":"Artifact","cmc":2,"rarity":"Rare","artist":"Dan Frazier","manaCost":"{2}","text":"{2}, {T}, Sacrifice Jester's Sombrero: Look through target player's sideboard and remove any three of those cards from it for the remainder of the match.","originalText":"{2}, {T}, Sacrifice Jester's Sombrero: Look through target player's sideboard and remove any three of those cards from it for the remainder of the match.","flavor":"\"¡Yo quiero Kormus Bell!\"","number":"76","imageName":"jester's sombrero","legalities":{"Un-Sets":"Legal"},"printings":["Unglued"]},{"layout":"normal","type":"Summon — Imp","types":["Summon"],"colors":["Black"],"multiverseid":9750,"name":"Jumbo Imp","subtypes":["Imp"],"originalType":"Summon — Imp","cmc":3,"rarity":"Uncommon","artist":"Pete Venters","power":"0","toughness":"0","manaCost":"{2}{B}","text":"Flying\nWhen you play Jumbo Imp, roll a six-sided die. Jumbo Imp comes into play with a number of +1/+1 counters on it equal to the die roll.\nDuring your upkeep, roll a six-sided die and put on Jumbo Imp a number of +1/+1 counters equal to the die roll.\nAt the end of your turn, roll a six-sided die and remove from Jumbo Imp a number of +1/+1 counters equal to the die roll.","originalText":"Flying\nWhen you play Jumbo Imp, roll a six-sided die. Jumbo Imp comes into play with a number of +1/+1 counters on it equal to the die roll.\nDuring your upkeep, roll a six-sided die and put on Jumbo Imp a number of +1/+1 counters equal to the die roll.\nAt the end of your turn, roll a six-sided die and remove from Jumbo Imp a number of +1/+1 counters equal to the die roll.","number":"34","imageName":"jumbo imp","legalities":{"Un-Sets":"Legal"},"printings":["Unglued"]},{"layout":"normal","type":"Summon — Knight","types":["Summon"],"colors":["White"],"multiverseid":9742,"name":"Knight of the Hokey Pokey","subtypes":["Knight"],"originalType":"Summon — Knight","cmc":2,"rarity":"Common","artist":"Kev Walker","power":"2","toughness":"2","manaCost":"{W}{W}","text":"First strike\n{1}{W}, Do the Hokey Pokey (Stand up, wiggle your butt, raise your hands above your head, and shake them wildly as you rotate 360 degrees): Prevent all damage to Knight of the Hokey Pokey from any one source.","originalText":"First strike\n{1}{W}, Do the Hokey Pokey (Stand up, wiggle your butt, raise your hands above your head, and shake them wildly as you rotate 360 degrees): Prevent all damage to Knight of the Hokey Pokey from any one source.","flavor":"That's what it's all about.","number":"6","imageName":"knight of the hokey pokey","legalities":{"Un-Sets":"Legal"},"printings":["Unglued"]},{"layout":"normal","type":"Summon — Cow","types":["Summon"],"colors":["Red"],"multiverseid":9758,"name":"Krazy Kow","subtypes":["Cow"],"originalType":"Summon — Cow","cmc":4,"rarity":"Common","artist":"Ron Spencer","power":"3","toughness":"3","manaCost":"{3}{R}","text":"During your upkeep, roll a six-sided die. On a 1, sacrifice Krazy Kow and it deals 3 damage to each creature and player.","originalText":"During your upkeep, roll a six-sided die. On a 1, sacrifice Krazy Kow and it deals 3 damage to each creature and player.","flavor":"\"I got your milk right here!\"","number":"48","imageName":"krazy kow","legalities":{"Un-Sets":"Legal"},"printings":["Unglued"]},{"layout":"normal","type":"Sorcery","types":["Sorcery"],"colors":["Red"],"multiverseid":9785,"name":"Landfill","originalType":"Sorcery","cmc":5,"rarity":"Rare","artist":"Daren Bader","manaCost":"{4}{R}","text":"Choose a land type. Remove from play all lands of that type that you control. Drop those cards, one at a time, onto the playing area from a height of at least one foot. Destroy each card in play that is completely covered by those cards. Then return to play, tapped, all lands dropped in this way.","originalText":"Choose a land type. Remove from play all lands of that type that you control. Drop those cards, one at a time, onto the playing area from a height of at least one foot. Destroy each card in play that is completely covered by those cards. Then return to play, tapped, all lands dropped in this way.","number":"49","imageName":"landfill","legalities":{"Un-Sets":"Legal"},"printings":["Unglued"]},{"layout":"normal","type":"Summon — Beast","types":["Summon"],"colors":["White"],"multiverseid":9760,"name":"Lexivore","subtypes":["Beast"],"originalType":"Summon — Beast","cmc":4,"rarity":"Uncommon","artist":"Daniel Gelon","power":"2","toughness":"3","manaCost":"{3}{W}","text":"If Lexivore damages any player, destroy target card in play, other than Lexivore, with the most lines of text in its text box. (If more than one card has the most lines of text, you choose which of those cards to destroy.)","originalText":"If Lexivore damages any player, destroy target card in play, other than Lexivore, with the most lines of text in its text box. (If more than one card has the most lines of text, you choose which of those cards to destroy.)","flavor":"Plucking the chicken\n—Elvish expression meaning \"flinging the monkey\"","number":"7","imageName":"lexivore","legalities":{"Un-Sets":"Legal"},"printings":["Unglued"]},{"layout":"normal","type":"Sorcery","types":["Sorcery"],"colors":["White"],"multiverseid":9771,"name":"Look at Me, I'm the DCI","originalType":"Sorcery","cmc":7,"rarity":"Rare","artist":"Mark Rosewater","manaCost":"{5}{W}{W}","text":"Ban one card, other than a basic land, for the remainder of the match. (For the remainder of the match, each player removes from the game all copies of that card in play or in any graveyard, hand, library, or sideboard.)","originalText":"Ban one card, other than a basic land, for the remainder of the match. (For the remainder of the match, each player removes from the game all copies of that card in play or in any graveyard, hand, library, or sideboard.)","flavor":"Few understand the DCI's rigorous decision-making process.","number":"8","imageName":"look at me, i'm the dci","legalities":{"Un-Sets":"Legal"},"printings":["Unglued"]},{"layout":"normal","type":"Summon — Chicken","types":["Summon"],"colors":["White"],"multiverseid":5725,"name":"Mesa Chicken","subtypes":["Chicken"],"originalType":"Summon — Chicken","cmc":2,"rarity":"Common","artist":"Kev Walker","power":"2","toughness":"2","manaCost":"{W}{W}","text":"Stand up, Flap your arms, Cluck like a chicken: Mesa Chicken gains flying until end of turn.","originalText":"Stand up, Flap your arms, Cluck like a chicken: Mesa Chicken gains flying until end of turn.","flavor":"\"Lo! lord of layers proudly comb-crested\nHero to hens father to feathers\nCrowing sun-caller weaver of wattle\nElder to eggs.\"\n—Rooster Saga","number":"9","imageName":"mesa chicken","legalities":{"Un-Sets":"Legal"},"printings":["Unglued"]},{"layout":"normal","type":"Enchantment","types":["Enchantment"],"colors":["Green"],"multiverseid":9787,"name":"Mine, Mine, Mine!","originalType":"Enchantment","cmc":6,"rarity":"Rare","artist":"Heather Hudson","manaCost":"{4}{G}{G}","text":"When Mine, Mine, Mine comes into play, each player puts his or her library into his or her hand.\nEach player skips his or her discard phase and does not lose as a result of being unable to draw a card.\nEach player cannot play more than one spell each turn.\nIf Mine, Mine, Mine leaves play, each player shuffles his or her hand and graveyard into his or her library.","originalText":"When Mine, Mine, Mine comes into play, each player puts his or her library into his or her hand.\nEach player skips his or her discard phase and does not lose as a result of being unable to draw a card.\nEach player cannot play more than one spell each turn.\nIf Mine, Mine, Mine leaves play, each player shuffles his or her hand and graveyard into his or her library.","number":"65","imageName":"mine, mine, mine!","legalities":{"Un-Sets":"Legal"},"printings":["Unglued"]},{"layout":"normal","type":"Artifact","types":["Artifact"],"multiverseid":9765,"name":"Mirror Mirror","originalType":"Artifact","cmc":7,"rarity":"Rare","artist":"Kaja Foglio","manaCost":"{7}","text":"Mirror Mirror comes into play tapped.\n{7}, {T}, Sacrifice Mirror Mirror: At end of turn, exchange life totals with target player and exchange all cards in play that you control, and all cards in your hand, library, and graveyard, with that player until end of game.","originalText":"Mirror Mirror comes into play tapped.\n{7}, {T}, Sacrifice Mirror Mirror: At end of turn, exchange life totals with target player and exchange all cards in play that you control, and all cards in your hand, library, and graveyard, with that player until end of game.","number":"77","imageName":"mirror mirror","legalities":{"Un-Sets":"Legal"},"printings":["Unglued"]},{"layout":"normal","type":"Summon — Lady of Proper Etiquette","types":["Summon"],"colors":["White"],"multiverseid":9745,"name":"Miss Demeanor","subtypes":["Lady","of","Proper","Etiquette"],"originalType":"Summon — Lady of Proper Etiquette","cmc":4,"rarity":"Uncommon","artist":"Matthew Wilson","power":"3","toughness":"1","manaCost":"{3}{W}","text":"Flying, first strike\nDuring each other player's turn, compliment that player on his or her game play or sacrifice Miss Demeanor.","originalText":"Flying, first strike\nDuring each other player's turn, compliment that player on his or her game play or sacrifice Miss Demeanor.","flavor":"Even war can be civil.","number":"10","imageName":"miss demeanor","legalities":{"Un-Sets":"Legal"},"printings":["Unglued"]},{"layout":"normal","supertypes":["Basic"],"type":"Basic Land — Mountain","types":["Land"],"multiverseid":9707,"name":"Mountain","subtypes":["Mountain"],"originalType":"Land","rarity":"Basic Land","artist":"Tom Wänerstrand","originalText":"R","number":"87","imageName":"mountain","foreignNames":[{"language":"Chinese Simplified","name":"山脉"},{"language":"Chinese Traditional","name":"山脈"},{"language":"French","name":"Montagne"},{"language":"German","name":"Gebirge"},{"language":"Italian","name":"Montagna"},{"language":"Japanese","name":"山"},{"language":"Korean","name":"산"},{"language":"Portuguese (Brazil)","name":"Montanha"},{"language":"Russian","name":"Гора"},{"language":"Spanish","name":"Montaña"}],"legalities":{"Standard":"Legal","Modern":"Legal","Theros Block":"Legal","Return to Ravnica Block":"Legal","Innistrad Block":"Legal","Scars of Mirrodin Block":"Legal","Zendikar Block":"Legal","Shards of Alara Block":"Legal","Lorwyn-Shadowmoor Block":"Legal","Time Spiral Block":"Legal","Ravnica Block":"Legal","Kamigawa Block":"Legal","Mirrodin Block":"Legal","Onslaught Block":"Legal","Odyssey Block":"Legal","Invasion Block":"Legal","Masques Block":"Legal","Urza Block":"Legal","Tempest Block":"Legal","Mirage Block":"Legal","Ice Age Block":"Legal","Un-Sets":"Legal","Legacy":"Legal","Vintage":"Legal","Freeform":"Legal","Prismatic":"Legal","Tribal Wars Legacy":"Legal","Tribal Wars Standard":"Legal","Singleton 100":"Legal","Commander":"Legal"},"printings":["Limited Edition Alpha","Limited Edition Beta","Unlimited Edition","Arabian Nights","Revised Edition","Fourth Edition","Ice Age","Rivals Quick Start Set","Arena League","Mirage","Introductory Two-Player Set","Fifth Edition","Portal","Tempest","Judge Gift Program","Portal Second Age","Unglued","Asia Pacific Land Program","Urza's Saga","Anthologies","Classic Sixth Edition","Portal Three Kingdoms","Starter 1999","Guru","Mercadian Masques","Battle Royale Box Set","European Land Program","Starter 2000","Beatdown Box Set","Invasion","Seventh Edition","Odyssey","Deckmasters","Onslaught","Eighth Edition","Mirrodin","Champions of Kamigawa","Unhinged","Ninth Edition","Ravnica: City of Guilds","Coldsnap Theme Decks","Time Spiral","Tenth Edition","Masters Edition","Lorwyn","Duel Decks: Elves vs. Goblins","Shadowmoor","Shards of Alara","Duel Decks: Jace vs. Chandra","Magic 2010","Planechase","Masters Edition III","Zendikar","Premium Deck Series: Slivers","Duel Decks: Phyrexia vs. the Coalition","Rise of the Eldrazi","Duels of the Planeswalkers","Archenemy","Magic 2011","Scars of Mirrodin","Premium Deck Series: Fire and Lightning","Mirrodin Besieged","Duel Decks: Knights vs. Dragons","New Phyrexia","Magic: The Gathering-Commander","Magic 2012","Duel Decks: Ajani vs. Nicol Bolas","Innistrad","Duel Decks: Venser vs. Koth","Avacyn Restored","Planechase 2012 Edition","Magic 2013","Duel Decks: Izzet vs. Golgari","Return to Ravnica","Duel Decks: Sorin vs. Tibalt","Magic 2014 Core Set","Duel Decks: Heroes vs. Monsters","Theros","Commander 2013 Edition","Magic 2015 Core Set","Duel Decks: Speed vs. Cunning","Khans of Tarkir","Commander 2014","Fate Reforged"],"border":"black"},{"layout":"normal","type":"Sorcery","types":["Sorcery"],"colors":["White"],"multiverseid":9772,"name":"Once More with Feeling","originalType":"Sorcery","cmc":4,"rarity":"Rare","artist":"Terese Nielsen","manaCost":"{W}{W}{W}{W}","text":"Remove Once More with Feeling from the game as well as all cards in play and in all graveyards. Each player shuffles his or her hand into her or his library, then draws seven cards. Each player's life total is set to 10.\nDCI ruling: This card is restricted. (You cannot play with more than one in a deck.)","originalText":"Remove Once More with Feeling from the game as well as all cards in play and in all graveyards. Each player shuffles his or her hand into her or his library, then draws seven cards. Each player's life total is set to 10.\nDCI ruling: This card is restricted. (You cannot play with more than one in a deck.)","flavor":"If yo  . . .  ted.","number":"11","imageName":"once more with feeling","legalities":{"Un-Sets":"Legal"},"printings":["Unglued"]},{"layout":"normal","type":"Sorcery","types":["Sorcery"],"colors":["Black"],"multiverseid":9752,"name":"Organ Harvest","originalType":"Sorcery","cmc":1,"rarity":"Common","artist":"Terese Nielsen","manaCost":"{B}","text":"You and your teammates may sacrifice any number of creatures. For each creature sacrificed in this way, add {B}{B} to your mana pool.","originalText":"You and your teammates may sacrifice any number of creatures. For each creature sacrificed in this way, add {B}{B} to your mana pool.","flavor":"\"Lucy, you've got some spleenin' to do.\"","number":"35","imageName":"organ harvest","legalities":{"Un-Sets":"Legal"},"printings":["Unglued"]},{"layout":"normal","type":"Enchantment","types":["Enchantment"],"colors":["Black"],"multiverseid":9781,"name":"Ow","originalType":"Enchantment","cmc":1,"rarity":"Rare","artist":"Edward P. Beard, Jr.","manaCost":"{B}","text":"Whenever any creature damages a player, for each Ow card in play, that player says \"Ow\" once or Ow deals 1 damage to him or her.","originalText":"Whenever any creature damages a player, for each Ow card in play, that player says \"Ow\" once or Ow deals 1 damage to him or her.","flavor":"Have you ever noticed how some flavor text has no relevance whatsoever to the card it's on?","number":"36","imageName":"ow","legalities":{"Un-Sets":"Legal"},"printings":["Unglued"]},{"layout":"normal","type":"Artifact Creature","types":["Artifact","Creature"],"multiverseid":5705,"name":"Paper Tiger","originalType":"Artifact Creature","cmc":4,"rarity":"Common","artist":"Heather Hudson","power":"4","toughness":"3","manaCost":"{4}","text":"Rock Lobsters cannot attack or block.","originalText":"Rock Lobsters cannot attack or block.","flavor":"The tiger is always quick to fold.","number":"78","imageName":"paper tiger","legalities":{"Un-Sets":"Legal"},"printings":["Unglued"]},{"layout":"token","type":"","multiverseid":4979,"name":"Pegasus token card","originalType":"(none)","rarity":"Uncommon","artist":"Mark Zug","number":"89","imageName":"pegasus","legalities":{"Un-Sets":"Legal"},"printings":["Unglued"]},{"layout":"normal","supertypes":["Basic"],"type":"Basic Land — Plains","types":["Land"],"multiverseid":9680,"name":"Plains","subtypes":["Plains"],"originalType":"Land","rarity":"Basic Land","artist":"Christopher Rush","originalText":"W","number":"84","imageName":"plains","foreignNames":[{"language":"Chinese Simplified","name":"平原"},{"language":"Chinese Traditional","name":"平原"},{"language":"French","name":"Plaine"},{"language":"German","name":"Ebene"},{"language":"Italian","name":"Pianura"},{"language":"Japanese","name":"平地"},{"language":"Korean","name":"들"},{"language":"Portuguese (Brazil)","name":"Planície"},{"language":"Russian","name":"Равнины"},{"language":"Spanish","name":"Llanura"}],"legalities":{"Standard":"Legal","Modern":"Legal","Theros Block":"Legal","Return to Ravnica Block":"Legal","Innistrad Block":"Legal","Scars of Mirrodin Block":"Legal","Zendikar Block":"Legal","Shards of Alara Block":"Legal","Lorwyn-Shadowmoor Block":"Legal","Time Spiral Block":"Legal","Ravnica Block":"Legal","Kamigawa Block":"Legal","Mirrodin Block":"Legal","Onslaught Block":"Legal","Odyssey Block":"Legal","Invasion Block":"Legal","Masques Block":"Legal","Urza Block":"Legal","Tempest Block":"Legal","Mirage Block":"Legal","Ice Age Block":"Legal","Un-Sets":"Legal","Legacy":"Legal","Vintage":"Legal","Freeform":"Legal","Prismatic":"Legal","Tribal Wars Legacy":"Legal","Tribal Wars Standard":"Legal","Singleton 100":"Legal","Commander":"Legal"},"printings":["Limited Edition Alpha","Limited Edition Beta","Unlimited Edition","Revised Edition","Fourth Edition","Ice Age","Rivals Quick Start Set","Arena League","Mirage","Introductory Two-Player Set","Fifth Edition","Portal","Prerelease Events","Tempest","Portal Second Age","Judge Gift Program","Unglued","Asia Pacific Land Program","Urza's Saga","Anthologies","Classic Sixth Edition","Portal Three Kingdoms","Starter 1999","Guru","Mercadian Masques","Battle Royale Box Set","European Land Program","Starter 2000","Invasion","Seventh Edition","Odyssey","Onslaught","Eighth Edition","Mirrodin","Champions of Kamigawa","Unhinged","Ninth Edition","Ravnica: City of Guilds","Coldsnap Theme Decks","Time Spiral","Tenth Edition","Masters Edition","Lorwyn","Shadowmoor","Shards of Alara","Duel Decks: Divine vs. Demonic","Magic 2010","Planechase","Masters Edition III","Zendikar","Premium Deck Series: Slivers","Duel Decks: Phyrexia vs. the Coalition","Rise of the Eldrazi","Archenemy","Magic 2011","Duel Decks: Elspeth vs. Tezzeret","Scars of Mirrodin","Mirrodin Besieged","Duel Decks: Knights vs. Dragons","New Phyrexia","Magic: The Gathering-Commander","Magic 2012","Duel Decks: Ajani vs. Nicol Bolas","Innistrad","Duel Decks: Venser vs. Koth","Avacyn Restored","Planechase 2012 Edition","Magic 2013","Return to Ravnica","Duel Decks: Sorin vs. Tibalt","Magic 2014 Core Set","Duel Decks: Heroes vs. Monsters","Theros","Commander 2013 Edition","Modern Event Deck 2014","Magic 2015 Core Set","Duel Decks: Speed vs. Cunning","Khans of Tarkir","Commander 2014","Fate Reforged"],"border":"black"},{"layout":"normal","type":"Summon — Chicken","types":["Summon"],"colors":["Black"],"multiverseid":5864,"name":"Poultrygeist","subtypes":["Chicken"],"originalType":"Summon — Chicken","cmc":3,"rarity":"Common","artist":"Daren Bader","power":"1","toughness":"1","manaCost":"{2}{B}","text":"Flying\nWhenever a creature is put into any graveyard from play, you may roll a six-sided die. On a 1, sacrifice Poultrygeist. Otherwise, put a +1/+1 counter on Poultrygeist.","originalText":"Flying\nWhenever a creature is put into any graveyard from play, you may roll a six-sided die. On a 1, sacrifice Poultrygeist. Otherwise, put a +1/+1 counter on Poultrygeist.","flavor":"Farmer Brown never ate eggs again.","number":"37","imageName":"poultrygeist","legalities":{"Un-Sets":"Legal"},"printings":["Unglued"]},{"layout":"normal","type":"Sorcery","types":["Sorcery"],"colors":["White"],"multiverseid":9744,"name":"Prismatic Wardrobe","originalType":"Sorcery","cmc":1,"rarity":"Common","artist":"D. Alexander Gregory","manaCost":"{W}","text":"Destroy target card that does not share a color with clothing worn by its controller. You cannot choose an artifact or land card.","originalText":"Destroy target card that does not share a color with clothing worn by its controller. You cannot choose an artifact or land card.","flavor":"\"Spring in Dominaria means pastels!\"\n—Excerpt from Mage's Home Journal","number":"12","imageName":"prismatic wardrobe","legalities":{"Un-Sets":"Legal"},"printings":["Unglued"]},{"layout":"normal","type":"Enchantment","types":["Enchantment"],"colors":["Blue"],"multiverseid":9777,"name":"Psychic Network","originalType":"Enchantment","cmc":1,"rarity":"Rare","artist":"Claymore J. Flapdoodle","manaCost":"{U}","text":"Each player reveals the top card of his or her library to all other players by continuously holding it against his or her forehead. This does not allow a player to look at his or her own card. (That card still counts as the top card of your library. Whenever you draw a card, draw that one and replace it with the next card of your library.)","originalText":"Each player reveals the top card of his or her library to all other players by continuously holding it against his or her forehead. This does not allow a player to look at his or her own card. (That card still counts as the top card of your library. Whenever you draw a card, draw that one and replace it with the next card of your library.)","number":"26","imageName":"psychic network","legalities":{"Un-Sets":"Legal"},"printings":["Unglued"]},{"layout":"normal","type":"Enchantment","types":["Enchantment"],"colors":["Red"],"multiverseid":9756,"name":"Ricochet","originalType":"Enchantment","cmc":1,"rarity":"Uncommon","artist":"David A. Cherry","manaCost":"{R}","text":"Whenever any spell targets a single player, each player rolls a six-sided die. That spell is redirected to the player or players with the lowest die roll. If two or more players tie for the lowest die roll, they reroll until there is no tie.","originalText":"Whenever any spell targets a single player, each player rolls a six-sided die. That spell is redirected to the player or players with the lowest die roll. If two or more players tie for the lowest die roll, they reroll until there is no tie.","number":"50","imageName":"ricochet","legalities":{"Un-Sets":"Legal"},"printings":["Unglued"]},{"layout":"normal","type":"Artifact Creature","types":["Artifact","Creature"],"multiverseid":5648,"name":"Rock Lobster","originalType":"Artifact Creature","cmc":4,"rarity":"Common","artist":"Heather Hudson","power":"4","toughness":"3","manaCost":"{4}","text":"Scissors Lizards cannot attack or block.","originalText":"Scissors Lizards cannot attack or block.","flavor":"Many take the lobster for granite.","number":"79","imageName":"rock lobster","legalities":{"Un-Sets":"Legal"},"printings":["Unglued"]},{"layout":"normal","type":"Artifact Creature","types":["Artifact","Creature"],"multiverseid":5698,"name":"Scissors Lizard","originalType":"Artifact Creature","cmc":4,"rarity":"Common","artist":"Heather Hudson","power":"4","toughness":"3","manaCost":"{4}","text":"Paper Tigers cannot attack or block.","originalText":"Paper Tigers cannot attack or block.","flavor":"Nothing beats the lizard's shear power.","number":"80","imageName":"scissors lizard","legalities":{"Un-Sets":"Legal"},"printings":["Unglued"]},{"layout":"normal","type":"Instant","types":["Instant"],"colors":["White"],"multiverseid":5755,"name":"Sex Appeal","originalType":"Instant","cmc":1,"rarity":"Common","artist":"Matthew Wilson","manaCost":"{W}","text":"Prevent up to 3 damage total to any number of creatures and/or players. If there are more players in the room of the opposite sex, prevent up to 3 additional damage total to any number of creatures and/or players.","originalText":"Prevent up to 3 damage total to any number of creatures and/or players. If there are more players in the room of the opposite sex, prevent up to 3 additional damage total to any number of creatures and/or players.","number":"13","imageName":"sex appeal","legalities":{"Un-Sets":"Legal"},"printings":["Unglued"]},{"layout":"token","type":"","multiverseid":5560,"name":"Sheep token card","originalType":"(none)","rarity":"Uncommon","artist":"Kev Walker","number":"93","imageName":"sheep","legalities":{"Un-Sets":"Legal"},"printings":["Unglued"]},{"layout":"token","type":"","multiverseid":5472,"name":"Soldier token card","originalType":"(none)","rarity":"Uncommon","artist":"Daren Bader","number":"90","imageName":"soldier","legalities":{"Un-Sets":"Legal"},"printings":["Unglued"]},{"layout":"normal","type":"Enchantment","types":["Enchantment"],"colors":["Blue"],"multiverseid":9776,"name":"Sorry","originalType":"Enchantment","cmc":2,"rarity":"Uncommon","artist":"Kaja Foglio","manaCost":"{U}{U}","text":"Before playing any spell, if a copy of that spell card is in any graveyard, the spell's caster may say \"Sorry.\" If he or she does not, any other player may counter the spell by saying \"Sorry\" as it is cast.\nIf any player says \"Sorry\" at any other time, Sorry deals 2 damage to that player.","originalText":"Before playing any spell, if a copy of that spell card is in any graveyard, the spell's caster may say \"Sorry.\" If he or she does not, any other player may counter the spell by saying \"Sorry\" as it is cast.\nIf any player says \"Sorry\" at any other time, Sorry deals 2 damage to that player.","number":"27","imageName":"sorry","legalities":{"Un-Sets":"Legal"},"printings":["Unglued"]},{"layout":"normal","type":"Summon — Beast","types":["Summon"],"colors":["Red"],"multiverseid":9754,"name":"Spark Fiend","subtypes":["Beast"],"originalType":"Summon — Beast","cmc":5,"rarity":"Rare","artist":"Pete Venters","power":"5","toughness":"6","manaCost":"{4}{R}","text":"When Spark Fiend comes into play, roll two six-sided dice. On a total of 2, 3, or 12, sacrifice Spark Fiend. On a total of 7 or 11, do not roll dice for Spark Fiend during any of your following upkeep phases. If you roll any other total, note it.\nDuring your upkeep, roll two six-sided dice. On a total of 7, sacrifice Spark Fiend. If you roll the noted total, do not roll dice for Spark Fiend during any of your following upkeep phases. On any other roll, there is no effect.","originalText":"When Spark Fiend comes into play, roll two six-sided dice. On a total of 2, 3, or 12, sacrifice Spark Fiend. On a total of 7 or 11, do not roll dice for Spark Fiend during any of your following upkeep phases. If you roll any other total, note it.\nDuring your upkeep, roll two six-sided dice. On a total of 7, sacrifice Spark Fiend. If you roll the noted total, do not roll dice for Spark Fiend during any of your following upkeep phases. On any other roll, there is no effect.","number":"51","imageName":"spark fiend","legalities":{"Un-Sets":"Legal"},"printings":["Unglued"]},{"layout":"normal","type":"Artifact","types":["Artifact"],"multiverseid":9740,"name":"Spatula of the Ages","originalType":"Artifact","cmc":4,"rarity":"Uncommon","artist":"Melissa A. Benson","manaCost":"{4}","text":"{4}, {T}, Sacrifice Spatula of the Ages: Put into play from your hand any card from an Unglued supplement.","originalText":"{4}, {T}, Sacrifice Spatula of the Ages: Put into play from your hand any card from an Unglued supplement.","flavor":"At last Urza's powers were focused through the incredible artifact.\n\"Who wants pancakes?\" he asked.","number":"81","imageName":"spatula of the ages","legalities":{"Un-Sets":"Legal"},"printings":["Unglued"]},{"layout":"normal","type":"Enchantment","types":["Enchantment"],"colors":["Green"],"multiverseid":9789,"name":"Squirrel Farm","originalType":"Enchantment","cmc":3,"rarity":"Rare","artist":"Ron Spencer","manaCost":"{2}{G}","text":"{1}{G}: Choose a card in your hand. Covering the artist's name, reveal the card to target player. If that player cannot name the artist, reveal the artist's name and put a Squirrel token into play. Treat this token as a 1/1 green creature.","originalText":"{1}{G}: Choose a card in your hand. Covering the artist's name, reveal the card to target player. If that player cannot name the artist, reveal the artist's name and put a Squirrel token into play. Treat this token as a 1/1 green creature.","flavor":"\"And the ignorant shall fall to the squirrels.\"\n—Chip 2:54","number":"66","imageName":"squirrel farm","legalities":{"Un-Sets":"Legal"},"printings":["Unglued"]},{"layout":"token","type":"","multiverseid":5607,"name":"Squirrel token card","originalType":"(none)","rarity":"Uncommon","artist":"Ron Spencer","number":"94","imageName":"squirrel","legalities":{"Un-Sets":"Legal"},"printings":["Unglued"]},{"layout":"normal","type":"Sorcery","types":["Sorcery"],"colors":["Red"],"multiverseid":9784,"name":"Strategy, Schmategy","originalType":"Sorcery","cmc":2,"rarity":"Rare","artist":"Daniel Gelon","manaCost":"{1}{R}","text":"Roll a six-sided die for Strategy, Schmategy. On a 1, Strategy, Schmategy has no effect. Otherwise, it has one of the following effects.\n2 Destroy all artifacts.\n3 Destroy all lands.\n4 Strategy, Schmategy deals 3 damage to each creature and player.\n5 Each player discards his or her hand and draws seven cards. \n6 Roll the die two more times.","originalText":"Roll a six-sided die for Strategy, Schmategy. On a 1, Strategy, Schmategy has no effect. Otherwise, it has one of the following effects.\n2 Destroy all artifacts.\n3 Destroy all lands.\n4 Strategy, Schmategy deals 3 damage to each creature and player.\n5 Each player discards his or her hand and draws seven cards. \n6 Roll the die two more times.","number":"52","imageName":"strategy, schmategy","legalities":{"Un-Sets":"Legal"},"printings":["Unglued"]},{"layout":"normal","supertypes":["Basic"],"type":"Basic Land — Swamp","types":["Land"],"multiverseid":9676,"name":"Swamp","subtypes":["Swamp"],"originalType":"Land","rarity":"Basic Land","artist":"Mark Zug","originalText":"B","number":"86","imageName":"swamp","foreignNames":[{"language":"Chinese Simplified","name":"沼泽"},{"language":"Chinese Traditional","name":"沼澤"},{"language":"French","name":"Marais"},{"language":"German","name":"Sumpf"},{"language":"Italian","name":"Palude"},{"language":"Japanese","name":"沼"},{"language":"Korean","name":"늪"},{"language":"Portuguese (Brazil)","name":"Pântano"},{"language":"Russian","name":"Болото"},{"language":"Spanish","name":"Pantano"}],"legalities":{"Standard":"Legal","Modern":"Legal","Theros Block":"Legal","Return to Ravnica Block":"Legal","Innistrad Block":"Legal","Scars of Mirrodin Block":"Legal","Zendikar Block":"Legal","Shards of Alara Block":"Legal","Lorwyn-Shadowmoor Block":"Legal","Time Spiral Block":"Legal","Ravnica Block":"Legal","Kamigawa Block":"Legal","Mirrodin Block":"Legal","Onslaught Block":"Legal","Odyssey Block":"Legal","Invasion Block":"Legal","Masques Block":"Legal","Urza Block":"Legal","Tempest Block":"Legal","Mirage Block":"Legal","Ice Age Block":"Legal","Un-Sets":"Legal","Legacy":"Legal","Vintage":"Legal","Freeform":"Legal","Prismatic":"Legal","Tribal Wars Legacy":"Legal","Tribal Wars Standard":"Legal","Singleton 100":"Legal","Commander":"Legal"},"printings":["Limited Edition Alpha","Limited Edition Beta","Unlimited Edition","Revised Edition","Fourth Edition","Ice Age","Rivals Quick Start Set","Arena League","Mirage","Introductory Two-Player Set","Fifth Edition","Portal","Tempest","Judge Gift Program","Portal Second Age","Unglued","Asia Pacific Land Program","Urza's Saga","Anthologies","Classic Sixth Edition","Portal Three Kingdoms","Starter 1999","Guru","Mercadian Masques","Battle Royale Box Set","European Land Program","Starter 2000","Beatdown Box Set","Invasion","Seventh Edition","Odyssey","Deckmasters","Onslaught","Eighth Edition","Mirrodin","Champions of Kamigawa","Unhinged","Ninth Edition","Ravnica: City of Guilds","Coldsnap Theme Decks","Time Spiral","Tenth Edition","Masters Edition","Lorwyn","Shadowmoor","Shards of Alara","Duel Decks: Divine vs. Demonic","Magic 2010","Planechase","Masters Edition III","Zendikar","Duel Decks: Garruk vs. Liliana","Premium Deck Series: Slivers","Duel Decks: Phyrexia vs. the Coalition","Rise of the Eldrazi","Duels of the Planeswalkers","Archenemy","Magic 2011","Scars of Mirrodin","Mirrodin Besieged","New Phyrexia","Magic: The Gathering-Commander","Magic 2012","Duel Decks: Ajani vs. Nicol Bolas","Innistrad","Premium Deck Series: Graveborn","Avacyn Restored","Planechase 2012 Edition","Magic 2013","Duel Decks: Izzet vs. Golgari","Return to Ravnica","Duel Decks: Sorin vs. Tibalt","Magic 2014 Core Set","Theros","Commander 2013 Edition","Duel Decks: Jace vs. Vraska","Modern Event Deck 2014","Magic 2015 Core Set","Duel Decks: Speed vs. Cunning","Khans of Tarkir","Commander 2014","Fate Reforged"],"border":"black"},{"layout":"normal","type":"Instant","types":["Instant"],"colors":["Green"],"multiverseid":9763,"name":"Team Spirit","originalType":"Instant","cmc":3,"rarity":"Common","artist":"Terese Nielsen","manaCost":"{2}{G}","text":"All creatures controlled by target player and his or her teammates get +1/+1 until end of turn.","originalText":"All creatures controlled by target player and his or her teammates get +1/+1 until end of turn.","flavor":"Due to some late-night partying, the chicken missed the group photo.","number":"67","imageName":"team spirit","legalities":{"Un-Sets":"Legal"},"printings":["Unglued"]},{"layout":"normal","type":"Summon — Zombie","types":["Summon"],"colors":["Black"],"multiverseid":10717,"name":"Temp of the Damned","subtypes":["Zombie"],"originalType":"Summon — Zombie","cmc":3,"rarity":"Common","artist":"Adam Rex","power":"3","toughness":"3","manaCost":"{2}{B}","text":"When you play Temp of the Damned, roll a six-sided die. Temp of the Damned comes into play with a number of funk counters on it equal to the die roll.\nDuring your upkeep, remove a funk counter from Temp of the Damned or sacrifice Temp of the Damned.","originalText":"When you play Temp of the Damned, roll a six-sided die. Temp of the Damned comes into play with a number of funk counters on it equal to the die roll.\nDuring your upkeep, remove a funk counter from Temp of the Damned or sacrifice Temp of the Damned.","flavor":"\"Not the graveyard shift again!\"","number":"38","imageName":"temp of the damned","legalities":{"Un-Sets":"Legal"},"printings":["Unglued"]},{"layout":"normal","type":"Enchantment","types":["Enchantment"],"colors":["White"],"multiverseid":9773,"name":"The Cheese Stands Alone","originalType":"Enchantment","cmc":6,"rarity":"Rare","artist":"Randy Elliott","manaCost":"{4}{W}{W}","text":"If you control no cards in play other than The Cheese Stands Alone and have no cards in your hand, you win the game.","originalText":"If you control no cards in play other than The Cheese Stands Alone and have no cards in your hand, you win the game.","flavor":"The meat, on the other hand, has frequent visitors.","number":"2","imageName":"the cheese stands alone","legalities":{"Un-Sets":"Legal"},"printings":["Unglued"]},{"layout":"normal","type":"Sorcery","types":["Sorcery"],"colors":["Red"],"multiverseid":9757,"name":"The Ultimate Nightmare of Wizards of the Coast® Customer Service","originalType":"Sorcery","cmc":2,"rarity":"Uncommon","artist":"Melissa A. Benson","manaCost":"{X}{Y}{Z}{R}{R}","text":"The Ultimate Nightmare of Wizards of the Coast® Customer Service deals X damage to each of Y target creatures and Z target players.","originalText":"The Ultimate Nightmare of Wizards of the Coast® Customer Service deals X damage to each of Y target creatures and Z target players.","flavor":"Mon.–Fri. 9:00 A.M.–8:00 P.M. Pacific\n(206) 624-0933","number":"53","imageName":"the ultimate nightmare of wizards of the coastr customer service","legalities":{"Un-Sets":"Legal"},"printings":["Unglued"]},{"layout":"normal","type":"Summon — Legend","types":["Summon"],"colors":["Green"],"multiverseid":9786,"name":"Timmy, Power Gamer","subtypes":["Legend"],"originalType":"Summon — Legend","cmc":4,"rarity":"Rare","artist":"Edward P. Beard, Jr.","power":"1","toughness":"1","manaCost":"{2}{G}{G}","text":"{4}: Put a creature into play from your hand.","originalText":"{4}: Put a creature into play from your hand.","flavor":"\"Just wait till I get my Leviathan . . . .\"","number":"68","imageName":"timmy, power gamer","legalities":{"Un-Sets":"Legal"},"printings":["Unglued"]},{"layout":"normal","type":"Artifact","types":["Artifact"],"multiverseid":9770,"name":"Urza's Contact Lenses","originalType":"Artifact","cmc":0,"rarity":"Uncommon","artist":"David A. Cherry","manaCost":"{0}","text":"Urza's Contact Lenses comes into play tapped and does not untap during its controller's untap phase.\nAll players play with their hands face up.\nClap your hands twice: Tap or untap Urza's Contact Lenses.","originalText":"Urza's Contact Lenses comes into play tapped and does not untap during its controller's untap phase.\nAll players play with their hands face up.\nClap your hands twice: Tap or untap Urza's Contact Lenses.","number":"82","imageName":"urza's contact lenses","legalities":{"Un-Sets":"Legal"},"printings":["Unglued"]},{"layout":"normal","type":"Artifact Creature","types":["Artifact","Creature"],"multiverseid":9731,"name":"Urza's Science Fair Project","originalType":"Artifact Creature","cmc":6,"rarity":"Uncommon","artist":"Claymore J. Flapdoodle","power":"4","toughness":"4","manaCost":"{6}","text":"{2}: Roll a six-sided die for Urza's Science Fair Project.\n1 It gets -2/-2 until end of turn.\n2 It deals no combat damage this turn.\n3 Attacking does not cause it to tap this turn.\n4 It gains first strike until end of turn.\n5 It gains flying until end of turn.\n6 It gets +2/+2 until end of turn.","originalText":"{2}: Roll a six-sided die for Urza's Science Fair Project.\n1 It gets -2/-2 until end of turn.\n2 It deals no combat damage this turn.\n3 Attacking does not cause it to tap this turn.\n4 It gains first strike until end of turn.\n5 It gains flying until end of turn.\n6 It gets +2/+2 until end of turn.","number":"83","imageName":"urza's science fair project","legalities":{"Un-Sets":"Legal"},"printings":["Unglued"]},{"layout":"normal","type":"Enchant Player","types":["Enchant","Player"],"colors":["Black"],"multiverseid":9753,"name":"Volrath's Motion Sensor","originalType":"Enchant Player","cmc":1,"rarity":"Uncommon","artist":"Mark Tedin","manaCost":"{B}","text":"When Volrath's Motion Sensor comes into play, choose target hand controlled by an opponent. Enchanted player balances Volrath's Motion Sensor on the back of that hand.\nIf Volrath's Motion Sensor falls off the hand, sacrifice Volrath's Motion Sensor and that player loses 3 life.","originalText":"When Volrath's Motion Sensor comes into play, choose target hand controlled by an opponent. Enchanted player balances Volrath's Motion Sensor on the back of that hand.\nIf Volrath's Motion Sensor falls off the hand, sacrifice Volrath's Motion Sensor and that player loses 3 life.","number":"39","imageName":"volrath's motion sensor","legalities":{"Un-Sets":"Legal"},"printings":["Unglued"]},{"layout":"token","type":"","multiverseid":5601,"name":"Zombie token card","originalType":"(none)","rarity":"Uncommon","artist":"Christopher Rush","number":"91","imageName":"zombie","legalities":{"Un-Sets":"Legal"},"printings":["Unglued"]}]}