{"name":"From the Vault: Exiled","code":"V09","oldCode":"FVE","releaseDate":"2009-08-28","border":"black","type":"from the vault","cards":[{"layout":"normal","type":"Sorcery","types":["Sorcery"],"colors":["White"],"multiverseid":194966,"name":"Balance","originalType":"Sorcery","cmc":2,"rarity":"Mythic Rare","artist":"Randy Gallegos","manaCost":"{1}{W}","text":"Each player chooses a number of lands he or she controls equal to the number of lands controlled by the player who controls the fewest, then sacrifices the rest. Players discard cards and sacrifice creatures the same way.","originalText":"Each player chooses a number of lands he or she controls equal to the number of lands controlled by the player who controls the fewest, then sacrifices the rest. Players discard cards and sacrifice creatures the same way.","number":"1","rulings":[{"date":"2004-10-04","text":"This spell is not targeted, so cards which can't be targeted, such as a creature with protection from white, are both counted and valid choices for being sacrificed."},{"date":"2004-10-04","text":"All lands sacrificed go to the graveyard simultaneously, then all cards discarded, and finally all creatures sacrificed. Within each group, you pick the order they end up in the graveyard."},{"date":"2004-10-04","text":"Cards are not counted until the appropriate step. So, a land creature sacrificed to the first part of the spell would not count for the last part."}],"imageName":"balance","legalities":{"Legacy":"Banned","Vintage":"Restricted","Freeform":"Legal","Prismatic":"Banned","Tribal Wars Legacy":"Banned","Singleton 100":"Banned","Commander":"Banned"},"printings":["Limited Edition Alpha","Limited Edition Beta","Unlimited Edition","Revised Edition","Fourth Edition","Judge Gift Program","From the Vault: Exiled","Masters Edition IV","Vintage Masters"]},{"layout":"normal","type":"Instant","types":["Instant"],"colors":["Green"],"multiverseid":194969,"name":"Berserk","originalType":"Instant","cmc":1,"rarity":"Mythic Rare","artist":"Steve Prescott","manaCost":"{G}","text":"Cast Berserk only before the combat damage step.\nTarget creature gains trample and gets +X/+0 until end of turn, where X is its power. At the beginning of the next end step, destroy that creature if it attacked this turn.","originalText":"Cast Berserk only before the combat damage step.\nTarget creature gains trample and gets +X/+0 until end of turn, where X is its power. At the beginning of the end step, destroy that creature if it attacked this turn.","number":"2","rulings":[{"date":"2004-10-04","text":"If the permanent stops being a creature before the end of the turn, it is still destroyed."}],"imageName":"berserk","legalities":{"Legacy":"Legal","Vintage":"Legal","Freeform":"Legal","Prismatic":"Legal","Tribal Wars Legacy":"Legal","Singleton 100":"Legal","Commander":"Legal"},"printings":["Limited Edition Alpha","Limited Edition Beta","Unlimited Edition","Masters Edition","From the Vault: Exiled","Vintage Masters"]},{"layout":"normal","type":"Sorcery","types":["Sorcery"],"colors":["Green"],"multiverseid":194967,"name":"Channel","originalType":"Sorcery","cmc":2,"rarity":"Mythic Rare","artist":"Rebecca Guay","manaCost":"{G}{G}","text":"Until end of turn, any time you could activate a mana ability, you may pay 1 life. If you do, add {1} to your mana pool.","originalText":"Until end of turn, any time you could activate a mana ability, you may pay 1 life. If you do, add {1} to your mana pool.","flavor":"To some mages, the meaning of life is less important than how much is left.","number":"3","rulings":[{"date":"2004-10-04","text":"You can't pay life you don't have. In other words, you can't Channel yourself below zero life."}],"imageName":"channel","legalities":{"Legacy":"Banned","Vintage":"Restricted","Freeform":"Legal","Prismatic":"Legal","Tribal Wars Legacy":"Banned","Singleton 100":"Legal","Commander":"Banned"},"printings":["Limited Edition Alpha","Limited Edition Beta","Unlimited Edition","Revised Edition","Fourth Edition","From the Vault: Exiled","Masters Edition IV","Vintage Masters"]},{"layout":"normal","type":"Instant","types":["Instant"],"colors":["Blue"],"multiverseid":194971,"name":"Gifts Ungiven","originalType":"Instant","cmc":4,"rarity":"Mythic Rare","artist":"D. Alexander Gregory","manaCost":"{3}{U}","text":"Search your library for up to four cards with different names and reveal them. Target opponent chooses two of those cards. Put the chosen cards into your graveyard and the rest into your hand. Then shuffle your library.","originalText":"Search your library for four cards with different names and reveal them. Target opponent chooses two of those cards. Put the chosen cards into your graveyard and the rest into your hand. Then shuffle your library.","number":"4","rulings":[{"date":"2004-12-01","text":"You can choose to find fewer than four cards if you want, but your opponent will still put two of those cards into your graveyard."}],"imageName":"gifts ungiven","foreignNames":[{"language":"Chinese Simplified","name":"未送出的礼物"},{"language":"French","name":"Dons non-donnés"},{"language":"German","name":"Ungegebene Geschenke"},{"language":"Italian","name":"Doni Mai Dati"},{"language":"Japanese","name":"けちな贈り物"},{"language":"Portuguese (Brazil)","name":"Dádiva Retirada"},{"language":"Spanish","name":"Regalos no entregados"}],"legalities":{"Modern":"Legal","Kamigawa Block":"Legal","Legacy":"Legal","Vintage":"Restricted","Freeform":"Legal","Prismatic":"Banned","Tribal Wars Legacy":"Legal","Singleton 100":"Banned","Commander":"Banned"},"printings":["Champions of Kamigawa","From the Vault: Exiled","Modern Masters"]},{"layout":"normal","type":"Creature — Goblin","types":["Creature"],"colors":["Red"],"multiverseid":194973,"name":"Goblin Lackey","subtypes":["Goblin"],"originalType":"Creature — Goblin","cmc":1,"rarity":"Mythic Rare","artist":"Christopher Moeller","power":"1","toughness":"1","manaCost":"{R}","text":"Whenever Goblin Lackey deals damage to a player, you may put a Goblin permanent card from your hand onto the battlefield.","originalText":"Whenever Goblin Lackey deals damage to a player, you may put a Goblin permanent card from your hand onto the battlefield.","flavor":"At the first sign of enemy scouts, Jula grinned and strapped on his diplomacy helmet.","number":"5","rulings":[{"date":"2008-08-01","text":"A Goblin permanent card is an artifact, creature, land, and/or enchantment card with the creature type \"Goblin\". Usually such cards will be creatures in addition to any other types, but they may be tribal instead. For example, you could put Boggart Shenanigans onto the battlefield with this effect."}],"imageName":"goblin lackey","legalities":{"Urza Block":"Legal","Legacy":"Legal","Vintage":"Legal","Freeform":"Legal","Prismatic":"Legal","Tribal Wars Legacy":"Legal","Singleton 100":"Legal","Commander":"Legal"},"printings":["Urza's Saga","From the Vault: Exiled","Vintage Masters"]},{"layout":"normal","type":"Creature — Ape","types":["Creature"],"colors":["Red"],"multiverseid":194974,"name":"Kird Ape","subtypes":["Ape"],"originalType":"Creature — Ape","cmc":1,"rarity":"Mythic Rare","artist":"Terese Nielsen","power":"1","toughness":"1","manaCost":"{R}","text":"Kird Ape gets +1/+2 as long as you control a Forest.","originalText":"Kird Ape gets +1/+2 as long as you control a Forest.","flavor":"Apes can be gentle, contemplative beasts—but context is everything.","number":"6","imageName":"kird ape","foreignNames":[{"language":"Chinese Simplified","name":"柯德猿猴"},{"language":"French","name":"Gorille beringeï"},{"language":"German","name":"Kird der Menschenaffe"},{"language":"Italian","name":"Gorilla di Kird"},{"language":"Japanese","name":"密林の猿人"},{"language":"Portuguese (Brazil)","name":"Símio Kird"},{"language":"Russian","name":"Обезьяна Кирд"},{"language":"Spanish","name":"Simio de Kird"}],"legalities":{"Modern":"Legal","Legacy":"Legal","Vintage":"Legal","Freeform":"Legal","Prismatic":"Legal","Tribal Wars Legacy":"Legal","Singleton 100":"Legal","Commander":"Legal"},"printings":["Arabian Nights","Revised Edition","Friday Night Magic","Beatdown Box Set","Ninth Edition","From the Vault: Exiled","Duel Decks: Ajani vs. Nicol Bolas"]},{"layout":"normal","type":"Artifact","types":["Artifact"],"multiverseid":194975,"name":"Lotus Petal","originalType":"Artifact","cmc":0,"rarity":"Mythic Rare","artist":"April Lee","manaCost":"{0}","text":"{T}, Sacrifice Lotus Petal: Add one mana of any color to your mana pool.","originalText":"{T}, Sacrifice Lotus Petal: Add one mana of any color to your mana pool.","flavor":"\"Hard to imagine,\" mused Hanna, stroking the petal, \"such a lovely flower inspiring such greed.\"","number":"7","imageName":"lotus petal","legalities":{"Tempest Block":"Legal","Legacy":"Legal","Vintage":"Restricted","Freeform":"Legal","Prismatic":"Legal","Tribal Wars Legacy":"Legal","Singleton 100":"Legal","Commander":"Legal"},"printings":["Tempest","From the Vault: Exiled"]},{"layout":"normal","type":"Instant","types":["Instant"],"colors":["Blue"],"multiverseid":194976,"name":"Mystical Tutor","originalType":"Instant","cmc":1,"rarity":"Mythic Rare","artist":"David O'Connor","manaCost":"{U}","text":"Search your library for an instant or sorcery card and reveal that card. Shuffle your library, then put the card on top of it.","originalText":"Search your library for an instant or sorcery card and reveal that card. Shuffle your library, then put the card on top of it.","flavor":"The student searches the world for meaning. The master finds worlds of meaning in the search.","number":"8","rulings":[{"date":"2004-10-04","text":"You do not have to find an instant or sorcery card if you do not want to."}],"imageName":"mystical tutor","legalities":{"Mirage Block":"Legal","Legacy":"Banned","Vintage":"Restricted","Freeform":"Legal","Prismatic":"Banned","Tribal Wars Legacy":"Legal","Singleton 100":"Legal","Commander":"Legal"},"printings":["Mirage","Classic Sixth Edition","From the Vault: Exiled"]},{"layout":"normal","type":"Enchantment","types":["Enchantment"],"colors":["Black"],"multiverseid":194977,"name":"Necropotence","originalType":"Enchantment","cmc":3,"rarity":"Mythic Rare","artist":"Dave Kendall","manaCost":"{B}{B}{B}","text":"Skip your draw step.\nWhenever you discard a card, exile that card from your graveyard.\nPay 1 life: Exile the top card of your library face down. Put that card into your hand at the beginning of your next end step.","originalText":"Skip your draw step.\nWhenever you discard a card, exile that card from your graveyard.\nPay 1 life: Exile the top card of your library face down. Put that card into your hand at the beginning of your next end step.","number":"9","rulings":[{"date":"2004-10-04","text":"Removing Necropotence from the battlefield will not stop the cards from the life-payment ability from being put into your hand in the end step."}],"imageName":"necropotence","legalities":{"Ice Age Block":"Legal","Legacy":"Banned","Vintage":"Restricted","Freeform":"Legal","Prismatic":"Legal","Tribal Wars Legacy":"Legal","Singleton 100":"Legal","Commander":"Legal"},"printings":["Ice Age","Fifth Edition","Deckmasters","Masters Edition II","From the Vault: Exiled","Vintage Masters"]},{"layout":"normal","type":"Artifact","types":["Artifact"],"multiverseid":194972,"name":"Sensei's Divining Top","originalType":"Artifact","cmc":1,"rarity":"Mythic Rare","artist":"Michael Sutfin","manaCost":"{1}","text":"{1}: Look at the top three cards of your library, then put them back in any order.\n{T}: Draw a card, then put Sensei's Divining Top on top of its owner's library.","originalText":"{1}: Look at the top three cards of your library, then put them back in any order.\n{T}: Draw a card, then put Sensei's Divining Top on top of its owner's library.","number":"10","imageName":"sensei's divining top","foreignNames":[{"language":"Chinese Simplified","name":"师范占卜陀螺"},{"language":"French","name":"Toupie de divination du sensei"},{"language":"German","name":"Weissagekreisel des Senseis"},{"language":"Italian","name":"Cappa delle Profezie del Sensei"},{"language":"Japanese","name":"師範の占い独楽"},{"language":"Portuguese (Brazil)","name":"Tampo de Adivinhação do Sensei"},{"language":"Spanish","name":"Trompo adivinador del sensei"}],"legalities":{"Modern":"Banned","Kamigawa Block":"Legal","Legacy":"Legal","Vintage":"Legal","Freeform":"Legal","Prismatic":"Legal","Tribal Wars Legacy":"Legal","Singleton 100":"Legal","Commander":"Legal"},"printings":["Champions of Kamigawa","From the Vault: Exiled"]},{"layout":"normal","type":"Creature — Efreet","types":["Creature"],"colors":["Blue"],"multiverseid":194970,"name":"Serendib Efreet","subtypes":["Efreet"],"originalType":"Creature — Efreet","cmc":3,"rarity":"Mythic Rare","artist":"Matt Stewart","power":"3","toughness":"4","manaCost":"{2}{U}","text":"Flying\nAt the beginning of your upkeep, Serendib Efreet deals 1 damage to you.","originalText":"Flying\nAt the beginning of your upkeep, Serendib Efreet deals 1 damage to you.","flavor":"Summoners of efreeti remember only the power of command, never the sting of regret.","number":"11","imageName":"serendib efreet","legalities":{"Legacy":"Legal","Vintage":"Legal","Freeform":"Legal","Prismatic":"Legal","Tribal Wars Legacy":"Legal","Singleton 100":"Legal","Commander":"Legal"},"printings":["Arabian Nights","Revised Edition","Masters Edition","From the Vault: Exiled","Vintage Masters"]},{"layout":"normal","type":"Artifact — Equipment","types":["Artifact"],"multiverseid":194978,"name":"Skullclamp","subtypes":["Equipment"],"originalType":"Artifact — Equipment","cmc":1,"rarity":"Mythic Rare","artist":"Luca Zontini","manaCost":"{1}","text":"Equipped creature gets +1/-1.\nWhenever equipped creature dies, draw two cards.\nEquip {1}","originalText":"Equipped creature gets +1/-1.\nWhen equipped creature is put into a graveyard, draw two cards.\nEquip {1}","flavor":"The mind is a beautiful bounty encased in an annoying bone container.","number":"12","imageName":"skullclamp","foreignNames":[{"language":"Chinese Simplified","name":"备忘夹"},{"language":"French","name":"Pincecrâne"},{"language":"German","name":"Schädelstrammer"},{"language":"Italian","name":"Morsa Cerebrale"},{"language":"Japanese","name":"頭蓋骨絞め"},{"language":"Portuguese (Brazil)","name":"Pinça Craniana"},{"language":"Spanish","name":"Engrampacráneo"}],"legalities":{"Modern":"Banned","Mirrodin Block":"Banned","Legacy":"Banned","Vintage":"Legal","Freeform":"Legal","Prismatic":"Banned","Tribal Wars Legacy":"Banned","Singleton 100":"Banned","Commander":"Legal"},"printings":["Darksteel","From the Vault: Exiled","Magic: The Gathering-Commander","Vintage Masters","Commander 2014"]},{"layout":"normal","type":"Land","types":["Land"],"multiverseid":194968,"name":"Strip Mine","originalType":"Land","rarity":"Mythic Rare","artist":"John Avon","text":"{T}: Add {1} to your mana pool.\n{T}, Sacrifice Strip Mine: Destroy target land.","originalText":"{T}: Add {1} to your mana pool.\n{T}, Sacrifice Strip Mine: Destroy target land.","flavor":"Unlike previous conflicts, the war between Urza and Mishra made Dominaria itself a casualty of war.","number":"13","imageName":"strip mine","legalities":{"Legacy":"Banned","Vintage":"Restricted","Freeform":"Legal","Prismatic":"Banned","Tribal Wars Legacy":"Banned","Singleton 100":"Banned","Commander":"Legal"},"printings":["Antiquities","Fourth Edition","Anthologies","From the Vault: Exiled","Masters Edition IV","Vintage Masters"]},{"layout":"normal","type":"Sorcery","types":["Sorcery"],"colors":["Blue"],"multiverseid":194980,"name":"Tinker","originalType":"Sorcery","cmc":3,"rarity":"Mythic Rare","artist":"Chris Rahn","manaCost":"{2}{U}","text":"As an additional cost to cast Tinker, sacrifice an artifact.\nSearch your library for an artifact card and put that card onto the battlefield. Then shuffle your library.","originalText":"As an additional cost to cast Tinker, sacrifice an artifact.\nSearch your library for an artifact card and put that card onto the battlefield. Then shuffle your library.","flavor":"\"What separates us from mere beasts is the capacity for self-improvement.\"","number":"14","rulings":[{"date":"2004-10-04","text":"Because the \"search\" requires you to find a card with certain characteristics, you don't have to find the card if you don't want to."}],"imageName":"tinker","legalities":{"Urza Block":"Legal","Legacy":"Banned","Vintage":"Restricted","Freeform":"Legal","Prismatic":"Banned","Tribal Wars Legacy":"Banned","Singleton 100":"Banned","Commander":"Banned"},"printings":["Urza's Legacy","From the Vault: Exiled"]},{"layout":"normal","type":"Artifact","types":["Artifact"],"multiverseid":194979,"name":"Trinisphere","originalType":"Artifact","cmc":3,"rarity":"Mythic Rare","artist":"Tim Hildebrandt","manaCost":"{3}","text":"As long as Trinisphere is untapped, each spell that would cost less than three mana to cast costs three mana to cast. (Additional mana in the cost may be paid with any color of mana or colorless mana. For example, a spell that would cost {1}{B} to cast costs {2}{B} to cast instead.)","originalText":"As long as Trinisphere is untapped, each spell that would cost less than three mana to cast costs three mana to cast.","flavor":"Designed to restrain petty thoughts, but used to repress entire empires.","number":"15","rulings":[{"date":"2004-12-01","text":"Trinisphere's ability affects the total cost of the spell. It is applied *after* any other cost increasers or cost reducers are applied: First apply any cost increases. Next apply any cost reducers. Finally look at the amount of mana you have to pay. If it's less than three mana, you'll pay three mana."},{"date":"2004-12-01","text":"Even with a cost reducer on the battlefield, spells can't cost less than three mana to cast."},{"date":"2004-12-01","text":"If a spell costs at least three mana due to additional costs, such as kicker costs, that's fine."},{"date":"2004-12-01","text":"You still need to pay any additional nonmana costs the spell has, such as sacrificing a creature or discarding cards."},{"date":"2004-12-01","text":"Casting a creature with morph face down already costs three mana, even though the converted mana cost of the face-down spell is zero, so Trinisphere normally doesn't modify the total cost of a face-down creature spell. However, if Dream Chisel is reducing that cost while Trinisphere is on the battlefield, you'll still have to pay three mana for the spell."}],"imageName":"trinisphere","foreignNames":[{"language":"Chinese Simplified","name":"三定法球"},{"language":"French","name":"Trinisphère"},{"language":"German","name":"Trinisphäre"},{"language":"Italian","name":"Trinisfera"},{"language":"Japanese","name":"三なる宝球"},{"language":"Portuguese (Brazil)","name":"Trinesfera"},{"language":"Spanish","name":"Triniesfera"}],"legalities":{"Modern":"Legal","Mirrodin Block":"Legal","Legacy":"Legal","Vintage":"Restricted","Freeform":"Legal","Prismatic":"Legal","Tribal Wars Legacy":"Legal","Singleton 100":"Legal","Commander":"Legal"},"printings":["Darksteel","From the Vault: Exiled"]}]}