{"name":"From the Vault: Relics","code":"V10","releaseDate":"2010-08-27","border":"black","type":"from the vault","cards":[{"layout":"normal","type":"Artifact","types":["Artifact"],"multiverseid":212630,"name":"Æther Vial","originalType":"Artifact","cmc":1,"rarity":"Mythic Rare","artist":"Karl Kopinski","manaCost":"{1}","text":"At the beginning of your upkeep, you may put a charge counter on Æther Vial.\n{T}: You may put a creature card with converted mana cost equal to the number of charge counters on Æther Vial from your hand onto the battlefield.","originalText":"At the beginning of your upkeep, you may put a charge counter on Æther Vial.\n{T}: You may put a creature card with converted mana cost equal to the number of charge counters on Æther Vial from your hand onto the battlefield.","number":"1","imageName":"aether vial","foreignNames":[{"language":"Chinese Simplified","name":"乙太精瓶"},{"language":"French","name":"Fiole d'Æther"},{"language":"German","name":"Ätherphiole"},{"language":"Italian","name":"Fiala Eterea"},{"language":"Japanese","name":"霊気の薬瓶"},{"language":"Portuguese (Brazil)","name":"Frasco do Éter"},{"language":"Spanish","name":"Frasco de éter"}],"legalities":{"Modern":"Legal","Mirrodin Block":"Banned","Legacy":"Legal","Vintage":"Legal","Freeform":"Legal","Prismatic":"Legal","Tribal Wars Legacy":"Legal","Singleton 100":"Legal","Commander":"Legal"},"printings":["Darksteel","From the Vault: Relics","Modern Masters"]},{"layout":"normal","type":"Artifact","types":["Artifact"],"multiverseid":212636,"name":"Black Vise","originalType":"Artifact","cmc":1,"rarity":"Mythic Rare","artist":"Dan Scott","manaCost":"{1}","text":"As Black Vise enters the battlefield, choose an opponent.\nAt the beginning of the chosen player's upkeep, Black Vise deals X damage to that player, where X is the number of cards in his or her hand minus 4.","originalText":"As Black Vise enters the battlefield, choose an opponent.\nAt the beginning of the chosen player's upkeep, Black Vise deals X damage to that player, where X is the number of cards in his or her hand minus 4.","number":"2","rulings":[{"date":"2004-10-04","text":"You choose one opposing player as it enters the battlefield and it only affects that one player. This choice is not changed even if Black Vise changes controllers. It becomes useless but stays on the battlefield if that player leaves the game."},{"date":"2009-10-01","text":"If the chosen player has four or fewer cards in his or her hand as Black Vise's ability resolves, the ability just won't do anything that turn."}],"imageName":"black vise","legalities":{"Legacy":"Banned","Vintage":"Legal","Prismatic":"Legal","Tribal Wars Legacy":"Legal","Singleton 100":"Legal","Commander":"Legal"},"printings":["Limited Edition Alpha","Limited Edition Beta","Unlimited Edition","Revised Edition","Fourth Edition","Masters Edition III","From the Vault: Relics"]},{"layout":"normal","type":"Artifact","types":["Artifact"],"multiverseid":212626,"name":"Isochron Scepter","originalType":"Artifact","cmc":2,"rarity":"Mythic Rare","artist":"Chippy","manaCost":"{2}","text":"Imprint — When Isochron Scepter enters the battlefield, you may exile an instant card with converted mana cost 2 or less from your hand.\n{2}, {T}: You may copy the exiled card. If you do, you may cast the copy without paying its mana cost.","originalText":"Imprint — When Isochron Scepter enters the battlefield, you may exile an instant card with converted mana cost 2 or less from your hand.\n{2}, {T}: You may copy the exiled card. If you do, you may cast the copy without paying its mana cost.","number":"3","rulings":[{"date":"2004-10-04","text":"If the imprinted card leaves the Exile zone while the ability to make a copy is on the stack, then no copy will be made."},{"date":"2004-10-04","text":"If this card leaves the battlefield while the ability to make a copy is on the stack, the ability will still make a copy using the last-known-information rule."},{"date":"2004-12-01","text":"Isochron Scepter's second ability creates a copy of the imprinted card in the Exile zone (that's where the imprinted instant card is), then allows you to cast it without paying its mana cost."},{"date":"2004-12-01","text":"You cast the copy while this ability is resolving, and still on the stack. Normally, you're not allowed to cast spells or activate abilities at this time. Isochron Scepter's ability provides an exception."},{"date":"2004-12-01","text":"You don't pay the spell's mana cost. If the spell has X in its mana cost, X is 0. You do pay any additional costs for that spell. You can't use any alternative costs."},{"date":"2004-12-01","text":"If the copied card is a split card, you may choose to cast either side of the split card, but not both. The split cards Fire/Ice, Illusion/Reality, Night/Day, Stand/Deliver, and Wax/Wane all have at least one side with converted mana cost 2 or less.)"},{"date":"2004-12-01","text":"You can't cast the copy if an effect prevents you from casting instants or from casting that particular instant."},{"date":"2004-12-01","text":"You can't cast the copy unless all of its targets can be chosen."},{"date":"2004-12-01","text":"If you don't want to cast the copy, you can choose not to; the copy ceases to exist the next time state-based actions are checked."},{"date":"2005-03-01","text":"The creation of the copy and then the casting of the copy are both optional."}],"imageName":"isochron scepter","foreignNames":[{"language":"French","name":"Sceptre isochronique"},{"language":"German","name":"Isochron-Szepter"},{"language":"Italian","name":"Scettro Isocrono"},{"language":"Japanese","name":"等時の王笏"},{"language":"Portuguese (Brazil)","name":"Cetro Isócrono"},{"language":"Spanish","name":"Cetro isócrono"}],"legalities":{"Modern":"Legal","Mirrodin Block":"Legal","Legacy":"Legal","Vintage":"Legal","Freeform":"Legal","Prismatic":"Legal","Tribal Wars Legacy":"Legal","Singleton 100":"Legal","Commander":"Legal"},"printings":["Friday Night Magic","Mirrodin","From the Vault: Relics","Duel Decks: Izzet vs. Golgari"]},{"layout":"normal","type":"Artifact","types":["Artifact"],"multiverseid":212639,"name":"Ivory Tower","originalType":"Artifact","cmc":1,"rarity":"Mythic Rare","artist":"Jason Chan","manaCost":"{1}","text":"At the beginning of your upkeep, you gain X life, where X is the number of cards in your hand minus 4.","originalText":"At the beginning of your upkeep, you gain X life, where X is the number of cards in your hand minus four.","flavor":"Valuing scholarship above all else, the inhabitants of the Ivory Tower reward those who sacrifice power for knowledge.","number":"4","rulings":[{"date":"2004-10-04","text":"If you have four or fewer cards in your hand when Ivory Tower's ability resolves, the ability has no effect."}],"imageName":"ivory tower","legalities":{"Legacy":"Legal","Vintage":"Legal","Freeform":"Legal","Prismatic":"Legal","Tribal Wars Legacy":"Legal","Singleton 100":"Legal","Commander":"Legal"},"printings":["Antiquities","Revised Edition","Fourth Edition","Masters Edition","From the Vault: Relics","Vintage Masters"]},{"layout":"normal","type":"Artifact","types":["Artifact"],"multiverseid":212627,"name":"Jester's Cap","originalType":"Artifact","cmc":4,"rarity":"Mythic Rare","artist":"D. Alexander Gregory","manaCost":"{4}","text":"{2}, {T}, Sacrifice Jester's Cap: Search target player's library for three cards and exile them. Then that player shuffles his or her library.","originalText":"{2}, {T}, Sacrifice Jester's Cap: Search target player's library for three cards and exile them. Then that player shuffles his or her library.","flavor":"\"Know your foes' strengths as well as their weaknesses.\"\n—Arcum Dagsson, Soldevi machinist","number":"5","rulings":[{"date":"2004-10-04","text":"If the player has less than 3 cards in their library, just exile all the cards that are there."}],"imageName":"jester's cap","foreignNames":[{"language":"Chinese Simplified","name":"小丑帽"},{"language":"French","name":"Bonnet du bouffon"},{"language":"German","name":"Narrenkappe"},{"language":"Italian","name":"Cappello del Giullare"},{"language":"Japanese","name":"道化の帽子"},{"language":"Portuguese (Brazil)","name":"Gorro do Bufão"},{"language":"Russian","name":"Шутовской колпак"},{"language":"Spanish","name":"Gorro de bufón"}],"legalities":{"Modern":"Legal","Ice Age Block":"Legal","Legacy":"Legal","Vintage":"Legal","Freeform":"Legal","Prismatic":"Legal","Tribal Wars Legacy":"Legal","Singleton 100":"Legal","Commander":"Legal"},"printings":["Ice Age","Fifth Edition","Ninth Edition","From the Vault: Relics"]},{"layout":"normal","supertypes":["Legendary"],"type":"Legendary Artifact Creature — Golem","types":["Artifact","Creature"],"multiverseid":212632,"name":"Karn, Silver Golem","subtypes":["Golem"],"originalType":"Legendary Artifact Creature — Golem","cmc":5,"rarity":"Mythic Rare","artist":"Mark Zug","power":"4","toughness":"4","manaCost":"{5}","text":"Whenever Karn, Silver Golem blocks or becomes blocked, it gets -4/+4 until end of turn.\n{1}: Target noncreature artifact becomes an artifact creature with power and toughness each equal to its converted mana cost until end of turn.","originalText":"Whenever Karn, Silver Golem blocks or becomes blocked, it gets -4/+4 until end of turn.\n{1}: Target noncreature artifact becomes an artifact creature with power and toughness each equal to its converted mana cost until end of turn.","number":"6","rulings":[{"date":"2004-10-04","text":"The blocking ability triggers only once no matter how many blockers are declared."},{"date":"2008-08-01","text":"A noncreature permanent that turns into a creature can attack, and its {T} abilities can be activated, only if its controller has continuously controlled that permanent since the beginning of his or her most recent turn. It doesn't matter how long the permanent has been a creature."}],"imageName":"karn, silver golem","legalities":{"Urza Block":"Legal","Legacy":"Legal","Vintage":"Legal","Freeform":"Legal","Prismatic":"Legal","Tribal Wars Legacy":"Legal","Singleton 100":"Legal","Commander":"Legal"},"printings":["Arena League","Urza's Saga","From the Vault: Relics","Vintage Masters"]},{"layout":"normal","type":"Artifact Creature — Masticore","types":["Artifact","Creature"],"multiverseid":212629,"name":"Masticore","subtypes":["Masticore"],"originalType":"Artifact Creature — Masticore","cmc":4,"rarity":"Mythic Rare","artist":"Steven Belledin","power":"4","toughness":"4","manaCost":"{4}","text":"At the beginning of your upkeep, sacrifice Masticore unless you discard a card.\n{2}: Masticore deals 1 damage to target creature.\n{2}: Regenerate Masticore.","originalText":"At the beginning of your upkeep, sacrifice Masticore unless you discard a card.\n{2}: Masticore deals 1 damage to target creature.\n{2}: Regenerate Masticore.","number":"7","imageName":"masticore","legalities":{"Urza Block":"Legal","Legacy":"Legal","Vintage":"Legal","Freeform":"Legal","Prismatic":"Legal","Tribal Wars Legacy":"Legal","Singleton 100":"Legal","Commander":"Legal"},"printings":["Urza's Destiny","From the Vault: Relics","Vintage Masters"]},{"layout":"normal","type":"Artifact","types":["Artifact"],"multiverseid":212633,"name":"Memory Jar","originalType":"Artifact","cmc":5,"rarity":"Mythic Rare","artist":"Donato Giancola","manaCost":"{5}","text":"{T}, Sacrifice Memory Jar: Each player exiles all cards from his or her hand face down and draws seven cards. At the beginning of the next end step, each player discards his or her hand and returns to his or her hand each card he or she exiled this way.","originalText":"{T}, Sacrifice Memory Jar: Each player exiles all cards from his or her hand face down and draws seven cards. At the beginning of the next end step, each player discards his or her hand and returns to his or her hand each card he or she exiled this way.","number":"8","rulings":[{"date":"2004-10-04","text":"You can't look at the cards you exiled until they return to your hand."}],"imageName":"memory jar","legalities":{"Urza Block":"Banned","Legacy":"Banned","Vintage":"Restricted","Freeform":"Legal","Prismatic":"Legal","Tribal Wars Legacy":"Legal","Singleton 100":"Legal","Commander":"Legal"},"printings":["Urza's Legacy","From the Vault: Relics","Vintage Masters"]},{"layout":"normal","supertypes":["Legendary"],"type":"Legendary Artifact","types":["Artifact"],"multiverseid":212635,"name":"Mirari","originalType":"Legendary Artifact","cmc":5,"rarity":"Mythic Rare","artist":"Donato Giancola","manaCost":"{5}","text":"Whenever you cast an instant or sorcery spell, you may pay {3}. If you do, copy that spell. You may choose new targets for the copy.","originalText":"Whenever you cast an instant or sorcery spell, you may pay {3}. If you do, copy that spell. You may choose new targets for the copy.","flavor":"\"It offers you what you want, not what you need.\"\n—Braids, dementia summoner","number":"9","rulings":[{"date":"2004-10-04","text":"Everything about the original spell is copied, including any decisions made on announcement, such as whether it was kicked or its Buyback cost was paid. Effects on the spell, such as Sleight of Mind or Flashback, are not copied."},{"date":"2004-10-04","text":"If the copied spell requires a target and there are no legal targets, then the copy has the same target (which should be illegal) as the original."},{"date":"2004-10-04","text":"If the spell is countered before the triggered ability resolves, then the ability will make a copy of how the spell looked right before it was countered."},{"date":"2004-10-04","text":"It triggers once per spell, so you can't get multiple copies of a spell using this card. And since this card is legendary, you can't control more than one."},{"date":"2004-10-04","text":"The copy is not \"cast\" so it will not trigger anything that triggers on a spell being cast."},{"date":"2004-10-04","text":"You choose whether or not to pay when the triggered ability resolves."},{"date":"2004-10-04","text":"You are not required to choose new targets. If you do choose, then the targets must be legal. If you don't change them, the spell is placed on the stack whether or not the targets are legal. The legality of the targets is always checked on resolution of the spell, so the spell may be countered at that time if all of its targets are illegal."}],"imageName":"mirari","foreignNames":[{"language":"Chinese Simplified","name":"映奇宝珠"},{"language":"Japanese","name":"ミラーリ"},{"language":"Russian","name":"Мирари"}],"legalities":{"Modern":"Legal","Time Spiral Block":"Legal","Odyssey Block":"Legal","Legacy":"Legal","Vintage":"Legal","Freeform":"Legal","Prismatic":"Legal","Tribal Wars Legacy":"Legal","Singleton 100":"Legal","Commander":"Legal"},"printings":["Odyssey","Time Spiral \"Timeshifted\"","From the Vault: Relics","Commander 2013 Edition"]},{"layout":"normal","type":"Artifact","types":["Artifact"],"multiverseid":212634,"name":"Mox Diamond","originalType":"Artifact","cmc":0,"rarity":"Mythic Rare","artist":"Volkan Baga","manaCost":"{0}","text":"If Mox Diamond would enter the battlefield, you may discard a land card instead. If you do, put Mox Diamond onto the battlefield. If you don't, put it into its owner's graveyard.\n{T}: Add one mana of any color to your mana pool.","originalText":"If Mox Diamond would enter the battlefield, you may discard a land card instead. If you do, put Mox Diamond onto the battlefield. If you don't, put it into its owner's graveyard.\n{T}: Add one mana of any color to your mana pool.","number":"10","rulings":[{"date":"2008-05-01","text":"If you don't discard a land card, Mox Diamond never enters the battlefield. It won't trigger abilities that look for something entering the battlefield, and you won't get the opportunity to tap it for mana."}],"imageName":"mox diamond","legalities":{"Tempest Block":"Legal","Legacy":"Legal","Vintage":"Legal","Prismatic":"Legal","Tribal Wars Legacy":"Legal","Singleton 100":"Legal","Commander":"Legal"},"printings":["Stronghold","From the Vault: Relics"]},{"layout":"normal","type":"Artifact","types":["Artifact"],"multiverseid":212637,"name":"Nevinyrral's Disk","originalType":"Artifact","cmc":4,"rarity":"Mythic Rare","artist":"Steve Argyle","manaCost":"{4}","text":"Nevinyrral's Disk enters the battlefield tapped.\n{1}, {T}: Destroy all artifacts, creatures, and enchantments.","originalText":"Nevinyrral's Disk enters the battlefield tapped.\n{1}, {T}: Destroy all artifacts, creatures, and enchantments.","number":"11","rulings":[{"date":"2005-08-01","text":"Creatures can be regenerated although the Auras on the creatures will still be destroyed by the Disk."},{"date":"2013-07-01","text":"The destruction of the Disk is not a sacrifice. It is destroyed as part of the resolution if it is still on the battlefield. If an effect gives Nevinyrral's Disk indestructible or regenerates it, it won't be destroyed by its ability."}],"imageName":"nevinyrral's disk","foreignNames":[{"language":"Chinese Simplified","name":"妮维亚洛之碟"},{"language":"French","name":"Disque de Nevinyrral"},{"language":"German","name":"Nevinyrrals Wunderscheibe"},{"language":"Italian","name":"Disco di Nevinyrral"},{"language":"Japanese","name":"ネビニラルの円盤"},{"language":"Spanish","name":"Disco de Nevinyrral"}],"legalities":{"Legacy":"Legal","Vintage":"Legal","Freeform":"Legal","Prismatic":"Legal","Tribal Wars Legacy":"Legal","Singleton 100":"Legal","Commander":"Legal"},"printings":["Limited Edition Alpha","Limited Edition Beta","Unlimited Edition","Revised Edition","Fourth Edition","Fifth Edition","Anthologies","Masters Edition","From the Vault: Relics","Commander 2013 Edition","Vintage Masters","Commander 2014"]},{"layout":"normal","type":"Artifact","types":["Artifact"],"multiverseid":212638,"name":"Sol Ring","originalType":"Artifact","cmc":1,"rarity":"Mythic Rare","artist":"Mike Bierek","manaCost":"{1}","text":"{T}: Add {2} to your mana pool.","originalText":"{T}: Add {2} to your mana pool.","flavor":"Lost to time is the artificer's art of trapping light from a distant star in a ring of purest gold.","number":"12","imageName":"sol ring","foreignNames":[{"language":"Chinese Simplified","name":"阳光戒"},{"language":"French","name":"Anneau solaire"},{"language":"German","name":"Sonnenring"},{"language":"Italian","name":"Anello Solare"},{"language":"Japanese","name":"太陽のリング"},{"language":"Spanish","name":"Anillo solar"}],"legalities":{"Legacy":"Banned","Vintage":"Restricted","Freeform":"Legal","Prismatic":"Banned","Tribal Wars Legacy":"Banned","Singleton 100":"Banned","Commander":"Legal"},"printings":["Limited Edition Alpha","Limited Edition Beta","Unlimited Edition","Revised Edition","Judge Gift Program","From the Vault: Relics","Masters Edition IV","Magic: The Gathering-Commander","Commander 2013 Edition","Vintage Masters","Commander 2014"]},{"layout":"normal","type":"Artifact Creature — Golem","types":["Artifact","Creature"],"multiverseid":212631,"name":"Sundering Titan","subtypes":["Golem"],"originalType":"Artifact Creature — Golem","cmc":8,"rarity":"Mythic Rare","artist":"Jim Murray","power":"7","toughness":"10","manaCost":"{8}","text":"When Sundering Titan enters the battlefield or leaves the battlefield, choose a land of each basic land type, then destroy those lands.","originalText":"When Sundering Titan enters the battlefield or leaves the battlefield, choose a land of each basic land type, then destroy those lands.","number":"13","rulings":[{"date":"2004-12-01","text":"Sundering Titan's two abilities aren't targeted. When one of the abilities resolves, the Titan's controller must choose one land for each basic land type (Plains, Island, Swamp, Mountain, and Forest)."},{"date":"2004-12-01","text":"If one of the basic land types isn't present, it isn't chosen. If the only land of a certain type is one you control, you must choose it."},{"date":"2004-12-01","text":"If a land has more than one basic land type, it can be chosen more than once."},{"date":"2004-12-01","text":"All the chosen lands are destroyed simultaneously."}],"imageName":"sundering titan","foreignNames":[{"language":"Chinese Simplified","name":"裂地泰坦"},{"language":"French","name":"Titan morceleur"},{"language":"German","name":"Trennender Titan"},{"language":"Italian","name":"Titano Frantumatore"},{"language":"Japanese","name":"隔離するタイタン"},{"language":"Portuguese (Brazil)","name":"Titã Esfacelador"},{"language":"Spanish","name":"Titán quebrador"}],"legalities":{"Modern":"Legal","Mirrodin Block":"Legal","Legacy":"Legal","Vintage":"Legal","Freeform":"Legal","Prismatic":"Banned","Tribal Wars Legacy":"Legal","Singleton 100":"Legal","Commander":"Banned"},"printings":["Darksteel","Archenemy","From the Vault: Relics"]},{"layout":"normal","type":"Artifact — Equipment","types":["Artifact"],"multiverseid":212640,"name":"Sword of Body and Mind","subtypes":["Equipment"],"originalType":"Artifact — Equipment","cmc":3,"rarity":"Mythic Rare","artist":"Chris Rahn","manaCost":"{3}","text":"Equipped creature gets +2/+2 and has protection from green and from blue.\nWhenever equipped creature deals combat damage to a player, you put a 2/2 green Wolf creature token onto the battlefield and that player puts the top ten cards of his or her library into his or her graveyard.\nEquip {2}","originalText":"Equipped creature gets +2/+2 and has protection from green and from blue.\nWhenever equipped creature deals combat damage to a player, you put a 2/2 green Wolf creature token onto the battlefield and that player puts the top ten cards of his or her library into his or her graveyard.\nEquip {2}","number":"14","rulings":[{"date":"2011-01-01","text":"If there are fewer than ten cards in that player's library, that player puts all the cards from his or her library into his or her graveyard."}],"imageName":"sword of body and mind","foreignNames":[{"language":"Chinese Simplified","name":"身灵剑"},{"language":"Chinese Traditional","name":"身靈劍"},{"language":"French","name":"Épée de corps et d'esprit"},{"language":"German","name":"Schwert aus Körper und Verstand"},{"language":"Italian","name":"Spada di Corpo e Mente"},{"language":"Japanese","name":"肉体と精神の剣"},{"language":"Portuguese (Brazil)","name":"Espada de Corpo e Mente"},{"language":"Russian","name":"Меч Тела и Духа"},{"language":"Spanish","name":"Espada de cuerpo y mente"}],"legalities":{"Modern":"Legal","Scars of Mirrodin Block":"Legal","Legacy":"Legal","Vintage":"Legal","Freeform":"Legal","Prismatic":"Legal","Tribal Wars Legacy":"Legal","Singleton 100":"Legal","Commander":"Legal"},"printings":["From the Vault: Relics","Scars of Mirrodin"]},{"layout":"normal","type":"Artifact","types":["Artifact"],"multiverseid":212628,"name":"Zuran Orb","originalType":"Artifact","cmc":0,"rarity":"Mythic Rare","artist":"Ryan Pancoast","manaCost":"{0}","text":"Sacrifice a land: You gain 2 life.","originalText":"Sacrifice a land: You gain 2 life.","flavor":"\"I will go to any length to achieve my goal. Eternal life is worth any sacrifice.\"\n—Zur the Enchanter","number":"15","imageName":"zuran orb","legalities":{"Ice Age Block":"Banned","Legacy":"Legal","Vintage":"Legal","Freeform":"Legal","Prismatic":"Legal","Tribal Wars Legacy":"Legal","Singleton 100":"Legal","Commander":"Legal"},"printings":["Ice Age","Masters Edition","From the Vault: Relics"]}]}