{"name":"From the Vault: Legends","code":"V11","oldCode":"FVL","releaseDate":"2011-08-26","border":"black","type":"from the vault","cards":[{"layout":"normal","supertypes":["Legendary"],"type":"Legendary Creature — Human Soldier","types":["Creature"],"colors":["Black"],"multiverseid":244670,"name":"Cao Cao, Lord of Wei","subtypes":["Human","Soldier"],"originalType":"Legendary Creature — Human Soldier","cmc":5,"rarity":"Mythic Rare","artist":"Gao Jianzhang","power":"3","toughness":"3","manaCost":"{3}{B}{B}","text":"{T}: Target opponent discards two cards. Activate this ability only during your turn, before attackers are declared.","originalText":"{T}: Target opponent discards two cards. Activate this ability only during your turn, before attackers are declared.","number":"1","rulings":[{"date":"2013-09-20","text":"If a turn has multiple combat phases, the ability can only be activated before the beginning of the declare attackers step of the first combat phase in that turn."}],"imageName":"cao cao, lord of wei","legalities":{"Legacy":"Legal","Vintage":"Legal","Freeform":"Legal","Prismatic":"Legal","Singleton 100":"Legal","Commander":"Legal"},"printings":["Portal Three Kingdoms","From the Vault: Legends"]},{"layout":"normal","supertypes":["Legendary"],"type":"Legendary Creature — Human Soldier","types":["Creature"],"colors":["White","Green"],"multiverseid":244665,"name":"Captain Sisay","subtypes":["Human","Soldier"],"originalType":"Legendary Creature — Human Soldier","cmc":4,"rarity":"Mythic Rare","artist":"Ray Lago","power":"2","toughness":"2","manaCost":"{2}{G}{W}","text":"{T}: Search your library for a legendary card, reveal that card, and put it into your hand. Then shuffle your library.","originalText":"{T}: Search your library for a legendary card, reveal that card, and put it into your hand. Then shuffle your library.","flavor":"Her leadership forged the Weatherlight's finest crew.","number":"2","rulings":[{"date":"2004-10-04","text":"Because the \"search\" requires you to find a card with certain characteristics, you don't have to find the card if you don't want to."}],"imageName":"captain sisay","foreignNames":[{"language":"French","name":"Capitaine Sissay"},{"language":"German","name":"Kapitän Sisay"}],"legalities":{"Invasion Block":"Legal","Legacy":"Legal","Vintage":"Legal","Freeform":"Legal","Prismatic":"Legal","Tribal Wars Legacy":"Legal","Singleton 100":"Legal","Commander":"Legal"},"printings":["Invasion","From the Vault: Legends"]},{"layout":"normal","supertypes":["Legendary"],"type":"Legendary Creature — Treefolk Shaman","types":["Creature"],"colors":["White","Black","Green"],"multiverseid":244674,"name":"Doran, the Siege Tower","subtypes":["Treefolk","Shaman"],"originalType":"Legendary Creature — Treefolk Shaman","cmc":3,"rarity":"Mythic Rare","artist":"Mark Zug","power":"0","toughness":"5","manaCost":"{B}{G}{W}","text":"Each creature assigns combat damage equal to its toughness rather than its power.","originalText":"Each creature assigns combat damage equal to its toughness rather than its power.","flavor":"\"Each year that passes rings you inwardly with memory and might. Wield your heart, and the world will tremble.\"","number":"3","rulings":[{"date":"2007-10-01","text":"Doran's ability means, for example, that a 2/3 creature will assign 3 damage in combat instead of 2."},{"date":"2007-10-01","text":"Doran's ability doesn't actually change creatures' power; it changes only the value of the combat damage they assign. All other rules and effects that check power or toughness use the real values."},{"date":"2007-10-01","text":"This effect is mandatory and affects all creatures."}],"imageName":"doran, the siege tower","foreignNames":[{"language":"Chinese Traditional","name":"攻城塔杜藍"},{"language":"Chinese Simplified","name":"攻城塔杜蓝"},{"language":"French","name":"Doran, la Tour de siège"},{"language":"German","name":"Doran, der Belagerungsturm"},{"language":"Italian","name":"Doran, la Torre d'Assedio"},{"language":"Japanese","name":"包囲の搭、ドラン"},{"language":"Portuguese (Brazil)","name":"Doran, a Torre de Cerco"},{"language":"Russian","name":"Доран, Осадная Башня"},{"language":"Spanish","name":"Dóran, la torre de asedio"}],"legalities":{"Modern":"Legal","Lorwyn-Shadowmoor Block":"Legal","Legacy":"Legal","Vintage":"Legal","Freeform":"Legal","Prismatic":"Legal","Tribal Wars Legacy":"Legal","Singleton 100":"Legal","Commander":"Legal"},"printings":["Champs and States","Lorwyn","From the Vault: Legends"]},{"layout":"normal","supertypes":["Legendary"],"type":"Legendary Creature — Goblin Shaman","types":["Creature"],"colors":["Red"],"multiverseid":244666,"name":"Kiki-Jiki, Mirror Breaker","subtypes":["Goblin","Shaman"],"originalType":"Legendary Creature — Goblin Shaman","cmc":5,"rarity":"Mythic Rare","artist":"Steven Belledin","power":"2","toughness":"2","manaCost":"{2}{R}{R}{R}","text":"Haste\n{T}: Put a token that's a copy of target nonlegendary creature you control onto the battlefield. That token has haste. Sacrifice it at the beginning of the next end step.","originalText":"Haste\n{T}: Put a token that's a copy of target nonlegendary creature you control onto the battlefield. That token has haste. Sacrifice it at the beginning of the next end step.","number":"4","rulings":[{"date":"2013-06-07","text":"As the token is created, it checks the printed values of the creature it's copying -- or, if that creature is itself a token, the original characteristics of that token as stated by the effect that put it onto the battlefield -- as well as any copy effects that have been applied to it. It won't copy counters on the creature, nor will it copy other effects that have changed the creature's power, toughness, types, color, or so on."},{"date":"2013-06-07","text":"Haste is part of the token's copiable values. Copies of that token will also have haste."}],"imageName":"kiki-jiki, mirror breaker","foreignNames":[{"language":"Chinese Simplified","name":"裂镜奇奇几奇"},{"language":"French","name":"Kiki-Jiki, brise-miroir"},{"language":"German","name":"Kiki-Jiki, Spiegelzerbrecher"},{"language":"Italian","name":"Kiki-Jiki, Spaccaspecchi"},{"language":"Japanese","name":"鏡割りのキキジキ"},{"language":"Portuguese (Brazil)","name":"Kiki-Jiki, o Estilhaçador de Espelhos"},{"language":"Spanish","name":"Kiki-Jiki, el rompe espejos"}],"legalities":{"Modern":"Legal","Kamigawa Block":"Legal","Legacy":"Legal","Vintage":"Legal","Freeform":"Legal","Prismatic":"Legal","Tribal Wars Legacy":"Legal","Singleton 100":"Legal","Commander":"Legal"},"printings":["Champions of Kamigawa","From the Vault: Legends","Modern Masters"]},{"layout":"normal","supertypes":["Legendary"],"type":"Legendary Creature — Human Warrior","types":["Creature"],"colors":["Black","Red","Green"],"multiverseid":244672,"name":"Kresh the Bloodbraided","subtypes":["Human","Warrior"],"originalType":"Legendary Creature — Human Warrior","cmc":5,"rarity":"Mythic Rare","artist":"Steve Argyle","power":"3","toughness":"3","manaCost":"{2}{B}{R}{G}","text":"Whenever another creature dies, you may put X +1/+1 counters on Kresh the Bloodbraided, where X is that creature's power.","originalText":"Whenever another creature dies, you may put X +1/+1 counters on Kresh the Bloodbraided, where X is that creature's power.","flavor":"Each of his twenty-two braids is bound with bone and leather from a foe.","number":"5","rulings":[{"date":"2008-10-01","text":"X is equal to the power of the creature as it last existed on the battlefield."}],"imageName":"kresh the bloodbraided","foreignNames":[{"language":"Chinese Simplified","name":"血辫奎许"},{"language":"French","name":"Kresh aux Nattes sanguinolentes"},{"language":"German","name":"Kresh Blutzopf"},{"language":"Italian","name":"Kresh dalle Trecce Rosse"},{"language":"Japanese","name":"血編み髪のクレシュ"},{"language":"Portuguese (Brazil)","name":"Kresh Tranças-de-Sangue"},{"language":"Russian","name":"Креш Кровавокосый"},{"language":"Spanish","name":"Kresh Trenzas Sangrientas"}],"legalities":{"Modern":"Legal","Shards of Alara Block":"Legal","Legacy":"Legal","Vintage":"Legal","Freeform":"Legal","Prismatic":"Legal","Tribal Wars Legacy":"Legal","Singleton 100":"Legal","Commander":"Legal"},"printings":["Shards of Alara","From the Vault: Legends"]},{"layout":"normal","supertypes":["Legendary"],"type":"Legendary Creature — Human Cleric","types":["Creature"],"colors":["White"],"multiverseid":259296,"name":"Mikaeus, the Lunarch","subtypes":["Human","Cleric"],"originalType":"Legendary Creature — Human Cleric","cmc":1,"rarity":"Mythic Rare","artist":"Steven Belledin","power":"0","toughness":"0","manaCost":"{X}{W}","text":"Mikaeus, the Lunarch enters the battlefield with X +1/+1 counters on it.\n{T}: Put a +1/+1 counter on Mikaeus.\n{T}, Remove a +1/+1 counter from Mikaeus: Put a +1/+1 counter on each other creature you control.","originalText":"Mikaeus, the Lunarch enters the battlefield with X +1/+1 counters on it.\n{T}: Put a +1/+1 counter on Mikaeus.\n{T}, Remove a +1/+1 counter from Mikaeus: Put a +1/+1 counter on each other creature you control.","number":"6","imageName":"mikaeus, the lunarch","foreignNames":[{"language":"Chinese Simplified","name":"月主教米凯耶"},{"language":"Chinese Traditional","name":"月主教米凱耶"},{"language":"French","name":"Mikaeus, le lunarque"},{"language":"German","name":"Lunarch Mikaeus"},{"language":"Italian","name":"Mikaeus, il Lunarca"},{"language":"Japanese","name":"月皇ミケウス"},{"language":"Portuguese (Brazil)","name":"Mikaeus, o Lunarca"},{"language":"Russian","name":"Микеас, Лунарх"},{"language":"Spanish","name":"Mikaeus, el Lunarca"}],"legalities":{"Modern":"Legal","Innistrad Block":"Legal","Legacy":"Legal","Vintage":"Legal","Freeform":"Legal","Prismatic":"Legal","Tribal Wars Legacy":"Legal","Tribal Wars Standard":"Legal","Singleton 100":"Legal","Commander":"Legal"},"printings":["From the Vault: Legends","Innistrad"]},{"layout":"normal","supertypes":["Legendary"],"type":"Legendary Creature — Elemental","types":["Creature"],"colors":["Green"],"multiverseid":259295,"name":"Omnath, Locus of Mana","subtypes":["Elemental"],"originalType":"Legendary Creature — Elemental","cmc":3,"rarity":"Mythic Rare","artist":"Mike Bierek","power":"1","toughness":"1","manaCost":"{2}{G}","text":"Green mana doesn't empty from your mana pool as steps and phases end.\nOmnath, Locus of Mana gets +1/+1 for each green mana in your mana pool.","originalText":"Green mana doesn't empty from your mana pool as steps and phases end.\nOmnath, Locus of Mana gets +1/+1 for each green mana in your mana pool.","flavor":"It gathers against the coming storm.","number":"7","rulings":[{"date":"2010-03-01","text":"You can keep green mana in your mana pool indefinitely while Omnath is on the battlefield. That means if you add a green mana to your mana pool during one step or phase, you can spend it during a later step or phase, or even a later turn. Other types of mana will continue to empty from your mana pool as each step and phase ends."},{"date":"2010-03-01","text":"If a green mana you add to your mana pool has certain restrictions or riders associated with it (for example, if it was produced by Ancient Ziggurat), they'll apply to that mana no matter when you spend it."},{"date":"2010-03-01","text":"Once Omnath leaves the battlefield, you have until the end of the current step or phase to spend whatever green mana is in your mana pool before it too empties as normal. There is no penalty associated with this other than the loss of the mana."}],"imageName":"omnath, locus of mana","foreignNames":[{"language":"Chinese Simplified","name":"魔力核欧那斯"},{"language":"French","name":"Omnath, Locus de mana"},{"language":"German","name":"Omnath, der Sammelpunkt des Manas"},{"language":"Italian","name":"Omnath, il Manalocus"},{"language":"Japanese","name":"マナの座、オムナス"},{"language":"Portuguese (Brazil)","name":"Omnath, Locus de Mana"},{"language":"Russian","name":"Омнат, Очаг Маны"},{"language":"Spanish","name":"Omnath, centro de maná"}],"legalities":{"Modern":"Legal","Zendikar Block":"Legal","Legacy":"Legal","Vintage":"Legal","Freeform":"Legal","Prismatic":"Legal","Tribal Wars Legacy":"Legal","Singleton 100":"Legal","Commander":"Legal"},"printings":["Worldwake","From the Vault: Legends"]},{"layout":"normal","supertypes":["Legendary"],"type":"Legendary Creature — Faerie Wizard","types":["Creature"],"colors":["Blue","Black"],"multiverseid":244668,"name":"Oona, Queen of the Fae","subtypes":["Faerie","Wizard"],"originalType":"Legendary Creature — Faerie Wizard","cmc":6,"rarity":"Mythic Rare","artist":"Adam Rex","power":"5","toughness":"5","manaCost":"{3}{U/B}{U/B}{U/B}","text":"Flying\n{X}{U/B}: Choose a color. Target opponent exiles the top X cards of his or her library. For each card of the chosen color exiled this way, put a 1/1 blue and black Faerie Rogue creature token with flying onto the battlefield.","originalText":"Flying\n{X}{U/B}: Choose a color. Target opponent exiles the top X cards of his or her library. For each card of the chosen color exiled this way, put a 1/1 blue and black Faerie Rogue creature token with flying onto the battlefield.","number":"8","rulings":[{"date":"2008-05-01","text":"You target the opponent when you activate Oona's ability. You don't choose the color until the ability resolves."},{"date":"2008-05-01","text":"The tokens enter the battlefield under your control."}],"imageName":"oona, queen of the fae","foreignNames":[{"language":"Chinese Simplified","name":"仙儿女王欧娜"},{"language":"French","name":"Oona, reine des færies"},{"language":"German","name":"Oona, Königin der Feen"},{"language":"Italian","name":"Oona, Regina degli Spiritelli"},{"language":"Japanese","name":"妖精の女王、ウーナ"},{"language":"Portuguese (Brazil)","name":"Oona, Rainha das Fadinas"},{"language":"Russian","name":"Уна, Королева Фей"},{"language":"Spanish","name":"Oona, reina de las hadas"}],"legalities":{"Modern":"Legal","Lorwyn-Shadowmoor Block":"Legal","Legacy":"Legal","Vintage":"Legal","Freeform":"Legal","Prismatic":"Legal","Tribal Wars Legacy":"Legal","Singleton 100":"Legal","Commander":"Legal"},"printings":["Shadowmoor","From the Vault: Legends","Modern Masters"]},{"layout":"normal","supertypes":["Legendary"],"type":"Legendary Creature — Hydra Avatar","types":["Creature"],"colors":["White","Blue","Black","Red","Green"],"multiverseid":244675,"name":"Progenitus","subtypes":["Hydra","Avatar"],"originalType":"Legendary Creature — Hydra Avatar","cmc":10,"rarity":"Mythic Rare","artist":"Mike Bierek","power":"10","toughness":"10","manaCost":"{W}{W}{U}{U}{B}{B}{R}{R}{G}{G}","text":"Protection from everything\nIf Progenitus would be put into a graveyard from anywhere, reveal Progenitus and shuffle it into its owner's library instead.","originalText":"Protection from everything\nIf Progenitus would be put into a graveyard from anywhere, reveal Progenitus and shuffle it into its owner's library instead.","flavor":"The Soul of the World has returned.","number":"9","rulings":[{"date":"2009-02-01","text":"\"Protection from everything\" means the following: Progenitus can't be blocked, Progenitus can't be enchanted or equipped, Progenitus can't be the target of spells or abilities, and all damage that would be dealt to Progenitus is prevented."},{"date":"2009-02-01","text":"Progenitus can still be affected by effects that don't target it or deal damage to it (such as Day of Judgment)."}],"imageName":"progenitus","foreignNames":[{"language":"Chinese Simplified","name":"祖神兽"},{"language":"French","name":"Progénitus"},{"language":"Japanese","name":"大祖始"},{"language":"Russian","name":"Прародитель"}],"legalities":{"Modern":"Legal","Shards of Alara Block":"Legal","Legacy":"Legal","Vintage":"Legal","Freeform":"Legal","Prismatic":"Legal","Tribal Wars Legacy":"Legal","Singleton 100":"Legal","Commander":"Legal"},"printings":["Conflux","From the Vault: Legends","Modern Masters"]},{"layout":"normal","supertypes":["Legendary"],"type":"Legendary Creature — Human Knight","types":["Creature"],"colors":["White","Blue","Green"],"multiverseid":244669,"name":"Rafiq of the Many","subtypes":["Human","Knight"],"originalType":"Legendary Creature — Human Knight","cmc":4,"rarity":"Mythic Rare","artist":"Wayne Reynolds","power":"3","toughness":"3","manaCost":"{1}{G}{W}{U}","text":"Exalted (Whenever a creature you control attacks alone, that creature gets +1/+1 until end of turn.)\nWhenever a creature you control attacks alone, it gains double strike until end of turn.","originalText":"Exalted (Whenever a creature you control attacks alone, that creature gets +1/+1 until end of turn.)\nWhenever a creature you control attacks alone, it gains double strike until end of turn.","flavor":"Many sigils, one purpose.","number":"10","rulings":[{"date":"2008-10-01","text":"If you declare exactly one creature as an attacker, each exalted ability on each permanent you control (including, perhaps, the attacking creature itself) will trigger. The bonuses are given to the attacking creature, not to the permanent with exalted. Ultimately, the attacking creature will wind up with +1/+1 for each of your exalted abilities."},{"date":"2008-10-01","text":"If you attack with multiple creatures, but then all but one are removed from combat, your exalted abilities won't trigger."},{"date":"2008-10-01","text":"Some effects put creatures onto the battlefield attacking. Since those creatures were never declared as attackers, they're ignored by exalted abilities. They won't cause exalted abilities to trigger. If any exalted abilities have already triggered (because exactly one creature was declared as an attacker), those abilities will resolve as normal even though there may now be multiple attackers."},{"date":"2008-10-01","text":"Exalted abilities will resolve before blockers are declared."},{"date":"2008-10-01","text":"Exalted bonuses last until end of turn. If an effect creates an additional combat phase during your turn, a creature that attacked alone during the first combat phase will still have its exalted bonuses in that new phase. If a creature attacks alone during the second combat phase, all your exalted abilities will trigger again."},{"date":"2008-10-01","text":"In a Two-Headed Giant game, a creature \"attacks alone\" if it's the only creature declared as an attacker by your entire team. If you control that attacking creature, your exalted abilities will trigger but your teammate's exalted abilities won't."}],"imageName":"rafiq of the many","foreignNames":[{"language":"Chinese Simplified","name":"千印莱菲"},{"language":"French","name":"Rafiq aux Innombrables"},{"language":"German","name":"Rafiq von den Vielen"},{"language":"Italian","name":"Rafiq dei Molti"},{"language":"Japanese","name":"数多のラフィーク"},{"language":"Portuguese (Brazil)","name":"Rafiq dos Muitos"},{"language":"Russian","name":"Рафик Многомедальный"},{"language":"Spanish","name":"Rafiq de los Mil Sellos"}],"legalities":{"Modern":"Legal","Shards of Alara Block":"Legal","Legacy":"Legal","Vintage":"Legal","Freeform":"Legal","Prismatic":"Legal","Tribal Wars Legacy":"Legal","Singleton 100":"Legal","Commander":"Legal"},"printings":["Shards of Alara","From the Vault: Legends"]},{"layout":"normal","supertypes":["Legendary"],"type":"Legendary Artifact Creature — Sphinx","types":["Artifact","Creature"],"colors":["White","Blue","Black"],"multiverseid":244664,"name":"Sharuum the Hegemon","subtypes":["Sphinx"],"originalType":"Legendary Artifact Creature — Sphinx","cmc":6,"rarity":"Mythic Rare","artist":"Todd Lockwood","power":"5","toughness":"5","manaCost":"{3}{W}{U}{B}","text":"Flying\nWhen Sharuum the Hegemon enters the battlefield, you may return target artifact card from your graveyard to the battlefield.","originalText":"Flying\nWhen Sharuum the Hegemon enters the battlefield, you may return target artifact card from your graveyard to the battlefield.","flavor":"To gain audience with the hegemon, one must bring a riddle she has not heard.","number":"11","imageName":"sharuum the hegemon","foreignNames":[{"language":"Chinese Simplified","name":"支配者韶伦"},{"language":"French","name":"Sharuûm l'Hégémon"},{"language":"German","name":"Sharuum, Sphinx-Hegemon"},{"language":"Italian","name":"Sharuum l'Egemone"},{"language":"Japanese","name":"覇者シャルム"},{"language":"Portuguese (Brazil)","name":"Sharuum, a Hegemônica"},{"language":"Russian","name":"Шарум Гегемон"},{"language":"Spanish","name":"Sharuum la Hegemón"}],"legalities":{"Modern":"Legal","Shards of Alara Block":"Legal","Legacy":"Legal","Vintage":"Legal","Freeform":"Legal","Prismatic":"Legal","Tribal Wars Legacy":"Legal","Singleton 100":"Legal","Commander":"Legal"},"printings":["Shards of Alara","From the Vault: Legends","Commander 2013 Edition"]},{"layout":"normal","supertypes":["Legendary"],"type":"Legendary Creature — Human Soldier","types":["Creature"],"colors":["Blue"],"multiverseid":244663,"name":"Sun Quan, Lord of Wu","subtypes":["Human","Soldier"],"originalType":"Legendary Creature — Human Soldier","cmc":6,"rarity":"Mythic Rare","artist":"Xu Xiaoming","power":"4","toughness":"4","manaCost":"{4}{U}{U}","text":"Creatures you control have horsemanship. (They can't be blocked except by creatures with horsemanship.)","originalText":"Creatures you control have horsemanship. (They can't be blocked except by creatures with horsemanship.)","flavor":"\"One score and four he reigned, the Southland king: / A dragon coiled, a tiger poised below the mighty Yangtze.\"","number":"12","rulings":[{"date":"2009-10-01","text":"Despite the similarities between horsemanship and flying, horsemanship doesn't interact with flying or reach."},{"date":"2009-10-01","text":"Sun Quan's ability affects Sun Quan itself."}],"imageName":"sun quan, lord of wu","legalities":{"Legacy":"Legal","Vintage":"Legal","Freeform":"Legal","Prismatic":"Legal","Singleton 100":"Legal","Commander":"Legal"},"printings":["Portal Three Kingdoms","Masters Edition III","From the Vault: Legends"]},{"layout":"normal","supertypes":["Legendary"],"type":"Legendary Creature — Human Wizard","types":["Creature"],"colors":["Blue"],"multiverseid":244667,"name":"Teferi, Mage of Zhalfir","subtypes":["Human","Wizard"],"originalType":"Legendary Creature — Human Wizard","cmc":5,"rarity":"Mythic Rare","artist":"Volkan Baga","power":"3","toughness":"4","manaCost":"{2}{U}{U}{U}","text":"Flash (You may cast this spell any time you could cast an instant.)\nCreature cards you own that aren't on the battlefield have flash.\nEach opponent can cast spells only any time he or she could cast a sorcery.","originalText":"Flash\nCreature cards you own that aren't on the battlefield have flash.\nEach opponent can cast spells only any time he or she could cast a sorcery.","flavor":"To save this plane, he must forsake all others.","number":"13","rulings":[{"date":"2006-09-25","text":"The last ability means that in order for an opponent to cast a spell, it must be that opponent's turn, during a main phase, and the stack must be empty. This is true even if the player doesn't have a sorcery he or she is able to cast, or if a rule or effect allows a spell to be cast at another time."},{"date":"2006-09-25","text":"If you have Teferi on the battlefield, you may exile creature cards in your hand with suspend any time you could cast an instant."},{"date":"2006-09-25","text":"If an ability lets an opponent cast a spell as part of its effect (such as Isochron Scepter's ability does), that opponent can't cast that spell since the currently resolving ability is still on the stack."},{"date":"2006-09-25","text":"Your opponents can't cast their suspended cards, no matter what phase it is when the last time counter is removed. Your opponents can't cast cards using the madness ability either, no matter what phase it is when the card is discarded."},{"date":"2007-05-01","text":"If you have Teferi on the battlefield and there's a Split Second spell on the stack (such as Sudden Death), you can't Suspend creatures until after the Split Second spell resolves."}],"imageName":"teferi, mage of zhalfir","foreignNames":[{"language":"Chinese Simplified","name":"赛费尔法师泰菲力"},{"language":"French","name":"Téfeiri, mage de Zhalfir"},{"language":"German","name":"Teferi, Magier von Zhalfir"},{"language":"Italian","name":"Teferi, Mago di Zhalfir"},{"language":"Japanese","name":"ザルファーの魔道士、テフェリー"},{"language":"Portuguese (Brazil)","name":"Teferi, Mago de Zhalfir"},{"language":"Russian","name":"Тефери, Маг Жалфири"},{"language":"Spanish","name":"Teferi, mago de Zhalfir"}],"legalities":{"Modern":"Legal","Time Spiral Block":"Legal","Legacy":"Legal","Vintage":"Legal","Freeform":"Legal","Prismatic":"Legal","Tribal Wars Legacy":"Legal","Singleton 100":"Legal","Commander":"Legal"},"printings":["Time Spiral","From the Vault: Legends"]},{"layout":"normal","supertypes":["Legendary"],"type":"Legendary Creature — Eldrazi","types":["Creature"],"multiverseid":261321,"name":"Ulamog, the Infinite Gyre","subtypes":["Eldrazi"],"originalType":"Legendary Creature — Eldrazi","cmc":11,"rarity":"Mythic Rare","artist":"Aleksi Briclot","power":"10","toughness":"10","manaCost":"{11}","text":"When you cast Ulamog, the Infinite Gyre, destroy target permanent.\nIndestructible\nAnnihilator 4 (Whenever this creature attacks, defending player sacrifices four permanents.)\nWhen Ulamog is put into a graveyard from anywhere, its owner shuffles his or her graveyard into his or her library.","originalText":"When you cast Ulamog, the Infinite Gyre, destroy target permanent.\nAnnihilator 4 (Whenever this creature attacks, defending player sacrifices four permanents.)\nUlamog is indestructible.\nWhen Ulamog is put into a graveyard from anywhere, its owner shuffles his or her graveyard into his or her library.","number":"14","rulings":[{"date":"2010-06-15","text":"Annihilator abilities trigger and resolve during the declare attackers step. The defending player chooses and sacrifices the required number of permanents before he or she declares blockers. Any creatures sacrificed this way won't be able to block."},{"date":"2010-06-15","text":"If a creature with annihilator is attacking a planeswalker, and the defending player chooses to sacrifice that planeswalker, the attacking creature continues to attack. It may be blocked. If it isn't blocked, it simply won't deal combat damage to anything."},{"date":"2010-06-15","text":"In a Two-Headed Giant game, the controller of an attacking creature with annihilator chooses which of the defending players is affected by the ability. Only that player sacrifices permanents. The choice is made as the ability resolves; once a player is chosen, it's too late for anyone to respond."},{"date":"2013-07-01","text":"Lethal damage and effects that say \"destroy\" won't cause a creature with indestructible to be put into the graveyard. However, a creature with indestructible can be put into the graveyard for a number of reasons. The most likely reasons are if it's sacrificed, if it's legendary and another legendary creature with the same name is controlled by the same player, or if its toughness is 0 or less."}],"imageName":"ulamog, the infinite gyre","foreignNames":[{"language":"Chinese Simplified","name":"无尽轮回钨拉莫"},{"language":"French","name":"Ulamog, l'Épicycle Infini"},{"language":"German","name":"Ulamog, der unendliche Wirbel"},{"language":"Italian","name":"Ulamog, il Cerchio Infinito"},{"language":"Japanese","name":"無限に廻るもの、ウラモグ"},{"language":"Portuguese (Brazil)","name":"Ulamog, o Vórtice Infinito"},{"language":"Russian","name":"Уламог, Бесконечный Вихрь"},{"language":"Spanish","name":"Ulamog, la espiral infinita"}],"legalities":{"Modern":"Legal","Zendikar Block":"Legal","Legacy":"Legal","Vintage":"Legal","Freeform":"Legal","Prismatic":"Legal","Tribal Wars Legacy":"Legal","Singleton 100":"Legal","Commander":"Legal"},"printings":["Rise of the Eldrazi","From the Vault: Legends"]},{"layout":"normal","supertypes":["Legendary"],"type":"Legendary Creature — Gorgon","types":["Creature"],"colors":["Black"],"multiverseid":244677,"name":"Visara the Dreadful","subtypes":["Gorgon"],"originalType":"Legendary Creature — Gorgon","cmc":6,"rarity":"Mythic Rare","artist":"Brad Rigney","power":"5","toughness":"5","manaCost":"{3}{B}{B}{B}","text":"Flying\n{T}: Destroy target creature. It can't be regenerated.","originalText":"Flying\n{T}: Destroy target creature. It can't be regenerated.","flavor":"\"My eyes are my strongest feature.\"","number":"15","imageName":"visara the dreadful","foreignNames":[{"language":"French","name":"Visara la redoutable"},{"language":"German","name":"Visara die Fürchterliche"},{"language":"Italian","name":"Visara la Temibile"},{"language":"Portuguese (Brazil)","name":"Visara a Pavorosa"},{"language":"Spanish","name":"Vísara la terrible"}],"legalities":{"Onslaught Block":"Legal","Legacy":"Legal","Vintage":"Legal","Freeform":"Legal","Prismatic":"Legal","Tribal Wars Legacy":"Legal","Singleton 100":"Legal","Commander":"Legal"},"printings":["Onslaught","From the Vault: Legends","Vintage Masters"]}]}