{"name":"From the Vault: Realms","code":"V12","oldCode":"FVR","releaseDate":"2012-08-31","border":"black","type":"from the vault","cards":[{"layout":"normal","type":"Land","types":["Land"],"multiverseid":288994,"name":"Ancient Tomb","originalType":"Land","rarity":"Mythic Rare","artist":"Colin MacNeil","text":"{T}: Add {2} to your mana pool. Ancient Tomb deals 2 damage to you.","originalText":"{T}: Add {2} to your mana pool. Ancient Tomb deals 2 damage to you.","flavor":"There is no glory to be gained in the kingdom of the dead.\n—Vec tomb inscription","number":"1","imageName":"ancient tomb","legalities":{"Tempest Block":"Legal","Legacy":"Legal","Vintage":"Legal","Freeform":"Legal","Prismatic":"Legal","Commander":"Legal"},"printings":["Tempest","From the Vault: Realms","Vintage Masters"]},{"layout":"normal","supertypes":["Legendary"],"type":"Legendary Land","types":["Land"],"multiverseid":291507,"name":"Boseiju, Who Shelters All","originalType":"Legendary Land","rarity":"Mythic Rare","artist":"Ralph Horsley","text":"Boseiju, Who Shelters All enters the battlefield tapped.\n{T}, Pay 2 life: Add {1} to your mana pool. If that mana is spent on an instant or sorcery spell, that spell can't be countered by spells or abilities.","originalText":"Boseiju, Who Shelters All enters the battlefield tapped.\n{T}, Pay 2 life: Add {1} to your mana pool. If that mana is spent on an instant or sorcery spell, that spell can't be countered by spells or abilities.","number":"2","rulings":[{"date":"2004-12-01","text":"The spell can't be countered if the mana produced by Boseiju is spent to cover any cost of the spell, even an additional cost such as a splice cost. This is true even if you pay an additional cost while casting a spell \"without paying its mana cost.\""},{"date":"2004-12-01","text":"Suppose mana produced by Boseiju is spent on a spell and an effect creates a copy of that spell. The copy can be countered, even though the original can't."}],"imageName":"boseiju, who shelters all","foreignNames":[{"language":"Chinese Simplified","name":"母圣树"},{"language":"French","name":"Boseiju, celui qui abrite Tout"},{"language":"German","name":"Boseiju, ein Dach für alle"},{"language":"Italian","name":"Boseiju, Che Protegge Tutti"},{"language":"Japanese","name":"すべてを護るもの、母聖樹"},{"language":"Portuguese (Brazil)","name":"Boseiju, O Que Tudo Protege"},{"language":"Spanish","name":"Boseiju, la que cobija a todos"}],"legalities":{"Modern":"Legal","Kamigawa Block":"Legal","Legacy":"Legal","Vintage":"Legal","Freeform":"Legal","Prismatic":"Legal","Tribal Wars Legacy":"Legal","Singleton 100":"Legal","Commander":"Legal"},"printings":["Champions of Kamigawa","From the Vault: Realms"]},{"layout":"normal","type":"Land","types":["Land"],"multiverseid":288995,"name":"Cephalid Coliseum","originalType":"Land","rarity":"Mythic Rare","artist":"Cliff Childs","text":"{T}: Add {U} to your mana pool. Cephalid Coliseum deals 1 damage to you.\nThreshold — {U}, {T}, Sacrifice Cephalid Coliseum: Target player draws three cards, then discards three cards. Activate this ability only if seven or more cards are in your graveyard.","originalText":"{T}: Add {U} to your mana pool. Cephalid Coliseum deals 1 damage to you.\nThreshold — {U}, {T}, Sacrifice Cephalid Coliseum: Target player draws three cards, then discards three cards. Activate this ability only if seven or more cards are in your graveyard.","number":"3","imageName":"cephalid coliseum","foreignNames":[{"language":"French","name":"Colisée céphalide"},{"language":"German","name":"Zephaliden-Kolloseum"},{"language":"Italian","name":"Colosseo dei Cefalidi"},{"language":"Portuguese (Brazil)","name":"Coliseu dos Cefálidas"},{"language":"Spanish","name":"Coliseo cefálido"}],"legalities":{"Odyssey Block":"Legal","Legacy":"Legal","Vintage":"Legal","Freeform":"Legal","Prismatic":"Legal","Tribal Wars Legacy":"Legal","Singleton 100":"Legal","Commander":"Legal"},"printings":["Odyssey","From the Vault: Realms"]},{"layout":"normal","type":"Land — Desert","types":["Land"],"multiverseid":287341,"name":"Desert","subtypes":["Desert"],"originalType":"Land — Desert","rarity":"Mythic Rare","artist":"Glen Angus","text":"{T}: Add {1} to your mana pool.\n{T}: Desert deals 1 damage to target attacking creature. Activate this ability only during the end of combat step.","originalText":"{T}: Add {1} to your mana pool.\n{T}: Desert deals 1 damage to target attacking creature. Activate this ability only during the end of combat step.","number":"4","rulings":[{"date":"2004-10-04","text":"The ability can be used on any player's attacking creatures. This includes your own and creatures in an attack you are not involved in (for multiplayer games)."}],"imageName":"desert","foreignNames":[{"language":"Chinese Simplified","name":"沙漠"},{"language":"French","name":"Désert"},{"language":"German","name":"Wüste"},{"language":"Italian","name":"Deserto"},{"language":"Japanese","name":"砂漠"},{"language":"Portuguese (Brazil)","name":"Deserto"},{"language":"Russian","name":"Пустыня"},{"language":"Spanish","name":"Desierto"}],"legalities":{"Modern":"Legal","Time Spiral Block":"Legal","Legacy":"Legal","Vintage":"Legal","Freeform":"Legal","Prismatic":"Legal","Tribal Wars Legacy":"Legal","Singleton 100":"Legal","Commander":"Legal"},"printings":["Arabian Nights","Friday Night Magic","Time Spiral \"Timeshifted\"","From the Vault: Realms"]},{"layout":"normal","type":"Land Creature — Forest Dryad","types":["Land","Creature"],"colors":["Green"],"multiverseid":282542,"name":"Dryad Arbor","subtypes":["Forest","Dryad"],"originalType":"Land Creature — Forest Dryad","rarity":"Mythic Rare","artist":"Brad Rigney","power":"1","toughness":"1","text":"(Dryad Arbor isn't a spell, it's affected by summoning sickness, and it has \"{T}: Add {G} to your mana pool.\")","originalText":"G","number":"5","rulings":[{"date":"2007-05-01","text":"Forest is a land type. Dryad is a creature type."},{"date":"2007-05-01","text":"Dryad Arbor is played as a land. It doesn't use the stack, it's not a spell, it can't be responded to, it has no mana cost, and it counts as your land play for the turn."},{"date":"2007-05-01","text":"If a Dryad Arbor gains flash, or you have the ability to play Dryad Arbor as though it had flash (due to Teferi, Mage of Zhalfir or Scout's Warning, for example), you can ignore the normal timing rules for playing a land, but not any other restrictions. You can't play Dryad Arbor during another player's turn, and you can't play Dryad Arbor if it's your turn and you've already played a land."},{"date":"2011-09-22","text":"If Dryad Arbor is changed into another basic land type (such as by Sea's Claim), it continues to be a creature and a Dryad."},{"date":"2013-06-07","text":"Although originally printed with a characteristic-defining ability that defined its color, this card now has a color indicator. This color indicator can't be affected by text-changing effects (such as the one created by Crystal Spray), although color-changing effects can still overwrite it."}],"imageName":"dryad arbor","foreignNames":[{"language":"Chinese Simplified","name":"树灵乔木"},{"language":"French","name":"Charmille dryade"},{"language":"German","name":"Laube der Dryaden"},{"language":"Italian","name":"Bosco Driade"},{"language":"Japanese","name":"ドライアドの東屋"},{"language":"Portuguese (Brazil)","name":"Arvoredo Dríade"},{"language":"Russian","name":"Жилище Дриад"},{"language":"Spanish","name":"Dríada enramada"}],"legalities":{"Modern":"Legal","Time Spiral Block":"Legal","Legacy":"Legal","Vintage":"Legal","Freeform":"Legal","Prismatic":"Legal","Tribal Wars Legacy":"Legal","Singleton 100":"Legal","Commander":"Legal"},"printings":["Future Sight","From the Vault: Realms"]},{"layout":"normal","type":"Land","types":["Land"],"multiverseid":282541,"name":"Forbidden Orchard","originalType":"Land","rarity":"Mythic Rare","artist":"Daniel Ljunggren","text":"{T}: Add one mana of any color to your mana pool.\nWhenever you tap Forbidden Orchard for mana, target opponent puts a 1/1 colorless Spirit creature token onto the battlefield.","originalText":"{T}: Add one mana of any color to your mana pool.\nWhenever you tap Forbidden Orchard for mana, put a 1/1 colorless Spirit creature token onto the battlefield under target opponent's control.","number":"6","imageName":"forbidden orchard","foreignNames":[{"language":"Chinese Simplified","name":"禁忌果园"},{"language":"French","name":"Cerisaie interdite"},{"language":"German","name":"Verbotener Obstgarten"},{"language":"Italian","name":"Frutteto Proibito"},{"language":"Japanese","name":"禁忌の果樹園"},{"language":"Portuguese (Brazil)","name":"Pomar Proibido"},{"language":"Spanish","name":"Huerto prohibido"}],"legalities":{"Modern":"Legal","Kamigawa Block":"Legal","Legacy":"Legal","Vintage":"Legal","Freeform":"Legal","Prismatic":"Legal","Tribal Wars Legacy":"Legal","Singleton 100":"Legal","Commander":"Legal"},"printings":["Champions of Kamigawa","From the Vault: Realms"]},{"layout":"normal","type":"Land","types":["Land"],"multiverseid":288996,"name":"Glacial Chasm","originalType":"Land","rarity":"Mythic Rare","artist":"Mike Bierek","text":"Cumulative upkeep—Pay 2 life. (At the beginning of your upkeep, put an age counter on this permanent, then sacrifice it unless you pay its upkeep cost for each age counter on it.)\nWhen Glacial Chasm enters the battlefield, sacrifice a land.\nCreatures you control can't attack.\nPrevent all damage that would be dealt to you.","originalText":"Cumulative upkeep—Pay 2 life.\nWhen Glacial Chasm enters the battlefield, sacrifice a land.\nCreatures you control can't attack.\nPrevent all damage that would be dealt to you.","number":"7","rulings":[{"date":"2008-08-01","text":"When Glacial Chasm's enters-the-battlefield ability resolves, if you don't control any other lands, you must sacrifice Glacial Chasm itself."}],"imageName":"glacial chasm","legalities":{"Ice Age Block":"Legal","Legacy":"Legal","Vintage":"Legal","Freeform":"Legal","Prismatic":"Legal","Tribal Wars Legacy":"Legal","Singleton 100":"Legal","Commander":"Legal"},"printings":["Ice Age","Masters Edition II","From the Vault: Realms"]},{"layout":"normal","type":"Land","types":["Land"],"multiverseid":287335,"name":"Grove of the Burnwillows","originalType":"Land","rarity":"Mythic Rare","artist":"Cliff Childs","text":"{T}: Add {1} to your mana pool.\n{T}: Add {R} or {G} to your mana pool. Each opponent gains 1 life.","originalText":"{T}: Add {1} to your mana pool.\n{T}: Add {R} or {G} to your mana pool. Each opponent gains 1 life.","flavor":"Spring is the most beautiful season in the grove, when the new leaves open from their ember-buds in a race of leaping flames.","number":"8","imageName":"grove of the burnwillows","foreignNames":[{"language":"Chinese Simplified","name":"焰柳树丛"},{"language":"French","name":"Bosquet des brûlesaules"},{"language":"German","name":"Hain der Brandweiden"},{"language":"Italian","name":"Boschetto dei Salici Ardenti"},{"language":"Japanese","name":"燃え柳の木立ち"},{"language":"Portuguese (Brazil)","name":"Bosque dos Salgueiros Ígneos"},{"language":"Russian","name":"Роща Пламенеющих Ив"},{"language":"Spanish","name":"Arboleda de los sauces ardientes"}],"legalities":{"Modern":"Legal","Time Spiral Block":"Legal","Legacy":"Legal","Vintage":"Legal","Freeform":"Legal","Prismatic":"Legal","Tribal Wars Legacy":"Legal","Singleton 100":"Legal","Commander":"Legal"},"printings":["Future Sight","From the Vault: Realms"]},{"layout":"normal","type":"Land","types":["Land"],"multiverseid":287336,"name":"High Market","originalType":"Land","rarity":"Mythic Rare","artist":"Carl Critchlow","text":"{T}: Add {1} to your mana pool.\n{T}, Sacrifice a creature: You gain 1 life.","originalText":"{T}: Add {1} to your mana pool.\n{T}, Sacrifice a creature: You gain 1 life.","flavor":"If it can't be had here, it can't be had on any world.","number":"9","imageName":"high market","legalities":{"Masques Block":"Legal","Legacy":"Legal","Vintage":"Legal","Commander":"Legal"},"printings":["Mercadian Masques","From the Vault: Realms"]},{"layout":"normal","type":"Land","types":["Land"],"multiverseid":287329,"name":"Maze of Ith","originalType":"Land","rarity":"Mythic Rare","artist":"Yeong-Hao Han","text":"{T}: Untap target attacking creature. Prevent all combat damage that would be dealt to and dealt by that creature this turn.","originalText":"{T}: Untap target attacking creature. Prevent all combat damage that would be dealt to and dealt by that creature this turn.","number":"10","rulings":[{"date":"2004-10-04","text":"Can target an untapped attacking creature. Both parts of the effect will try to happen even if one part does nothing useful. So if it tries to untap an already untapped card, it will still make the creature neither deal nor receive damage."},{"date":"2004-10-04","text":"The creature is still part of the combat. It just has its damage prevented. Don't infer something from the fact that it becomes untapped."}],"imageName":"maze of ith","legalities":{"Legacy":"Legal","Vintage":"Legal","Commander":"Legal"},"printings":["The Dark","Judge Gift Program","Masters Edition IV","From the Vault: Realms"]},{"layout":"normal","type":"Land — Forest","types":["Land"],"multiverseid":287334,"name":"Murmuring Bosk","subtypes":["Forest"],"originalType":"Land — Forest","rarity":"Mythic Rare","artist":"John Avon","text":"({T}: Add {G} to your mana pool.)\nAs Murmuring Bosk enters the battlefield, you may reveal a Treefolk card from your hand. If you don't, Murmuring Bosk enters the battlefield tapped.\n{T}: Add {W} or {B} to your mana pool. Murmuring Bosk deals 1 damage to you.","originalText":"({T}: Add {G} to your mana pool.)\nAs Murmuring Bosk enters the battlefield, you may reveal a Treefolk card from your hand. If you don't, Murmuring Bosk enters the battlefield tapped.\n{T}: Add {W} or {B} to your mana pool. Murmuring Bosk deals 1 damage to you.","number":"11","rulings":[{"date":"2008-04-01","text":"Murmuring Bosk is a Forest, but it isn't a basic land. Things that affect basic lands don't affect it. Things that affect basic land types do. For example, you can't find Murmuring Bosk with Fertilid's ability (\"searches his or her library for a basic land card\"), but you can find Murmuring Bosk with Everbark Shaman's ability (\"search your library for two Forest cards\")."}],"imageName":"murmuring bosk","foreignNames":[{"language":"Chinese Traditional","name":"細語樹叢"},{"language":"Chinese Simplified","name":"细语树丛"},{"language":"French","name":"Bosquet bruissant"},{"language":"German","name":"Murmelndes Gehölz"},{"language":"Italian","name":"Bosco Sussurrante"},{"language":"Japanese","name":"つぶやき林"},{"language":"Portuguese (Brazil)","name":"Bosque Murmurante"},{"language":"Russian","name":"Шепчущая Роща"},{"language":"Spanish","name":"Espesura murmurante"}],"legalities":{"Modern":"Legal","Lorwyn-Shadowmoor Block":"Legal","Legacy":"Legal","Vintage":"Legal","Freeform":"Legal","Prismatic":"Legal","Tribal Wars Legacy":"Legal","Singleton 100":"Legal","Commander":"Legal"},"printings":["Morningtide","From the Vault: Realms"]},{"layout":"normal","supertypes":["Legendary"],"type":"Legendary Land","types":["Land"],"multiverseid":288997,"name":"Shivan Gorge","originalType":"Legendary Land","rarity":"Mythic Rare","artist":"Adam Paquette","text":"{T}: Add {1} to your mana pool.\n{2}{R}, {T}: Shivan Gorge deals 1 damage to each opponent.","originalText":"{T}: Add {1} to your mana pool.\n{2}{R}, {T}: Shivan Gorge deals 1 damage to each opponent.","flavor":"Both forge and pyre.","number":"12","rulings":[{"date":"2004-10-04","text":"The damage has no color. It is not red."}],"imageName":"shivan gorge","legalities":{"Urza Block":"Legal","Legacy":"Legal","Vintage":"Legal","Commander":"Legal"},"printings":["Urza's Saga","From the Vault: Realms"]},{"layout":"normal","supertypes":["Legendary"],"type":"Legendary Land","types":["Land"],"multiverseid":287330,"name":"Urborg, Tomb of Yawgmoth","originalType":"Legendary Land","rarity":"Mythic Rare","artist":"John Avon","text":"Each land is a Swamp in addition to its other land types.","originalText":"Each land is a Swamp in addition to its other land types.","flavor":"\"Yawgmoth's corpse is a wound in the universe. His foul blood seeps out, infecting the land with his final curse.\"\n—Lord Windgrace","number":"13","rulings":[{"date":"2008-04-01","text":"If Urborg, Tomb of Yawgmoth and either Blood Moon or Magus of the Moon are on the battlefield, all nonbasic lands will be Mountains, not Swamps. Urborg, Tomb of Yawgmoth will be a Mountain as well. It will have \"{T}: Add {R} to your mana pool\" and no other abilities."},{"date":"2014-07-18","text":"Urborg, Tomb of Yawgmoth isn’t a Swamp while it’s not on the battlefield."},{"date":"2014-07-18","text":"Urborg’s ability causes each land on the battlefield to have the land type Swamp. Each land thus has the ability “{T}: Add {B} to your mana pool.” Nothing else changes about those lands, including their names, other subtypes, other abilities, and whether they’re legendary or basic."},{"date":"2014-07-18","text":"If Urborg loses its abilities (for example, if it becomes a creature and then Turn to Frog targets it), all lands on the battlefield, including Urborg, will still be Swamps, but Urborg won’t have the ability “Each land is a Swamp in addition to its other land types.” Urborg also won’t be able to tap to produce {B}, but other lands (including those that enter the battlefield later in the turn) will. The way continuous effects work, Urborg’s type-changing ability is applied before the effect that removes both the type-changing ability and its own mana ability."}],"imageName":"urborg, tomb of yawgmoth","foreignNames":[{"language":"Chinese Simplified","name":"约格莫夫之墓乌尔博格"},{"language":"Chinese Traditional","name":"約格莫夫之墓烏爾博格"},{"language":"French","name":"Urborg, tombe de Yaugzebul"},{"language":"German","name":"Urborg, Grab von Yawgmoth"},{"language":"Italian","name":"Urborg, Tomba di Yawgmoth"},{"language":"Japanese","name":"ヨーグモスの墳墓、アーボーグ"},{"language":"Korean","name":"야그모쓰의 무덤 우르보그"},{"language":"Portuguese (Brazil)","name":"Urborg, Tumba de Yawgmoth"},{"language":"Russian","name":"Урборг, Могила Ягмота"},{"language":"Spanish","name":"Urborg, la tumba de Yawgmoth"}],"legalities":{"Standard":"Legal","Modern":"Legal","Time Spiral Block":"Legal","Legacy":"Legal","Vintage":"Legal","Freeform":"Legal","Prismatic":"Legal","Tribal Wars Legacy":"Legal","Singleton 100":"Legal","Commander":"Legal"},"printings":["Planar Chaos","From the Vault: Realms","Magic 2015 Core Set"]},{"layout":"normal","type":"Land","types":["Land"],"multiverseid":287332,"name":"Vesuva","originalType":"Land","rarity":"Mythic Rare","artist":"Zoltan Boros & Gabor Szikszai","text":"You may have Vesuva enter the battlefield tapped as a copy of any land on the battlefield.","originalText":"You may have Vesuva enter the battlefield tapped as a copy of any land on the battlefield.","flavor":"It is everywhere you've ever been.","number":"14","rulings":[{"date":"2006-09-25","text":"Vesuva has no intrinsic mana abilities."},{"date":"2006-09-25","text":"If you don't choose a land on the battlefield, Vesuva enters the battlefield untapped as itself."},{"date":"2006-10-15","text":"Cornered Market won't prevent Vesuva from being played (unless there's a Vesuva on the battlefield copying nothing), since you play it before it becomes named something else."}],"imageName":"vesuva","foreignNames":[{"language":"Chinese Simplified","name":"维苏瓦"},{"language":"French","name":"Vésuva"},{"language":"Japanese","name":"ヴェズーヴァ"},{"language":"Russian","name":"Везува"}],"legalities":{"Modern":"Legal","Time Spiral Block":"Legal","Legacy":"Legal","Vintage":"Legal","Freeform":"Legal","Prismatic":"Legal","Tribal Wars Legacy":"Legal","Singleton 100":"Legal","Commander":"Legal"},"printings":["Time Spiral","From the Vault: Realms"]},{"layout":"normal","type":"Land","types":["Land"],"multiverseid":287338,"name":"Windbrisk Heights","originalType":"Land","rarity":"Mythic Rare","artist":"Omar Rayyan","text":"Hideaway (This land enters the battlefield tapped. When it does, look at the top four cards of your library, exile one face down, then put the rest on the bottom of your library.)\n{T}: Add {W} to your mana pool.\n{W}, {T}: You may play the exiled card without paying its mana cost if you attacked with three or more creatures this turn.","originalText":"Hideaway (This land enters the battlefield tapped. When it does, look at the top four cards of your library, exile one face down, then put the rest on the bottom of your library.)\n{T}: Add {W} to your mana pool.\n{W}, {T}: You may play the exiled card without paying its mana cost if you attacked with three or more creatures this turn.","number":"15","rulings":[{"date":"2007-10-01","text":"At the time the ability resolves, you'll get to play the card if you declared three different creatures as attackers at any point in the turn. A creature declared as an attacker in two different attack phases counts only once. A creature that entered the battlefield attacking (such as a token created by Militia's Pride) doesn't count because you never attacked with it."}],"imageName":"windbrisk heights","foreignNames":[{"language":"Chinese Traditional","name":"迅風高地"},{"language":"Chinese Simplified","name":"迅风高地"},{"language":"French","name":"Hauts de Ventabrupt"},{"language":"German","name":"Hurtigwindhöhen"},{"language":"Italian","name":"Alture di Vento Pungente"},{"language":"Japanese","name":"風立ての高地"},{"language":"Portuguese (Brazil)","name":"Cumes dos Ventos Velozes"},{"language":"Russian","name":"Высоты Свежего Ветра"},{"language":"Spanish","name":"Cumbres viento vigorizante"}],"legalities":{"Modern":"Legal","Lorwyn-Shadowmoor Block":"Legal","Legacy":"Legal","Vintage":"Legal","Freeform":"Legal","Prismatic":"Legal","Tribal Wars Legacy":"Legal","Singleton 100":"Legal","Commander":"Legal"},"printings":["Lorwyn","From the Vault: Realms","Modern Event Deck 2014"]}]}