{"name":"From the Vault: Twenty","code":"V13","releaseDate":"2013-08-23","border":"black","type":"from the vault","cards":[{"layout":"normal","type":"Sorcery","types":["Sorcery"],"colors":["White"],"multiverseid":373328,"name":"Akroma's Vengeance","originalType":"Sorcery","cmc":6,"rarity":"Mythic Rare","artist":"Aleksi Briclot","manaCost":"{4}{W}{W}","text":"Destroy all artifacts, creatures, and enchantments.\nCycling {3} ({3}, Discard this card: Draw a card.)","originalText":"Destroy all artifacts, creatures, and enchantments.\nCycling {3} ({3}, Discard this card: Draw a card.)","flavor":"\"Many must die for the one who should not have perished.\"","number":"11","rulings":[{"date":"2008-10-01","text":"Cycling is an activated ability. Effects that interact with activated abilities (such as Stifle or Rings of Brighthearth) will interact with cycling. Effects that interact with spells (such as Remove Soul or Faerie Tauntings) will not."}],"imageName":"akroma's vengeance","foreignNames":[{"language":"French","name":"Vengeance selon Akroma"},{"language":"German","name":"Akromas Rache"},{"language":"Italian","name":"Vendetta di Akroma"},{"language":"Japanese","name":"アクローマの復讐"},{"language":"Portuguese (Brazil)","name":"Vingança de Akroma"},{"language":"Spanish","name":"Venganza de Akroma"}],"legalities":{"Onslaught Block":"Legal","Legacy":"Legal","Vintage":"Legal","Freeform":"Legal","Prismatic":"Legal","Tribal Wars Legacy":"Legal","Singleton 100":"Legal","Commander":"Legal"},"printings":["Onslaught","Planechase","Magic: The Gathering-Commander","From the Vault: Twenty"]},{"layout":"normal","type":"Sorcery","types":["Sorcery"],"colors":["Black"],"multiverseid":373317,"name":"Chainer's Edict","originalType":"Sorcery","cmc":2,"rarity":"Mythic Rare","artist":"Mark Zug","manaCost":"{1}{B}","text":"Target player sacrifices a creature.\nFlashback {5}{B}{B} (You may cast this card from your graveyard for its flashback cost. Then exile it.)","originalText":"Target player sacrifices a creature.\nFlashback {5}{B}{B} (You may cast this card from your graveyard for its flashback cost. Then exile it.)","number":"10","imageName":"chainer's edict","foreignNames":[{"language":"French","name":"Édit de Chaînes"},{"language":"German","name":"Chainers Erlass"},{"language":"Italian","name":"Editto di Chainer"},{"language":"Portuguese (Brazil)","name":"Édito de Chainer"},{"language":"Spanish","name":"Edicto de Cadenero"}],"legalities":{"Odyssey Block":"Legal","Legacy":"Legal","Vintage":"Legal","Freeform":"Legal","Prismatic":"Legal","Tribal Wars Legacy":"Legal","Singleton 100":"Legal","Commander":"Legal"},"printings":["Friday Night Magic","Torment","From the Vault: Twenty","Vintage Masters"]},{"layout":"normal","type":"Creature — Shapeshifter","types":["Creature"],"colors":["Green"],"multiverseid":373321,"name":"Chameleon Colossus","subtypes":["Shapeshifter"],"originalType":"Creature — Shapeshifter","cmc":4,"rarity":"Mythic Rare","artist":"Darrell Riche","power":"4","toughness":"4","manaCost":"{2}{G}{G}","text":"Changeling (This card is every creature type at all times.)\nProtection from black\n{2}{G}{G}: Chameleon Colossus gets +X/+X until end of turn, where X is its power.","originalText":"Changeling (This card is every creature type at all times.)\nProtection from black\n{2}{G}{G}: Chameleon Colossus gets +X/+X until end of turn, where X is its power.","number":"16","imageName":"chameleon colossus","foreignNames":[{"language":"Chinese Traditional","name":"善變巨像"},{"language":"Chinese Simplified","name":"善变巨像"},{"language":"French","name":"Colosse caméléon"},{"language":"German","name":"Kolossales Chamäleon"},{"language":"Italian","name":"Colosso Camaleontico"},{"language":"Japanese","name":"カメレオンの巨像"},{"language":"Portuguese (Brazil)","name":"Colosso Camaleão"},{"language":"Russian","name":"Колосс-Хамелеон"},{"language":"Spanish","name":"Coloso camaleónico"}],"legalities":{"Modern":"Legal","Lorwyn-Shadowmoor Block":"Legal","Legacy":"Legal","Vintage":"Legal","Freeform":"Legal","Prismatic":"Legal","Tribal Wars Legacy":"Legal","Singleton 100":"Legal","Commander":"Legal"},"printings":["Morningtide","Archenemy","From the Vault: Twenty"]},{"layout":"normal","type":"Instant","types":["Instant"],"colors":["Red"],"multiverseid":373332,"name":"Char","originalType":"Instant","cmc":3,"rarity":"Mythic Rare","artist":"Adam Rex","manaCost":"{2}{R}","text":"Char deals 4 damage to target creature or player and 2 damage to you.","originalText":"Char deals 4 damage to target creature or player and 2 damage to you.","flavor":"Izzet mages often acquire their magic reagents from dubious sources, so the potency of their spells is never predictable.","number":"14","imageName":"char","foreignNames":[{"language":"Chinese Simplified","name":"烤焦"},{"language":"French","name":"Carboniser"},{"language":"German","name":"Verkohlen"},{"language":"Italian","name":"Ardere"},{"language":"Japanese","name":"黒焦げ"},{"language":"Portuguese (Brazil)","name":"Carbonizar"},{"language":"Russian","name":"Головешка"},{"language":"Spanish","name":"Quemar"}],"legalities":{"Modern":"Legal","Ravnica Block":"Legal","Legacy":"Legal","Vintage":"Legal","Freeform":"Legal","Prismatic":"Legal","Tribal Wars Legacy":"Legal","Singleton 100":"Legal","Commander":"Legal"},"printings":["Ravnica: City of Guilds","15th Anniversary","From the Vault: Twenty"]},{"layout":"normal","type":"Sorcery","types":["Sorcery"],"colors":["Blue","Black","Red"],"multiverseid":373318,"name":"Cruel Ultimatum","originalType":"Sorcery","cmc":7,"rarity":"Mythic Rare","artist":"Todd Lockwood","manaCost":"{U}{U}{B}{B}{B}{R}{R}","text":"Target opponent sacrifices a creature, discards three cards, then loses 5 life. You return a creature card from your graveyard to your hand, draw three cards, then gain 5 life.","originalText":"Target opponent sacrifices a creature, discards three cards, then loses 5 life. You return a creature card from your graveyard to your hand, draw three cards, then gain 5 life.","flavor":"There is always a greater power.","number":"17","rulings":[{"date":"2008-10-01","text":"Cruel Ultimatum's only target is an opponent. You don't choose which creature card in your graveyard you'll return to your hand until Cruel Ultimatum resolves."},{"date":"2008-10-01","text":"All of these actions are performed sequentially, in the order listed. Earlier actions may affect how you perform later actions. (For example, if the opponent sacrifices a creature that he or she controls but you own, it will end up in your graveyard. When Cruel Ultimatum lets you return a creature card from your graveyard to your hand, you can choose that one.)"},{"date":"2008-10-01","text":"If, as Cruel Ultimatum begins to resolve, your opponent's life total is 5 or less and you have two or fewer cards in your library, the game will result in a draw. Your opponent's life total will drop to 0 or less, but Cruel Ultimatum must finish resolving completely before state-based actions are checked. You'll then be forced to draw three cards and fail to draw one. When state-based actions are finally checked, you and your opponent will both lose the game at the same time, which means the game is a draw."}],"imageName":"cruel ultimatum","foreignNames":[{"language":"Chinese Simplified","name":"残酷通牒"},{"language":"French","name":"Ultimatum cruel"},{"language":"German","name":"Grausames Ultimatum"},{"language":"Italian","name":"Ultimatum Crudele"},{"language":"Japanese","name":"残酷な根本原理"},{"language":"Portuguese (Brazil)","name":"Ultimato Cruel"},{"language":"Russian","name":"Жестокий Ультиматум"},{"language":"Spanish","name":"Ultimátum cruel"}],"legalities":{"Modern":"Legal","Shards of Alara Block":"Legal","Legacy":"Legal","Vintage":"Legal","Freeform":"Legal","Prismatic":"Legal","Tribal Wars Legacy":"Legal","Singleton 100":"Legal","Commander":"Legal"},"printings":["Shards of Alara","Duel Decks: Ajani vs. Nicol Bolas","From the Vault: Twenty","Commander 2013 Edition"]},{"layout":"normal","type":"Instant","types":["Instant"],"colors":["Black"],"multiverseid":373329,"name":"Dark Ritual","originalType":"Instant","cmc":1,"rarity":"Mythic Rare","artist":"Clint Langley","manaCost":"{B}","text":"Add {B}{B}{B} to your mana pool.","originalText":"Add {B}{B}{B} to your mana pool.","flavor":"\"Leshrac, my liege, grant me the power I am due.\"\n—Lim-Dûl, the Necromancer","number":"1","imageName":"dark ritual","foreignNames":[{"language":"Japanese","name":"暗黒の儀式"}],"legalities":{"Masques Block":"Legal","Urza Block":"Legal","Tempest Block":"Legal","Mirage Block":"Legal","Ice Age Block":"Legal","Legacy":"Legal","Vintage":"Legal","Freeform":"Legal","Prismatic":"Legal","Tribal Wars Legacy":"Legal","Singleton 100":"Legal","Commander":"Legal"},"printings":["Limited Edition Alpha","Limited Edition Beta","Unlimited Edition","Revised Edition","Fourth Edition","Ice Age","Rivals Quick Start Set","Mirage","Introductory Two-Player Set","Fifth Edition","Tempest","Judge Gift Program","Urza's Saga","Mercadian Masques","Battle Royale Box Set","Beatdown Box Set","Deckmasters","Coldsnap Theme Decks","Duel Decks: Divine vs. Demonic","Planechase","Duel Decks: Phyrexia vs. the Coalition","Masters Edition IV","From the Vault: Twenty","Vintage Masters"]},{"layout":"normal","type":"Instant","types":["Instant"],"colors":["Blue"],"multiverseid":373325,"name":"Fact or Fiction","originalType":"Instant","cmc":4,"rarity":"Mythic Rare","artist":"Terese Nielsen","manaCost":"{3}{U}","text":"Reveal the top five cards of your library. An opponent separates those cards into two piles. Put one pile into your hand and the other into your graveyard.","originalText":"Reveal the top five cards of your library. An opponent separates those cards into two piles. Put one pile into your hand and the other into your graveyard.","number":"9","rulings":[{"date":"2004-10-04","text":"You choose which pile to put into your hand."},{"date":"2004-10-04","text":"The revealed cards are revealed in order, so that all players know what order they were on the library."}],"imageName":"fact or fiction","foreignNames":[{"language":"Chinese Simplified","name":"真伪莫辨"},{"language":"French","name":"Fait ou fiction"},{"language":"German","name":"Fakt oder Fiktion"},{"language":"Italian","name":"Certezza o Finzione"},{"language":"Japanese","name":"嘘か真か"},{"language":"Spanish","name":"Realidad o ficción"}],"legalities":{"Invasion Block":"Legal","Legacy":"Legal","Vintage":"Legal","Freeform":"Legal","Prismatic":"Legal","Tribal Wars Legacy":"Legal","Singleton 100":"Legal","Commander":"Legal"},"printings":["Friday Night Magic","Invasion","Duel Decks: Jace vs. Chandra","Magic: The Gathering-Commander","From the Vault: Twenty","Magic: The Gathering—Conspiracy","Vintage Masters"]},{"layout":"normal","type":"Creature — Elf Druid","types":["Creature"],"colors":["Green"],"multiverseid":373320,"name":"Fyndhorn Elves","subtypes":["Elf","Druid"],"originalType":"Creature — Elf Druid","cmc":1,"rarity":"Mythic Rare","artist":"Igor Kieryluk","power":"1","toughness":"1","manaCost":"{G}","text":"{T}: Add {G} to your mana pool.","originalText":"{T}: Add {G} to your mana pool.","flavor":"\"We could no more abandon the forest than the stars could abandon the night sky.\"","number":"4","imageName":"fyndhorn elves","legalities":{"Ice Age Block":"Legal","Legacy":"Legal","Vintage":"Legal","Freeform":"Legal","Prismatic":"Legal","Tribal Wars Legacy":"Legal","Singleton 100":"Legal","Commander":"Legal"},"printings":["Ice Age","Deckmasters","Masters Edition","From the Vault: Twenty","Vintage Masters"]},{"layout":"normal","type":"Artifact","types":["Artifact"],"multiverseid":373335,"name":"Gilded Lotus","originalType":"Artifact","cmc":5,"rarity":"Mythic Rare","artist":"Daniel Ljunggren","manaCost":"{5}","text":"{T}: Add three mana of any one color to your mana pool.","originalText":"{T}: Add three mana of any one color to your mana pool.","flavor":"Over such beauty, wars are fought. With such power, wars are won.","number":"12","imageName":"gilded lotus","foreignNames":[{"language":"Chinese Traditional","name":"金箔蓮花"},{"language":"Chinese Simplified","name":"金箔莲花"},{"language":"French","name":"Lotus doré"},{"language":"German","name":"Vergoldeter Lotus"},{"language":"Italian","name":"Loto Dorato"},{"language":"Japanese","name":"金粉の水蓮"},{"language":"Korean","name":"금박 연꽃"},{"language":"Portuguese (Brazil)","name":"Lótus Engalanada"},{"language":"Russian","name":"Позолоченный Лотос"},{"language":"Spanish","name":"Loto de oropel"}],"legalities":{"Modern":"Legal","Mirrodin Block":"Legal","Legacy":"Legal","Vintage":"Legal","Freeform":"Legal","Prismatic":"Legal","Tribal Wars Legacy":"Legal","Tribal Wars Standard":"Legal","Singleton 100":"Legal","Commander":"Legal"},"printings":["Mirrodin","Magic 2013","From the Vault: Twenty"]},{"layout":"normal","type":"Sorcery","types":["Sorcery"],"colors":["Green"],"multiverseid":373333,"name":"Green Sun's Zenith","originalType":"Sorcery","cmc":1,"rarity":"Mythic Rare","artist":"David Rapoza","manaCost":"{X}{G}","text":"Search your library for a green creature card with converted mana cost X or less, put it onto the battlefield, then shuffle your library. Shuffle Green Sun's Zenith into its owner's library.","originalText":"Search your library for a green creature card with converted mana cost X or less, put it onto the battlefield, then shuffle your library. Shuffle Green Sun's Zenith into its owner's library.","flavor":"As the green sun crowned, Phyrexian prophecies glowed on the Tree of Tales.","number":"19","rulings":[{"date":"2011-06-01","text":"If this spell is countered, none of its effects occur. In particular, it will go to the graveyard rather than to its owner's library."},{"date":"2011-06-01","text":"In most cases, if you own Green Sun's Zenith and cast it, you'll shuffle your library twice. In practice, shuffling once is sufficient, but effects that care about you shuffling your library (like Psychogenic Probe, for example) will see that you've shuffled twice."},{"date":"2011-06-01","text":"If you own Green Sun's Zenith, but an opponent casts it (due to Knowledge Pool's effect, for example), that opponent searches his or her library for an appropriate creature card, then shuffles his or her library. That opponent then shuffles Green Sun's Zenith into your library. You won't shuffle any library in this case."}],"imageName":"green sun's zenith","foreignNames":[{"language":"Chinese Traditional","name":"綠陽當空"},{"language":"Chinese Simplified","name":"绿阳当空"},{"language":"French","name":"Zénith de Vertsoleil"},{"language":"German","name":"Zenit der Grünen Sonne"},{"language":"Italian","name":"Zenit del Sole Verde"},{"language":"Japanese","name":"緑の太陽の頂点"},{"language":"Portuguese (Brazil)","name":"Zênite do Sol Verde"},{"language":"Russian","name":"Зенит Зеленого Солнца"},{"language":"Spanish","name":"Cenit del sol verde"}],"legalities":{"Modern":"Banned","Scars of Mirrodin Block":"Legal","Legacy":"Legal","Vintage":"Legal","Freeform":"Legal","Prismatic":"Legal","Tribal Wars Legacy":"Legal","Singleton 100":"Legal","Commander":"Legal"},"printings":["Mirrodin Besieged","From the Vault: Twenty"]},{"layout":"normal","type":"Sorcery","types":["Sorcery"],"colors":["Black"],"multiverseid":373324,"name":"Hymn to Tourach","originalType":"Sorcery","cmc":2,"rarity":"Mythic Rare","artist":"Greg Staples","manaCost":"{B}{B}","text":"Target player discards two cards at random.","originalText":"Target player discards two cards at random.","flavor":"The priests plead for your anguish and pray for your despair.","number":"3","imageName":"hymn to tourach","legalities":{"Legacy":"Legal","Vintage":"Legal","Freeform":"Legal","Prismatic":"Legal","Tribal Wars Legacy":"Legal","Singleton 100":"Legal","Commander":"Legal"},"printings":["Fallen Empires","Anthologies","Masters Edition","From the Vault: Twenty","Vintage Masters"]},{"layout":"normal","type":"Instant","types":["Instant"],"colors":["Blue"],"multiverseid":373330,"name":"Impulse","originalType":"Instant","cmc":2,"rarity":"Mythic Rare","artist":"Izzy","manaCost":"{1}{U}","text":"Look at the top four cards of your library. Put one of them into your hand and the rest on the bottom of your library in any order.","originalText":"Look at the top four cards of your library. Put one of them into your hand and the rest on the bottom of your library in any order.","flavor":"\"You call it luck. I call it preparation.\"","number":"5","rulings":[{"date":"2004-10-04","text":"This is not a draw."},{"date":"2004-10-04","text":"Due to errata, you no longer shuffle your library."}],"imageName":"impulse","foreignNames":[{"language":"Japanese","name":"衝動"}],"legalities":{"Mirage Block":"Legal","Legacy":"Legal","Vintage":"Legal","Freeform":"Legal","Prismatic":"Legal","Tribal Wars Legacy":"Legal","Singleton 100":"Legal","Commander":"Legal"},"printings":["Visions","Friday Night Magic","Beatdown Box Set","From the Vault: Twenty","Duel Decks: Speed vs. Cunning"]},{"layout":"normal","supertypes":["Legendary"],"type":"Legendary Creature — Rat Ninja","types":["Creature"],"colors":["Black"],"multiverseid":373327,"name":"Ink-Eyes, Servant of Oni","subtypes":["Rat","Ninja"],"originalType":"Legendary Creature — Rat Ninja","cmc":6,"rarity":"Mythic Rare","artist":"Wayne Reynolds","power":"5","toughness":"4","manaCost":"{4}{B}{B}","text":"Ninjutsu {3}{B}{B} ({3}{B}{B}, Return an unblocked attacker you control to hand: Put this card onto the battlefield from your hand tapped and attacking.)\nWhenever Ink-Eyes, Servant of Oni deals combat damage to a player, you may put target creature card from that player's graveyard onto the battlefield under your control.\n{1}{B}: Regenerate Ink-Eyes.","originalText":"Ninjutsu {3}{B}{B} ({3}{B}{B}, Return an unblocked attacker you control to hand: Put this card onto the battlefield from your hand tapped and attacking.)\nWhenever Ink-Eyes, Servant of Oni deals combat damage to a player, you may put target creature card from that player's graveyard onto the battlefield under your control.\n{1}{B}: Regenerate Ink-Eyes.","number":"13","rulings":[{"date":"2005-02-01","text":"If, during the combat damage step, a creature is destroyed during combat and Ink-Eyes also deals combat damage to a player, the destroyed creature can be a legal target for Ink-Eyes's ability."}],"imageName":"ink-eyes, servant of oni","foreignNames":[{"language":"Chinese Simplified","name":"邪鬼仆役墨目"},{"language":"French","name":"Yeux d'encre, servante des oni"},{"language":"German","name":"Tintenauge, Diener der Oni"},{"language":"Italian","name":"Occhi di Pece, Serva di Oni"},{"language":"Japanese","name":"鬼の下僕、墨目"},{"language":"Portuguese (Brazil)","name":"Olhos-de-Tinta, Serva dos Onis"},{"language":"Spanish","name":"Ojos de tinta, sierva de oni"}],"legalities":{"Modern":"Legal","Kamigawa Block":"Legal","Legacy":"Legal","Vintage":"Legal","Freeform":"Legal","Prismatic":"Legal","Tribal Wars Legacy":"Legal","Singleton 100":"Legal","Commander":"Legal"},"printings":["Prerelease Events","Betrayers of Kamigawa","Planechase 2012 Edition","From the Vault: Twenty"]},{"layout":"normal","type":"Planeswalker — Jace","types":["Planeswalker"],"colors":["Blue"],"multiverseid":373316,"name":"Jace, the Mind Sculptor","subtypes":["Jace"],"originalType":"Planeswalker — Jace","cmc":4,"rarity":"Mythic Rare","artist":"Jason Chan","loyalty":3,"manaCost":"{2}{U}{U}","text":"+2: Look at the top card of target player's library. You may put that card on the bottom of that player's library.\n0: Draw three cards, then put two cards from your hand on top of your library in any order.\n−1: Return target creature to its owner's hand.\n−12: Exile all cards from target player's library, then that player shuffles his or her hand into his or her library.","originalText":"+2: Look at the top card of target player's library. You may put that card on the bottom of that player's library.\n0: Draw three cards, then put two cards from your hand on top of your library in any order.\n-1: Return target creature to its owner's hand.\n-12: Exile all cards from target player's library, then that player shuffles his or her hand into his or her library.","number":"18","rulings":[{"date":"2010-03-01","text":"Jace, the Mind Sculptor is the first planeswalker with a loyalty ability that costs [0]. Activating this ability follows the same rules as activating any other planeswalker ability, though you'll neither put loyalty counters on Jace nor remove loyalty counters from Jace to do so."},{"date":"2010-03-01","text":"If you activate Jace's second ability, the two cards you put on top of your library may be any two cards from your hand. They don't have to be cards you drew with the ability."},{"date":"2013-07-01","text":"Planeswalkers are permanents. You can cast one at the time you could cast a sorcery. When your planeswalker spell resolves, it enters the battlefield under your control."},{"date":"2013-07-01","text":"Planeswalkers are not creatures. Spells and abilities that affect creatures won’t affect them."},{"date":"2013-07-01","text":"Planeswalkers have loyalty. A planeswalker enters the battlefield with a number of loyalty counters on it equal to the number printed in its lower right corner. Activating one of its abilities may cause it to gain or lose loyalty counters. Damage dealt to a planeswalker causes that many loyalty counters to be removed from it. If it has no loyalty counters on it, it’s put into its owner’s graveyard as a state-based action."},{"date":"2013-07-01","text":"Planeswalkers each have a number of activated abilities called “loyalty abilities.” You can activate a loyalty ability of a planeswalker you control only at the time you could cast a sorcery and only if you haven’t activated one of that planeswalker’s loyalty abilities yet that turn."},{"date":"2013-07-01","text":"The cost to activate a planeswalker’s loyalty ability is represented by a symbol with a number inside. Up-arrows contain positive numbers, such as “+1”; this means “Put one loyalty counter on this planeswalker.” Down-arrows contain negative numbers, such as “-7”; this means “Remove seven loyalty counters from this planeswalker.” A symbol with a “0” means “Put zero loyalty counters on this planeswalker.”"},{"date":"2013-07-01","text":"You can’t activate a planeswalker’s ability with a negative loyalty cost unless the planeswalker has at least that many loyalty counters on it."},{"date":"2013-07-01","text":"Planeswalkers can’t attack (unless an effect turns the planeswalker into a creature). However, they can be attacked. Each of your attacking creatures can attack your opponent or a planeswalker that player controls. You say which as you declare attackers."},{"date":"2013-07-01","text":"If your planeswalkers are being attacked, you can block the attackers as normal."},{"date":"2013-07-01","text":"If a creature that’s attacking a planeswalker isn’t blocked, it’ll deal its combat damage to that planeswalker. Damage dealt to a planeswalker causes that many loyalty counters to be removed from it."},{"date":"2013-07-01","text":"If a source you control would deal noncombat damage to an opponent, you may have that source deal that damage to a planeswalker that opponent controls instead. For example, although you can’t target a planeswalker with Shock, you can target your opponent with Shock, and then as Shock resolves, choose to have Shock deal its 2 damage to one of your opponent’s planeswalkers. (You can’t split up that damage between different players and/or planeswalkers.) If you have Shock deal its damage to a planeswalker, two loyalty counters are removed from it."},{"date":"2013-07-01","text":"If a player controls two or more planeswalkers that share a planeswalker type, that player chooses one of them and the rest are put into their owners’ graveyards as a state-based action."}],"imageName":"jace, the mind sculptor","foreignNames":[{"language":"Chinese Simplified","name":"心灵塑师杰斯"},{"language":"French","name":"Jace, le sculpteur de l'esprit"},{"language":"German","name":"Jace, der Gedankenformer"},{"language":"Italian","name":"Jace, lo Scultore di Menti"},{"language":"Japanese","name":"精神を刻む者、ジェイス"},{"language":"Portuguese (Brazil)","name":"Jace, o Escultor de Mentes"},{"language":"Russian","name":"Джейс, Скульптор Сознания"},{"language":"Spanish","name":"Jace, el escultor mental"}],"legalities":{"Modern":"Banned","Zendikar Block":"Legal","Legacy":"Legal","Vintage":"Legal","Freeform":"Legal","Prismatic":"Legal","Tribal Wars Legacy":"Legal","Singleton 100":"Banned","Commander":"Legal"},"printings":["Worldwake","From the Vault: Twenty","Vintage Masters"]},{"layout":"normal","type":"Land","types":["Land"],"multiverseid":373323,"name":"Kessig Wolf Run","originalType":"Land","rarity":"Mythic Rare","artist":"Eytan Zana","text":"{T}: Add {1} to your mana pool.\n{X}{R}{G}, {T}: Target creature gets +X/+0 and gains trample until end of turn.","originalText":"{T}: Add {1} to your mana pool.\n{X}{R}{G}, {T}: Target creature gets +X/+0 and gains trample until end of turn.","flavor":"When a werewolf changes for the first time, that first howl is said to echo through the wilds till moonset.","number":"20","imageName":"kessig wolf run","foreignNames":[{"language":"Chinese Traditional","name":"凱錫革狼棲地"},{"language":"Chinese Simplified","name":"凯锡革狼栖地"},{"language":"French","name":"Garenne au Loup de Kessig"},{"language":"German","name":"Wolfspfad in Kessig"},{"language":"Italian","name":"Riserva dei Lupi di Kessig"},{"language":"Japanese","name":"ケッシグの狼の地"},{"language":"Portuguese (Brazil)","name":"Toca do Lobo de Kessig"},{"language":"Russian","name":"Кессигские Волчьи Угодья"},{"language":"Spanish","name":"Coto de lobos de Kessig"}],"legalities":{"Modern":"Legal","Innistrad Block":"Legal","Legacy":"Legal","Vintage":"Legal","Freeform":"Legal","Prismatic":"Legal","Tribal Wars Legacy":"Legal","Tribal Wars Standard":"Legal","Singleton 100":"Legal","Commander":"Legal"},"printings":["Innistrad","From the Vault: Twenty"]},{"layout":"normal","type":"Instant","types":["Instant"],"colors":["White"],"multiverseid":373334,"name":"Swords to Plowshares","originalType":"Instant","cmc":1,"rarity":"Mythic Rare","artist":"Terese Nielsen","manaCost":"{W}","text":"Exile target creature. Its controller gains life equal to its power.","originalText":"Exile target creature. Its controller gains life equal to its power.","flavor":"The smallest seed of regret can bloom into redemption.","number":"2","rulings":[{"date":"2004-10-04","text":"If the creature has a negative power, the player does not lose life. It acts the same as if it had a power of zero."},{"date":"2008-10-01","text":"The amount of life that's gained is equal to the power of the targeted creature as it last existed on the battlefield."}],"imageName":"swords to plowshares","foreignNames":[{"language":"Chinese Simplified","name":"化剑为犁"},{"language":"French","name":"Retour au pays"},{"language":"German","name":"Schwerter zu Pflugscharen"},{"language":"Italian","name":"Da Spade, a Spighe!"},{"language":"Japanese","name":"剣を鍬に"},{"language":"Spanish","name":"Espadas en guadañas"}],"legalities":{"Ice Age Block":"Legal","Legacy":"Legal","Vintage":"Legal","Freeform":"Legal","Prismatic":"Legal","Tribal Wars Legacy":"Legal","Singleton 100":"Legal","Commander":"Legal"},"printings":["Limited Edition Alpha","Limited Edition Beta","Unlimited Edition","Revised Edition","Fourth Edition","Ice Age","Judge Gift Program","Anthologies","Battle Royale Box Set","Friday Night Magic","Coldsnap Theme Decks","Masters Edition II","Duel Decks: Elspeth vs. Tezzeret","Masters Edition IV","From the Vault: Twenty","Magic: The Gathering—Conspiracy","Vintage Masters"]},{"layout":"normal","type":"Artifact","types":["Artifact"],"multiverseid":373322,"name":"Tangle Wire","originalType":"Artifact","cmc":3,"rarity":"Mythic Rare","artist":"Marco Nelor","manaCost":"{3}","text":"Fading 4 (This artifact enters the battlefield with four fade counters on it. At the beginning of your upkeep, remove a fade counter from it. If you can't, sacrifice it.)\nAt the beginning of each player's upkeep, that player taps an untapped artifact, creature, or land he or she controls for each fade counter on Tangle Wire.","originalText":"Fading 4 (This artifact enters the battlefield with four fade counters on it. At the beginning of your upkeep, remove a fade counter from it. If you can't, sacrifice it.)\nAt the beginning of each player's upkeep, that player taps an untapped artifact, creature, or land he or she controls for each fade counter on Tangle Wire.","number":"8","imageName":"tangle wire","legalities":{"Masques Block":"Legal","Legacy":"Legal","Vintage":"Legal","Commander":"Legal"},"printings":["Nemesis","From the Vault: Twenty"]},{"layout":"normal","type":"Artifact","types":["Artifact"],"multiverseid":373331,"name":"Thran Dynamo","originalType":"Artifact","cmc":4,"rarity":"Mythic Rare","artist":"Ron Spears","manaCost":"{4}","text":"{T}: Add {3} to your mana pool.","originalText":"{T}: Add {3} to your mana pool.","flavor":"Urza's metathran children were conceived, birthed, and nurtured by an integrated system of machines.","number":"7","imageName":"thran dynamo","foreignNames":[{"language":"Chinese Simplified","name":"索蓝发电机"},{"language":"French","name":"Dynamo thran"},{"language":"German","name":"Thrandynamo"},{"language":"Italian","name":"Dinamo Thran"},{"language":"Japanese","name":"スランの発電機"},{"language":"Spanish","name":"Dínamo thran"}],"legalities":{"Urza Block":"Legal","Legacy":"Legal","Vintage":"Legal","Freeform":"Legal","Prismatic":"Legal","Tribal Wars Legacy":"Legal","Singleton 100":"Legal","Commander":"Legal"},"printings":["Urza's Destiny","Archenemy","From the Vault: Twenty","Commander 2014"]},{"layout":"normal","supertypes":["Legendary"],"type":"Legendary Creature — Human Wizard","types":["Creature"],"colors":["Blue"],"multiverseid":373326,"name":"Venser, Shaper Savant","subtypes":["Human","Wizard"],"originalType":"Legendary Creature — Human Wizard","cmc":4,"rarity":"Mythic Rare","artist":"Eric Deschamps","power":"2","toughness":"2","manaCost":"{2}{U}{U}","text":"Flash (You may cast this spell any time you could cast an instant.)\nWhen Venser, Shaper Savant enters the battlefield, return target spell or permanent to its owner's hand.","originalText":"Flash\nWhen Venser, Shaper Savant enters the battlefield, return target spell or permanent to its owner's hand.","flavor":"His marvels of artifice pale in comparison to the developing machinery of his mind.","number":"15","rulings":[{"date":"2007-05-01","text":"If a spell is returned to its owner's hand, it's removed from the stack and thus will not resolve. The spell isn't countered; it just no longer exists."},{"date":"2007-05-01","text":"If a copy of a spell is returned to its owner's hand, it's moved there, then it will cease to exist as a state-based action."},{"date":"2007-05-01","text":"If Venser's enters-the-battlefield ability targets a spell cast with flashback, that spell will be exiled instead of returning to its owner's hand."}],"imageName":"venser, shaper savant","foreignNames":[{"language":"Chinese Simplified","name":"塑形学者凡瑟"},{"language":"French","name":"Venser, forgeur savant"},{"language":"German","name":"Venser, gelehrter Bastler"},{"language":"Italian","name":"Venser, Plasmatore Sapiente"},{"language":"Japanese","name":"造物の学者、ヴェンセール"},{"language":"Portuguese (Brazil)","name":"Venser, Sábio Modelador"},{"language":"Russian","name":"Венсер, Ученый Заклинатель"},{"language":"Spanish","name":"Venser, sabio moldeador"}],"legalities":{"Modern":"Legal","Time Spiral Block":"Legal","Legacy":"Legal","Vintage":"Legal","Freeform":"Legal","Prismatic":"Legal","Tribal Wars Legacy":"Legal","Singleton 100":"Legal","Commander":"Legal"},"printings":["Future Sight","From the Vault: Twenty"]},{"layout":"normal","type":"Creature — Plant Wall","types":["Creature"],"colors":["Green"],"multiverseid":373319,"name":"Wall of Blossoms","subtypes":["Plant","Wall"],"originalType":"Creature — Plant Wall","cmc":2,"rarity":"Mythic Rare","artist":"Heather Hudson","power":"0","toughness":"4","manaCost":"{1}{G}","text":"Defender\nWhen Wall of Blossoms enters the battlefield, draw a card.","originalText":"Defender\nWhen Wall of Blossoms enters the battlefield, draw a card.","flavor":"Each flower identical, every leaf and petal disturbingly exact.","number":"6","imageName":"wall of blossoms","foreignNames":[{"language":"French","name":"Mur de fleurs"},{"language":"German","name":"Blütenmauer"},{"language":"Italian","name":"Muro di Bocciuoli"},{"language":"Japanese","name":"花の壁"},{"language":"Spanish","name":"Muro de flores"}],"legalities":{"Tempest Block":"Legal","Legacy":"Legal","Vintage":"Legal","Commander":"Legal"},"printings":["Stronghold","Friday Night Magic","Planechase 2012 Edition","From the Vault: Twenty"]}]}