{"name":"From the Vault: Annihilation (2014)","code":"V14","releaseDate":"2014-08-22","border":"black","type":"from the vault","cards":[{"layout":"normal","type":"Sorcery","types":["Sorcery"],"colors":["White"],"multiverseid":386284,"name":"Armageddon","originalType":"Sorcery","cmc":4,"rarity":"Mythic Rare","artist":"Chris Rahn","manaCost":"{3}{W}","text":"Destroy all lands.","originalText":"Destroy all lands.","flavor":"A bloody dawn broke over a scabbed and tortured world.","number":"1","imageName":"armageddon","legalities":{"Legacy":"Legal","Vintage":"Legal","Freeform":"Legal","Prismatic":"Legal","Tribal Wars Legacy":"Legal","Singleton 100":"Legal","Commander":"Legal"},"printings":["Limited Edition Alpha","Limited Edition Beta","Unlimited Edition","Revised Edition","Fourth Edition","Fifth Edition","Portal","Portal Second Age","Judge Gift Program","Anthologies","Classic Sixth Edition","Starter 1999","Masters Edition","Masters Edition IV","Vintage Masters","From the Vault: Annihilation (2014)"]},{"layout":"normal","type":"Sorcery","types":["Sorcery"],"colors":["Red"],"multiverseid":386285,"name":"Burning of Xinye","originalType":"Sorcery","cmc":6,"rarity":"Mythic Rare","artist":"Yang Hong","manaCost":"{4}{R}{R}","text":"You destroy four lands you control, then target opponent destroys four lands he or she controls. Then Burning of Xinye deals 4 damage to each creature.","originalText":"You destroy four lands you control, then target opponent destroys four lands he or she controls. Then Burning of Xinye deals 4 damage to each creature.","number":"2","rulings":[{"date":"2009-10-01","text":"Burning of Xinye targets only an opponent. If that player is an illegal target by the time Burning of Xinye resolves, the entire spell is countered."},{"date":"2009-10-01","text":"The lands that will be destroyed aren't chosen until Burning of Xinye resolves."},{"date":"2009-10-01","text":"A land with a regeneration shield on it will regenerate from Burning of Xinye's destruction effect. However, the spell or ability that creates that shield must be cast or activated before Burning of Xinye starts to resolve."},{"date":"2009-10-01","text":"In a multiplayer game, only lands controlled by two players (you and the targeted opponent) are destroyed. However, Burning of Xinye will deal 4 damage to each creature, even those controlled by other players."},{"date":"2013-07-01","text":"As Burning of Xinye resolves, first you destroy four lands you control (all at the same time), then the targeted opponent destroys four lands he or she controls (all at the same time). That player chooses which of his or her lands to destroy. Neither of you can choose to destroy a land with indestructible."}],"imageName":"burning of xinye","legalities":{"Legacy":"Legal","Vintage":"Legal","Freeform":"Legal","Prismatic":"Legal","Commander":"Legal"},"printings":["Portal Three Kingdoms","Masters Edition III","Vintage Masters","From the Vault: Annihilation (2014)"]},{"layout":"normal","type":"Sorcery","types":["Sorcery"],"colors":["White"],"multiverseid":386286,"name":"Cataclysm","originalType":"Sorcery","cmc":4,"rarity":"Mythic Rare","artist":"Eric Deschamps","manaCost":"{2}{W}{W}","text":"Each player chooses from among the permanents he or she controls an artifact, a creature, an enchantment, and a land, then sacrifices the rest.","originalText":"Each player chooses from among the permanents he or she controls an artifact, a creature, an enchantment, and a land, then sacrifices the rest.","flavor":"\"Keep with you only this much: your mount, your blade, and your wits. The rest you can find, build, or take.\"\n—Horse clans' wisdom","number":"3","rulings":[{"date":"2004-10-04","text":"If you control a permanent with more than one type, you can choose that same permanent for more than one of the choices if you want to. This makes it possible to select an artifact creature as both your artifact and creature, and then select a land and thereby keep only two cards."},{"date":"2004-10-04","text":"If you control a permanent with more than one type, you can choose that permanent to be the representative of either type. This makes it possible to have more than one creature (or other permanent type) on the battlefield. For example, if you select a creature for your creature and an artifact creature for your artifact, you get to keep both of these creatures."},{"date":"2004-10-04","text":"The permanents to save are chosen on resolution. You do not choose them when casting the spell."},{"date":"2004-10-04","text":"The current player makes their choices before the other player. After both players make choices, all the sacrifices are done simultaneously."},{"date":"2014-02-01","text":"Each permanent not chosen by a player will be sacrificed. If a permanent has none of the listed types (for example, a Planeswalker with no other types), it can't be chosen."}],"imageName":"cataclysm","legalities":{"Tempest Block":"Legal","Legacy":"Legal","Vintage":"Legal","Commander":"Legal"},"printings":["Exodus","From the Vault: Annihilation (2014)"]},{"layout":"normal","supertypes":["Legendary"],"type":"Legendary Creature — Avatar","types":["Creature"],"colors":["White","Blue","Black","Red","Green"],"multiverseid":386287,"name":"Child of Alara","subtypes":["Avatar"],"originalType":"Legendary Creature — Avatar","cmc":5,"rarity":"Mythic Rare","artist":"Steve Argyle","power":"6","toughness":"6","manaCost":"{W}{U}{B}{R}{G}","text":"Trample\nWhen Child of Alara dies, destroy all nonland permanents. They can't be regenerated.","originalText":"Trample\nWhen Child of Alara dies, destroy all nonland permanents. They can't be regenerated.","flavor":"The progeny of the Maelstrom shows no allegiance—and no mercy—to any of the five shards.","number":"4","imageName":"child of alara","foreignNames":[{"language":"Chinese Simplified","name":"阿拉若之子"},{"language":"French","name":"Enfant d'Alara"},{"language":"German","name":"Alaras Kind"},{"language":"Italian","name":"Bambino di Alara"},{"language":"Japanese","name":"アラーラの子"},{"language":"Portuguese (Brazil)","name":"Rebento de Alara"},{"language":"Russian","name":"Дитя Алары"},{"language":"Spanish","name":"Niño de Alara"}],"legalities":{"Modern":"Legal","Shards of Alara Block":"Legal","Legacy":"Legal","Vintage":"Legal","Freeform":"Legal","Prismatic":"Legal","Tribal Wars Legacy":"Legal","Singleton 100":"Legal","Commander":"Legal"},"printings":["Conflux","From the Vault: Annihilation (2014)"]},{"layout":"normal","type":"Sorcery","types":["Sorcery"],"colors":["Red"],"multiverseid":386288,"name":"Decree of Annihilation","originalType":"Sorcery","cmc":10,"rarity":"Mythic Rare","artist":"John Avon","manaCost":"{8}{R}{R}","text":"Exile all artifacts, creatures, and lands from the battlefield, all cards from all graveyards, and all cards from all hands.\nCycling {5}{R}{R} ({5}{R}{R}, Discard this card: Draw a card.)\nWhen you cycle Decree of Annihilation, destroy all lands.","originalText":"Exile all artifacts, creatures, and lands from the battlefield, all cards from all graveyards, and all cards from all hands.\nCycling {5}{R}{R} ({5}{R}{R}, Discard this card: Draw a card.)\nWhen you cycle Decree of Annihilation, destroy all lands.","number":"5","rulings":[{"date":"2008-10-01","text":"Cycling is an activated ability. Effects that interact with activated abilities (such as Stifle or Rings of Brighthearth) will interact with cycling. Effects that interact with spells (such as Remove Soul or Faerie Tauntings) will not."},{"date":"2008-10-01","text":"When you cycle this card, first the cycling ability goes on the stack, then the triggered ability goes on the stack on top of it. The triggered ability will resolve before you draw a card from the cycling ability."},{"date":"2008-10-01","text":"The cycling ability and the triggered ability are separate. If the triggered ability is countered (with Stifle, for example, or if all its targets have become illegal), the cycling ability will still resolve and you'll draw a card."}],"imageName":"decree of annihilation","foreignNames":[{"language":"French","name":"Décret d'annihilation"},{"language":"German","name":"Dekret der Vernichtung"},{"language":"Italian","name":"Decreto dell'Annientamento"},{"language":"Portuguese (Brazil)","name":"Decreto de Aniquilação"},{"language":"Spanish","name":"Decreto de aniquilación"}],"legalities":{"Onslaught Block":"Legal","Legacy":"Legal","Vintage":"Legal","Freeform":"Legal","Prismatic":"Legal","Tribal Wars Legacy":"Legal","Singleton 100":"Legal","Commander":"Legal"},"printings":["Scourge","From the Vault: Annihilation (2014)"]},{"layout":"normal","type":"Sorcery","types":["Sorcery"],"colors":["Red","Green"],"multiverseid":386289,"name":"Firespout","originalType":"Sorcery","cmc":3,"rarity":"Mythic Rare","artist":"Raymond Swanland","manaCost":"{2}{R/G}","text":"Firespout deals 3 damage to each creature without flying if {R} was spent to cast Firespout and 3 damage to each creature with flying if {G} was spent to cast it. (Do both if {R}{G} was spent.)","originalText":"Firespout deals 3 damage to each creature without flying if {R} was spent to cast Firespout and 3 damage to each creature with flying if {G} was spent to cast it. (Do both if {R}{G} was spent.)","number":"6","rulings":[{"date":"2008-05-01","text":"The spell cares about what mana was spent to pay its total cost, not just what mana was spent to pay the hybrid part of its cost."},{"date":"2008-05-01","text":"The spell checks on resolution to see if any mana of the stated colors was spent to pay its cost. If so, it doesn't matter how much mana of that color was spent."},{"date":"2008-05-01","text":"If the spell is copied, the copy will never have had mana of the stated color paid for it, no matter what colors were spent on the original spell."}],"imageName":"firespout","foreignNames":[{"language":"Chinese Simplified","name":"火龙卷"},{"language":"French","name":"Trombe de feu"},{"language":"German","name":"Feuerfontäne"},{"language":"Italian","name":"Colonna di Fuoco"},{"language":"Japanese","name":"炎渦竜巻"},{"language":"Portuguese (Brazil)","name":"Esguicho de Fogo"},{"language":"Russian","name":"Огненный Смерч"},{"language":"Spanish","name":"Chorro de fuego"}],"legalities":{"Modern":"Legal","Lorwyn-Shadowmoor Block":"Legal","Legacy":"Legal","Vintage":"Legal","Freeform":"Legal","Prismatic":"Legal","Tribal Wars Legacy":"Legal","Singleton 100":"Legal","Commander":"Legal"},"printings":["Shadowmoor","Magic: The Gathering-Commander","From the Vault: Annihilation (2014)"]},{"layout":"normal","type":"Instant","types":["Instant"],"colors":["White","Green"],"multiverseid":386290,"name":"Fracturing Gust","originalType":"Instant","cmc":5,"rarity":"Mythic Rare","artist":"Michael Sutfin","manaCost":"{2}{G/W}{G/W}{G/W}","text":"Destroy all artifacts and enchantments. You gain 2 life for each permanent destroyed this way.","originalText":"Destroy all artifacts and enchantments. You gain 2 life for each permanent destroyed this way.","flavor":"Elvish dawnhands test a relic's worthiness before collecting it for the safehold. If it can't stand up to a stiff breeze, it's left behind.","number":"7","rulings":[{"date":"2013-07-01","text":"If an artifact or enchantment remains on the battlefield because it was regenerated or has indestructible, you won't gain life for it."}],"imageName":"fracturing gust","foreignNames":[{"language":"Chinese Simplified","name":"毁裂狂风"},{"language":"French","name":"Rafale fracturante"},{"language":"German","name":"Zerbrechender Windstoß"},{"language":"Italian","name":"Raffica Sbriciolante"},{"language":"Japanese","name":"引き裂く突風"},{"language":"Portuguese (Brazil)","name":"Rajada Fragmentadora"},{"language":"Russian","name":"Разрушительный Порыв"},{"language":"Spanish","name":"Ráfaga fracturadora"}],"legalities":{"Modern":"Legal","Lorwyn-Shadowmoor Block":"Legal","Legacy":"Legal","Vintage":"Legal","Freeform":"Legal","Prismatic":"Legal","Tribal Wars Legacy":"Legal","Singleton 100":"Legal","Commander":"Legal"},"printings":["Shadowmoor","From the Vault: Annihilation (2014)"]},{"layout":"normal","type":"Sorcery","types":["Sorcery"],"colors":["Black"],"multiverseid":386291,"name":"Living Death","originalType":"Sorcery","cmc":5,"rarity":"Mythic Rare","artist":"Mark Winters","manaCost":"{3}{B}{B}","text":"Each player exiles all creature cards from his or her graveyard, then sacrifices all creatures he or she controls, then puts all cards he or she exiled this way onto the battlefield.","originalText":"Each player exiles all creature cards from his or her graveyard, then sacrifices all creatures he or she controls, then puts all cards he or she exiled this way onto the battlefield.","number":"8","rulings":[{"date":"2004-10-04","text":"The creatures which are sacrificed can't be regenerated."},{"date":"2004-10-04","text":"Both players exile their creature cards at once. Then both players sacrifice all creatures they control at once. Then both players put all creatures they exiled onto the battlefield. If there are any choices involved for a given step, the current player makes their choices first, then the other player, and finally you do the action all at once."},{"date":"2013-09-20","text":"\"All cards he or she exiled this way\" refers only to the cards exiled in the first part of the effect. If a replacement effect (such as Leyline of the Void) exiles any of the sacrificed creatures instead of putting them into the graveyard, those cards aren't returned to the battlefield."}],"imageName":"living death","foreignNames":[{"language":"French","name":"Mort vivante"},{"language":"German","name":"Lebende Tote"},{"language":"Italian","name":"Morte Vivente"},{"language":"Japanese","name":"生ける屍"},{"language":"Spanish","name":"La muerte de los vivos"}],"legalities":{"Tempest Block":"Legal","Legacy":"Legal","Vintage":"Legal","Freeform":"Legal","Prismatic":"Legal","Tribal Wars Legacy":"Legal","Singleton 100":"Legal","Commander":"Legal"},"printings":["Tempest","Judge Gift Program","Battle Royale Box Set","Duel Decks: Phyrexia vs. the Coalition","Magic: The Gathering-Commander","Vintage Masters","From the Vault: Annihilation (2014)"]},{"layout":"normal","type":"Sorcery","types":["Sorcery"],"colors":["White"],"multiverseid":386292,"name":"Martial Coup","originalType":"Sorcery","cmc":2,"rarity":"Mythic Rare","artist":"Greg Staples","manaCost":"{X}{W}{W}","text":"Put X 1/1 white Soldier creature tokens onto the battlefield. If X is 5 or more, destroy all other creatures.","originalText":"Put X 1/1 white Soldier creature tokens onto the battlefield. If X is 5 or more, destroy all other creatures.","flavor":"Their war forgotten, the nations of Bant stood united in the face of a common threat.","number":"9","rulings":[{"date":"2009-02-01","text":"Martial Coup checks the number you chose for X, not the amount of mana you actually spent."},{"date":"2009-02-01","text":"You do what the spell says in order. If X is 5 or more, you'll put the Soldier tokens onto the battlefield, then you'll destroy all other creatures."},{"date":"2009-02-01","text":"No one can cast spells or activate abilities between the time the Soldier tokens are put onto the battlefield and the time all other creatures are destroyed. For example, you can't sacrifice one of those Soldier tokens to regenerate a Skeletal Kathari."}],"imageName":"martial coup","foreignNames":[{"language":"Chinese Simplified","name":"军事壮举"},{"language":"French","name":"Coup d'état militaire"},{"language":"German","name":"Kriegscoup"},{"language":"Italian","name":"Colpo Militare"},{"language":"Japanese","name":"軍部政変"},{"language":"Portuguese (Brazil)","name":"Golpe Marcial"},{"language":"Russian","name":"Военный Переворот"},{"language":"Spanish","name":"Golpe marcial"}],"legalities":{"Modern":"Legal","Shards of Alara Block":"Legal","Legacy":"Legal","Vintage":"Legal","Freeform":"Legal","Prismatic":"Legal","Tribal Wars Legacy":"Legal","Singleton 100":"Legal","Commander":"Legal"},"printings":["Conflux","From the Vault: Annihilation (2014)","Commander 2014"]},{"layout":"normal","type":"Sorcery","types":["Sorcery"],"colors":["Red"],"multiverseid":386293,"name":"Rolling Earthquake","originalType":"Sorcery","cmc":1,"rarity":"Mythic Rare","artist":"Yang Hong","manaCost":"{X}{R}","text":"Rolling Earthquake deals X damage to each creature without horsemanship and each player.","originalText":"Rolling Earthquake deals X damage to each creature without horsemanship and each player.","number":"10","imageName":"rolling earthquake","legalities":{"Legacy":"Legal","Vintage":"Legal","Commander":"Legal"},"printings":["Portal Three Kingdoms","Masters Edition III","From the Vault: Annihilation (2014)"]},{"layout":"normal","type":"Artifact","types":["Artifact"],"multiverseid":386294,"name":"Smokestack","originalType":"Artifact","cmc":4,"rarity":"Mythic Rare","artist":"Daniel Ljunggren","manaCost":"{4}","text":"At the beginning of your upkeep, you may put a soot counter on Smokestack.\nAt the beginning of each player's upkeep, that player sacrifices a permanent for each soot counter on Smokestack.","originalText":"At the beginning of your upkeep, you may put a soot counter on Smokestack.\nAt the beginning of each player's upkeep, that player sacrifices a permanent for each soot counter on Smokestack.","number":"11","rulings":[{"date":"2004-10-04","text":"If a player does not have enough permanents, they sacrifice all the ones they have."},{"date":"2004-10-04","text":"Adding a counter is optional. If you forget to add one during your upkeep, you cannot back up and add one later."}],"imageName":"smokestack","legalities":{"Urza Block":"Legal","Legacy":"Legal","Vintage":"Legal","Freeform":"Legal","Prismatic":"Legal","Commander":"Legal"},"printings":["Urza's Saga","Vintage Masters","From the Vault: Annihilation (2014)"]},{"layout":"normal","type":"Sorcery","types":["Sorcery"],"colors":["White"],"multiverseid":386295,"name":"Terminus","originalType":"Sorcery","cmc":6,"rarity":"Mythic Rare","artist":"James Paick","manaCost":"{4}{W}{W}","text":"Put all creatures on the bottom of their owners' libraries.\nMiracle {W} (You may cast this card for its miracle cost when you draw it if it's the first card you drew this turn.)","originalText":"Put all creatures on the bottom of their owners' libraries.\nMiracle {W} (You may cast this card for its miracle cost when you draw it if it's the first card you drew this turn.)","number":"12","rulings":[{"date":"2012-05-01","text":"Each player chooses the order for his or her own creatures. This order isn't revealed to other players."}],"imageName":"terminus","foreignNames":[{"language":"Chinese Traditional","name":"終始"},{"language":"Chinese Simplified","name":"终始"},{"language":"German","name":"Endpunkt"},{"language":"Italian","name":"Capolinea"},{"language":"Japanese","name":"終末"},{"language":"Korean","name":"존재의 종점"},{"language":"Russian","name":"Терминус"},{"language":"Spanish","name":"Términus"}],"legalities":{"Modern":"Legal","Innistrad Block":"Legal","Legacy":"Legal","Vintage":"Legal","Freeform":"Legal","Prismatic":"Legal","Tribal Wars Legacy":"Legal","Tribal Wars Standard":"Legal","Singleton 100":"Legal","Commander":"Legal"},"printings":["Avacyn Restored","From the Vault: Annihilation (2014)"]},{"layout":"normal","type":"Sorcery","types":["Sorcery"],"colors":["Blue"],"multiverseid":386296,"name":"Upheaval","originalType":"Sorcery","cmc":6,"rarity":"Mythic Rare","artist":"Kev Walker","manaCost":"{4}{U}{U}","text":"Return all permanents to their owners' hands.","originalText":"Return all permanents to their owners' hands.","flavor":"The calm comes after the storm.","number":"13","imageName":"upheaval","foreignNames":[{"language":"French","name":"Bouleversement"},{"language":"German","name":"Umwälzung"},{"language":"Italian","name":"Sconvolgimento"},{"language":"Portuguese (Brazil)","name":"Sublevação"},{"language":"Spanish","name":"Alzamiento"}],"legalities":{"Odyssey Block":"Legal","Legacy":"Legal","Vintage":"Legal","Freeform":"Legal","Prismatic":"Legal","Tribal Wars Legacy":"Legal","Singleton 100":"Legal","Commander":"Banned"},"printings":["Odyssey","Vintage Masters","From the Vault: Annihilation (2014)"]},{"layout":"normal","type":"Sorcery","types":["Sorcery"],"colors":["Black"],"multiverseid":386297,"name":"Virtue's Ruin","originalType":"Sorcery","cmc":3,"rarity":"Mythic Rare","artist":"Mike Dringenberg","manaCost":"{2}{B}","text":"Destroy all white creatures.","originalText":"Destroy all white creatures.","flavor":"All must fall, and those who stand highest fall hardest.","number":"14","imageName":"virtue's ruin","legalities":{"Legacy":"Legal","Vintage":"Legal","Commander":"Legal"},"printings":["Portal","From the Vault: Annihilation (2014)"]},{"layout":"normal","type":"Sorcery","types":["Sorcery"],"colors":["White"],"multiverseid":386298,"name":"Wrath of God","originalType":"Sorcery","cmc":4,"rarity":"Mythic Rare","artist":"Willian Murai","manaCost":"{2}{W}{W}","text":"Destroy all creatures. They can't be regenerated.","originalText":"Destroy all creatures. They can't be regenerated.","flavor":"Legend speaks of the lost coastal polis of Olantin, whose inhabitants' hubris enraged the sun god Heliod.","number":"15","imageName":"wrath of god","foreignNames":[{"language":"Chinese Simplified","name":"神之愤怒"},{"language":"Chinese Traditional","name":"神之憤怒"},{"language":"French","name":"Colère de Dieu"},{"language":"German","name":"Zorn Gottes"},{"language":"Italian","name":"Ira di Dio"},{"language":"Japanese","name":"神の怒り"},{"language":"Portuguese (Brazil)","name":"Cólera de Deus"},{"language":"Russian","name":"Гнев божий"},{"language":"Spanish","name":"Ira de Dios"}],"legalities":{"Modern":"Legal","Legacy":"Legal","Vintage":"Legal","Freeform":"Legal","Prismatic":"Legal","Tribal Wars Legacy":"Legal","Singleton 100":"Legal","Commander":"Legal"},"printings":["Limited Edition Alpha","Limited Edition Beta","Unlimited Edition","Revised Edition","Fourth Edition","Fifth Edition","Portal","Classic Sixth Edition","Battle Royale Box Set","Seventh Edition","Magic Player Rewards","Eighth Edition","Ninth Edition","Tenth Edition","Commander 2013 Edition","From the Vault: Annihilation (2014)"]}]}