{"name":"Vanguard","code":"VAN","releaseDate":"1997-05-01","border":"black","type":"vanguard","cards":[{"layout":"vanguard","type":"Vanguard","types":["Vanguard"],"multiverseid":182290,"name":"Akroma, Angel of Wrath Avatar","originalType":"Vanguard","rarity":"Special","artist":"UDON","hand":1,"life":7,"text":"Whenever a creature enters the battlefield under your control, it gains two abilities chosen at random from flying, first strike, trample, haste, protection from black, protection from red, and vigilance.","originalText":"Whenever a creature enters the battlefield under your control, it gains two of the following abilities chosen at random: flying, first strike, trample, haste, protection from black, protection from red, and vigilance.","flavor":"\"Chuck's Virtual Party\" avatar (2003)","number":"33","imageName":"akroma, angel of wrath avatar","printings":["Vanguard"],"legalities":{"Vintage":"Legal"}},{"layout":"vanguard","type":"Vanguard","types":["Vanguard"],"multiverseid":182263,"name":"Arcanis, the Omnipotent Avatar","originalType":"Vanguard","rarity":"Special","artist":"UDON","hand":1,"life":-3,"text":"{X}, Return a creature you control with converted mana cost X to its owner's hand: Draw a number of cards chosen at random between 0 and X. X can't be 0.","originalText":"{X}, Return a creature you control with converted mana cost X to its owner's hand: Draw a number of cards chosen at random between 0 and X. X can't be 0.","flavor":"10E Participation Avatar","number":"70","imageName":"arcanis, the omnipotent avatar","printings":["Vanguard"],"legalities":{"Vintage":"Legal"}},{"layout":"vanguard","type":"Vanguard","types":["Vanguard"],"multiverseid":182296,"name":"Arcbound Overseer Avatar","originalType":"Vanguard","rarity":"Special","artist":"UDON","hand":0,"life":3,"text":"At the beginning of your upkeep, you may put a +1/+1 counter on target creature you control.\nAt the beginning of your upkeep, you may put a charge counter on target permanent you control.","originalText":"At the beginning of your upkeep, you may put a +1/+1 counter on target creature you control.\nAt the beginning of your upkeep, you may put a charge counter on target permanent you control.","flavor":"DST Prize Avatar","number":"42","imageName":"arcbound overseer avatar","printings":["Vanguard"],"legalities":{"Vintage":"Legal"}},{"layout":"vanguard","type":"Vanguard","types":["Vanguard"],"multiverseid":182283,"name":"Ashling the Pilgrim Avatar","originalType":"Vanguard","rarity":"Special","artist":"UDON","hand":-1,"life":6,"text":"{2}: Ashling the Pilgrim Avatar deals 1 damage to each creature and each player.","originalText":"{2}: Ashling the Pilgrim deals 1 damage to each creature and each player.","flavor":"LRW Participation Avatar","number":"73","imageName":"ashling the pilgrim avatar","printings":["Vanguard"],"legalities":{"Vintage":"Legal"}},{"layout":"vanguard","type":"Vanguard","types":["Vanguard"],"multiverseid":191134,"name":"Ashling, the Extinguisher Avatar","originalType":"Vanguard","rarity":"Special","artist":"UDON","hand":1,"life":-3,"text":"{5}: Destroy all nonland permanents. Activate this ability only once and only during your turn.","originalText":"{5}: Destroy all nonland permanents. Activate this ability only once and only during your turn.","flavor":"EVE Prize Avatar","number":"81","imageName":"ashling, the extinguisher avatar","printings":["Vanguard"],"legalities":{"Vintage":"Legal"}},{"layout":"vanguard","type":"Vanguard","types":["Vanguard"],"multiverseid":12329,"name":"Ashnod","originalType":"Vanguard — Character","rarity":"Special","artist":"Ron Spencer","hand":1,"life":-8,"text":"Whenever a creature deals damage to you, destroy it.","originalText":"Whenever a creature successfully damages you, destroy it.","flavor":"Ashnod served as Mishra's confidante while he led Fallaji weapons development before the Brothers' War. Whereas Mishra works in metals and stone, however, Ashnod works in living flesh. She sees all living things as prototype machines; her \"improvements\" to them make her as feared by allies as by enemies.","imageName":"ashnod","printings":["Vanguard"],"legalities":{"Vintage":"Legal"}},{"layout":"vanguard","type":"Vanguard","types":["Vanguard"],"multiverseid":4957,"name":"Barrin","originalType":"Vanguard — Character","rarity":"Special","artist":"Christopher Rush","hand":0,"life":6,"text":"Sacrifice a permanent: Return target creature to its owner's hand.","originalText":"You may sacrifice a permanent to return any creature to its owner's hand. Play this ability as an instant.","flavor":"An old and powerful wizard living on the mysterious isle of Tolaria, Barrin is the teacher who trained the young Ertai. He is also Hanna's father, but for reasons known only to the two of them neither acknowledges the other—or their strained relationship.","imageName":"barrin","printings":["Vanguard"],"legalities":{"Vintage":"Legal"}},{"layout":"vanguard","type":"Vanguard","types":["Vanguard"],"multiverseid":214824,"name":"Birds of Paradise Avatar","originalType":"Vanguard","rarity":"Special","artist":"Marcelo Vignali","hand":0,"life":-3,"text":"Lands you control have \"{T}: Add one mana of any color to your mana pool.\"","originalText":"Lands you control have \"{T}: Add one mana of any color to your mana pool.\"","flavor":"Long ago, birds of paradise littered the skies. Thanks to the city's sprawl, most now exist as pets of society's elite.","number":"107","variations":[182291],"imageName":"birds of paradise avatar1","printings":["Vanguard"],"legalities":{"Vintage":"Legal"}},{"layout":"vanguard","type":"Vanguard","types":["Vanguard"],"multiverseid":182291,"name":"Birds of Paradise Avatar","originalType":"Vanguard","rarity":"Special","artist":"UDON","hand":0,"life":-3,"text":"Lands you control have \"{T}: Add one mana of any color to your mana pool.\"","originalText":"Lands you control have \"{T}: Add one mana of any color to your mana pool.\"","flavor":"Long ago, birds of paradise littered the skies. Thanks to the city's sprawl, most now exist as pets of society's elite.","number":"8","variations":[214824],"imageName":"birds of paradise avatar2","printings":["Vanguard"],"legalities":{"Vintage":"Legal"}},{"layout":"vanguard","type":"Vanguard","types":["Vanguard"],"multiverseid":182269,"name":"Bosh, Iron Golem Avatar","originalType":"Vanguard","rarity":"Special","artist":"UDON","hand":0,"life":-2,"text":"{X}, Sacrifice an artifact with converted mana cost X: Bosh, Iron Golem Avatar deals X damage to target creature or player.","originalText":"{X}, Sacrifice an artifact with converted mana cost X: Bosh, Iron Golem deals X damage to target creature or player.","flavor":"MRD Participation Avatar","number":"39","imageName":"bosh, iron golem avatar","printings":["Vanguard"],"legalities":{"Vintage":"Legal"}},{"layout":"vanguard","type":"Vanguard","types":["Vanguard"],"multiverseid":182272,"name":"Braids, Conjurer Adept Avatar","originalType":"Vanguard","rarity":"Special","artist":"UDON","hand":0,"life":3,"text":"{2}: Each player may put a land card from his or her hand onto the battlefield tapped.\n{3}: Each player may put a noncreature artifact card from his or her hand onto the battlefield.\n{4}: Each player may put a creature card from his or her hand onto the battlefield. Activate this ability only any time you could cast a sorcery.","originalText":"{2}: Each player may put a land card from his or her hand onto the battlefield tapped.\n{3}: Each player may put a noncreature artifact card from his or her hand onto the battlefield.\n{4}: Each player may put a creature card from his or her hand onto the battlefield. Activate this ability only any time you could cast a sorcery.","flavor":"PLC Participation Avatar","number":"66","imageName":"braids, conjurer adept avatar","printings":["Vanguard"],"legalities":{"Vintage":"Legal"}},{"layout":"vanguard","type":"Vanguard","types":["Vanguard"],"multiverseid":182286,"name":"Chronatog Avatar","originalType":"Vanguard","rarity":"Special","artist":"UDON","hand":-1,"life":1,"text":"You have no maximum hand size.\n{0}: Draw three cards. You skip your next turn. Activate this ability only once each turn.","originalText":"You have no maximum hand size.\n{0}: Draw three cards. You skip your next turn. Activate this ability only once each turn.","flavor":"VI Prize Avatar","number":"59","imageName":"chronatog avatar","printings":["Vanguard"],"legalities":{"Vintage":"Legal"}},{"layout":"vanguard","type":"Vanguard","types":["Vanguard"],"multiverseid":4958,"name":"Crovax","originalType":"Vanguard — Character","rarity":"Special","artist":"Ron Spencer","hand":2,"life":0,"text":"Whenever a creature you control deals damage to a creature or player, you gain 1 life.","originalText":"Whenever any of your creatures damages any creature or player, gain 1 life.","flavor":"How does one escape a curse? For Crovax, a wealthy noble, the answer may lie in joining the crew of the Weatherlight as they seek to rescue their abducted captain Sisay.  Secretly, he hopes in his journeys to find Selenia, the angelic being who abandoned him and his family years ago.","imageName":"crovax","printings":["Vanguard"],"legalities":{"Vintage":"Legal"}},{"layout":"vanguard","type":"Vanguard","types":["Vanguard"],"multiverseid":182273,"name":"Dakkon Blackblade Avatar","originalType":"Vanguard","rarity":"Special","artist":"UDON","hand":1,"life":0,"text":"You may play any colored card from your hand as a copy of a basic land card chosen at random that can produce mana of one of the card's colors.","originalText":"You may play any colored card from your hand as a copy of a basic land card chosen at random that can produce mana of one of the card's colors.","flavor":"MED Participation Avatar","number":"72","imageName":"dakkon blackblade avatar","printings":["Vanguard"],"legalities":{"Vintage":"Legal"}},{"layout":"vanguard","type":"Vanguard","types":["Vanguard"],"multiverseid":201898,"name":"Dauntless Escort Avatar","originalType":"Vanguard","rarity":"Special","artist":"UDON","hand":1,"life":1,"text":"Creatures you control have exalted. (Whenever a creature you control attacks alone, it gets +1/+1 until end of turn for each instance of exalted among permanents you control.)","originalText":"Creatures you control have exalted.","flavor":"ARB Participation Avatar","number":"94","imageName":"dauntless escort avatar","printings":["Vanguard"],"legalities":{"Vintage":"Legal"}},{"layout":"vanguard","type":"Vanguard","types":["Vanguard"],"multiverseid":182274,"name":"Diamond Faerie Avatar","originalType":"Vanguard","rarity":"Special","artist":"UDON","hand":0,"life":5,"text":"{S}: Target creature you control gets +1/+1 until end of turn.","originalText":": Target creature you control gets +1/+1 until end of turn.","flavor":"CSP Participation Avatar","number":"63","imageName":"diamond faerie avatar","printings":["Vanguard"],"legalities":{"Vintage":"Legal"}},{"layout":"vanguard","type":"Vanguard","types":["Vanguard"],"multiverseid":182294,"name":"Eight-and-a-Half-Tails Avatar","originalType":"Vanguard","rarity":"Special","artist":"UDON","hand":2,"life":-3,"text":"{1}: Until end of turn, target permanent you control gains protection from a color chosen at random from colors it doesn't have protection from.","originalText":"{1}: Until end of turn, target permanent you control gains protection from a color chosen at random from colors it doesn't have protection from.","flavor":"CHK Prize Avatar","number":"45","imageName":"eight-and-a-half-tails avatar","printings":["Vanguard"],"legalities":{"Vintage":"Legal"}},{"layout":"vanguard","type":"Vanguard","types":["Vanguard"],"multiverseid":12140,"name":"Eladamri","originalType":"Vanguard — Character","rarity":"Special","artist":"Mark Zug","hand":-1,"life":15,"text":"{0}: The next 1 damage that would be dealt to target creature you control is dealt to you instead.","originalText":"You may redirect to yourself any amount of damage dealt to creatures you control.","flavor":"Proud, shrewd, and charismatic, Eladamri has a commitment to his people that is absolute. The guerilla war he wages against Volrath has convinced him that the only way to liberate the Skyshroud elves is to lead all Rath's refugees to freedom. So be it.","imageName":"eladamri","printings":["Vanguard"],"legalities":{"Vintage":"Legal"}},{"layout":"vanguard","type":"Vanguard","types":["Vanguard"],"multiverseid":195137,"name":"Eladamri, Lord of Leaves Avatar","originalType":"Vanguard","rarity":"Special","artist":"UDON","hand":-1,"life":2,"text":"At the beginning of each player's precombat main phase, that player adds {G}{G} to his or her mana pool.","originalText":"At the beginning of each player's precombat main phase, that player adds {G}{G} to his or her mana pool.","flavor":"TE Participation Avatar","number":"88","imageName":"eladamri, lord of leaves avatar","printings":["Vanguard"],"legalities":{"Vintage":"Legal"}},{"layout":"vanguard","type":"Vanguard","types":["Vanguard"],"multiverseid":182299,"name":"Elvish Champion Avatar","originalType":"Vanguard","rarity":"Special","artist":"UDON","hand":0,"life":-5,"text":"You begin the game with a 1/1 green Elf creature token on the battlefield. It has \"{T}: Add {G} to your mana pool.\"","originalText":"You begin the game with a 1/1 green Elf creature token on the battlefield that has \"{T}: Add {G} to your mana pool.\"","flavor":"8ED Participation Avatar","number":"37","imageName":"elvish champion avatar","printings":["Vanguard"],"legalities":{"Vintage":"Legal"}},{"layout":"vanguard","type":"Vanguard","types":["Vanguard"],"multiverseid":201901,"name":"Enigma Sphinx Avatar","originalType":"Vanguard","rarity":"Special","artist":"UDON","hand":0,"life":5,"text":"Whenever you cast a colored artifact spell for the first time in a turn, search your library for a colored artifact card chosen at random whose converted mana cost is less than that spell's converted mana cost. You may play that card without paying its mana cost. If you don't, put that card on the bottom of your library.","originalText":"Whenever you cast a colored artifact spell for the first time in a turn, search your library for a colored artifact card chosen at random whose converted mana cost is less than that spell's converted mana cost. You may cast that card without paying its mana cost. If you don't, put that card on the bottom of your library.","flavor":"ARB Prize Avatar","number":"95","imageName":"enigma sphinx avatar","printings":["Vanguard"],"legalities":{"Vintage":"Legal"}},{"layout":"vanguard","type":"Vanguard","types":["Vanguard"],"multiverseid":182259,"name":"Erhnam Djinn Avatar","originalType":"Vanguard","rarity":"Special","artist":"Greg Staples","hand":0,"life":3,"text":"Whenever you cast a creature spell, put a 1/1 green Saproling creature token onto the battlefield.","originalText":"Whenever you cast a creature spell, put a 1/1 green Saproling creature token onto the battlefield.","flavor":"He provides a safe path to nowhere.","number":"27","variations":[210148],"imageName":"erhnam djinn avatar1","printings":["Vanguard"],"legalities":{"Vintage":"Legal"}},{"layout":"vanguard","type":"Vanguard","types":["Vanguard"],"multiverseid":210148,"name":"Erhnam Djinn Avatar","originalType":"Vanguard","rarity":"Special","artist":"UDON","hand":0,"life":3,"text":"Whenever you cast a creature spell, put a 1/1 green Saproling creature token onto the battlefield.","originalText":"Whenever you cast a creature spell, put a 1/1 green Saproling creature token onto the battlefield.","flavor":"He provides a safe path to nowhere.","number":"28","variations":[182259],"imageName":"erhnam djinn avatar2","printings":["Vanguard"],"legalities":{"Vintage":"Legal"}},{"layout":"vanguard","type":"Vanguard","types":["Vanguard"],"multiverseid":4959,"name":"Ertai","originalType":"Vanguard — Character","rarity":"Special","artist":"Randy Gallegos","hand":-1,"life":4,"text":"Creatures you control have hexproof. (They can't be the targets of spells or abilities your opponents control.)","originalText":"Your creatures can't be the target of your opponents' spells or abilities.","flavor":"After serving his apprenticeship under Barrin of Tolaria, Ertai graced the Weatherlight crew with his presence as the ship's \"resident\" wizard. He realizes that few recognize his greatness—but then how could they, when they lack his insight and wisdom?","imageName":"ertai","printings":["Vanguard"],"legalities":{"Vintage":"Legal"}},{"layout":"vanguard","type":"Vanguard","types":["Vanguard"],"multiverseid":182298,"name":"Etched Oracle Avatar","originalType":"Vanguard","rarity":"Special","artist":"UDON","hand":1,"life":-4,"text":"You may pay {W}{U}{B}{R}{G} rather than pay the mana cost for spells that you cast.","originalText":"You may pay {W}{U}{B}{R}{G} rather than pay the mana cost for spells that you cast.","flavor":"5DN Participation Avatar","number":"44","imageName":"etched oracle avatar","printings":["Vanguard"],"legalities":{"Vintage":"Legal"}},{"layout":"vanguard","type":"Vanguard","types":["Vanguard"],"multiverseid":182303,"name":"Fallen Angel Avatar","originalType":"Vanguard","rarity":"Special","artist":"UDON","hand":0,"life":-5,"text":"Whenever a creature you control dies, target opponent loses 1 life and you gain 1 life.","originalText":"Whenever a creature you control is put into a graveyard from the battlefield, target opponent loses 1 life and you gain 1 life.","flavor":"2004 Holiday Event Participation Avatar","number":"9","imageName":"fallen angel avatar","printings":["Vanguard"],"legalities":{"Vintage":"Legal"}},{"layout":"vanguard","type":"Vanguard","types":["Vanguard"],"multiverseid":191136,"name":"Figure of Destiny Avatar","originalType":"Vanguard","rarity":"Special","artist":"UDON","hand":0,"life":3,"text":"{X}: Put a +1/+1 counter on target creature with fewer than X +1/+1 counters on it.","originalText":"{X}: Put a +1/+1 counter on target creature with fewer than X +1/+1 counters on it.","flavor":"EVE Participation Avatar","number":"82","imageName":"figure of destiny avatar","printings":["Vanguard"],"legalities":{"Vintage":"Legal"}},{"layout":"vanguard","type":"Vanguard","types":["Vanguard"],"multiverseid":182280,"name":"Flametongue Kavu Avatar","originalType":"Vanguard","rarity":"Special","artist":"UDON","hand":0,"life":-6,"text":"Whenever a nontoken creature enters the battlefield under your control, that creature deals X damage to target creature, where X is a number chosen at random from 0 to 4.","originalText":"Whenever a nontoken creature enters the battlefield under your control, that creature deals X damage to target creature, where X is a number chosen at random from 0 to 4.","flavor":"Awarded in celebration of the second birthday of Magic Online","number":"14","imageName":"flametongue kavu avatar","printings":["Vanguard"],"legalities":{"Vintage":"Legal"}},{"layout":"vanguard","type":"Vanguard","types":["Vanguard"],"multiverseid":182275,"name":"Frenetic Efreet Avatar","originalType":"Vanguard","rarity":"Special","artist":"UDON","hand":-1,"life":-3,"text":"Each permanent you control has phasing. (It phases in or out before you untap during each of your untap steps. While it's phased out, it's treated as though it doesn't exist.)\nAt the beginning of your end step, flip a coin. If you win the flip, take an extra turn after this one.","originalText":"Permanents you control have phasing.\nAt the beginning of your end step, flip a coin. If you win the flip, take an extra turn after this one.","flavor":"MI Prize Avatar","number":"53","imageName":"frenetic efreet avatar","printings":["Vanguard"],"legalities":{"Vintage":"Legal"}},{"layout":"vanguard","type":"Vanguard","types":["Vanguard"],"multiverseid":4960,"name":"Gerrard","originalType":"Vanguard — Character","rarity":"Special","artist":"Douglas Shuler","hand":-4,"life":0,"text":"At the beginning of your draw step, draw an additional card.","originalText":"During your draw phase, draw an additional card.","flavor":"Soldier. Adventurer. Heir to the Legacy. Gerrard has, over the years, traveled much of Dominaria in search of fortune and glory. Now, after serving nobly in the Benalish army, he has returned to the Weatherlight to serve as captain in Sisay's absence and to take up the battle against the Lord of the Wastes.","imageName":"gerrard","printings":["Vanguard"],"legalities":{"Vintage":"Legal"}},{"layout":"vanguard","type":"Vanguard","types":["Vanguard"],"multiverseid":12330,"name":"Gix","originalType":"Vanguard — Character","rarity":"Special","artist":"Pete Venters","hand":-2,"life":18,"text":"{3}: Return target creature card from your graveyard to your hand.","originalText":"{3}: Return target creature card from your graveyard to your hand.","flavor":"Through ruthlessness and raw ambition, Gix rose through the Phyrexian regime to the exalted rank of praetor. Even while overseeing many of Phyrexia's most important undertakings, Gix continues his own quest for supremacy . . . for in Phyrexia, the weak become fodder for the strong.","imageName":"gix","printings":["Vanguard"],"legalities":{"Vintage":"Legal"}},{"layout":"vanguard","type":"Vanguard","types":["Vanguard"],"multiverseid":182251,"name":"Goblin Warchief Avatar","originalType":"Vanguard","rarity":"Special","artist":"Tim Hildebrandt","hand":1,"life":2,"text":"Attacking creatures you control get +1/+0.","originalText":"Attacking creatures you control get +1/+0.","flavor":"They poured from the Skirk Ridge like lava, burning and devouring everything in their path.","number":"5","variations":[210149],"imageName":"goblin warchief avatar1","printings":["Vanguard"],"legalities":{"Vintage":"Legal"}},{"layout":"vanguard","type":"Vanguard","types":["Vanguard"],"multiverseid":210149,"name":"Goblin Warchief Avatar","originalType":"Vanguard","rarity":"Special","artist":"UDON","hand":1,"life":2,"text":"Attacking creatures you control get +1/+0.","originalText":"Attacking creatures you control get +1/+0.","flavor":"They poured from the Skirk Ridge like lava, burning and devouring everything in their path.","number":"6","variations":[182251],"imageName":"goblin warchief avatar2","printings":["Vanguard"],"legalities":{"Vintage":"Legal"}},{"layout":"vanguard","type":"Vanguard","types":["Vanguard"],"multiverseid":4961,"name":"Greven il-Vec","originalType":"Vanguard — Character","rarity":"Special","artist":"Mark Tedin","hand":-1,"life":2,"text":"Whenever a creature you control deals damage to a creature, destroy the other creature. It can't be regenerated.","originalText":"Whenever any of your creatures damages any creature, bury the damaged creature.","flavor":"As a ruthless leader for Volrath, Greven il-Vec serves his lord by commanding the flying ship Predator. Greven has attained his powerful rank through a series of underhanded schemes and assassinations, the majority of which were blessed by Volrath himself.","imageName":"greven il-vec","printings":["Vanguard"],"legalities":{"Vintage":"Legal"}},{"layout":"vanguard","type":"Vanguard","types":["Vanguard"],"multiverseid":182304,"name":"Grinning Demon Avatar","originalType":"Vanguard","rarity":"Special","artist":"Mark Zug","hand":-1,"life":-2,"text":"Whenever a nontoken creature you control dies, target opponent discards a card.","originalText":"Whenever a nontoken creature you control is put into a graveyard from the battlefield, target opponent discards a card.","flavor":"It's drawn to the scent of screaming.","number":"29","variations":[210150],"imageName":"grinning demon avatar1","printings":["Vanguard"],"legalities":{"Vintage":"Legal"}},{"layout":"vanguard","type":"Vanguard","types":["Vanguard"],"multiverseid":210150,"name":"Grinning Demon Avatar","originalType":"Vanguard","rarity":"Special","artist":"UDON","hand":-1,"life":-2,"text":"Whenever a nontoken creature you control dies, target opponent discards a card.","originalText":"Whenever a nontoken creature you control is put into a graveyard from the battlefield, target opponent discards a card.","flavor":"It's drawn to the scent of screaming.","number":"30","variations":[182304],"imageName":"grinning demon avatar2","printings":["Vanguard"],"legalities":{"Vintage":"Legal"}},{"layout":"vanguard","type":"Vanguard","types":["Vanguard"],"multiverseid":182287,"name":"Haakon, Stromgald Scourge Avatar","originalType":"Vanguard","rarity":"Special","artist":"UDON","hand":0,"life":-3,"text":"Pay 1 life: You may play target creature card in your graveyard this turn.\nWhenever you play a creature card from your graveyard, it becomes a black Zombie Knight.\nIf a Zombie Knight would be put into your graveyard from the battlefield, exile it instead.","originalText":"Pay 1 life: You may play target creature card in your graveyard this turn.\nWhenever you play a creature card from your graveyard, it becomes a black Zombie Knight.\nIf a Zombie Knight would be put into your graveyard from the battlefield, exile it instead.","flavor":"CSP Prize Avatar","number":"62","imageName":"haakon, stromgald scourge avatar","printings":["Vanguard"],"legalities":{"Vintage":"Legal"}},{"layout":"vanguard","type":"Vanguard","types":["Vanguard"],"multiverseid":4962,"name":"Hanna","originalType":"Vanguard — Character","rarity":"Special","artist":"Liz Danforth","hand":1,"life":-5,"text":"Spells you cast cost {1} less to cast.","originalText":"Your spells cost {1} less to play.","flavor":"Educated in Argive and highly knowledgeable in the field of artifacts, this expert navigator of the Weatherlight believes that scholarship does not necessarily lead to understanding. Her diligence in pursuing both is her greatest asset.","imageName":"hanna","printings":["Vanguard"],"legalities":{"Vintage":"Legal"}},{"layout":"vanguard","type":"Vanguard","types":["Vanguard"],"multiverseid":182257,"name":"Heartwood Storyteller Avatar","originalType":"Vanguard","rarity":"Special","artist":"UDON","hand":-1,"life":4,"text":"The first creature spell you cast each turn costs {1} less to cast.\nThe first noncreature spell each opponent casts each turn costs {1} more to cast.","originalText":"The first creature spell you cast each turn costs {1} less to cast.\nThe first noncreature spell each opponent casts each turn costs {1} more to cast.","flavor":"FUT Prize Avatar","number":"68","imageName":"heartwood storyteller avatar","printings":["Vanguard"],"legalities":{"Vintage":"Legal"}},{"layout":"vanguard","type":"Vanguard","types":["Vanguard"],"multiverseid":182264,"name":"Hell's Caretaker Avatar","originalType":"Vanguard","rarity":"Special","artist":"UDON","hand":-1,"life":-4,"text":"{3}, Sacrifice a creature: Return target creature card from your graveyard to the battlefield.","originalText":"{3}, Sacrifice a creature: Return target creature card from your graveyard to the battlefield.","flavor":"9ED Participation Avatar","number":"51","imageName":"hell's caretaker avatar","printings":["Vanguard"],"legalities":{"Vintage":"Legal"}},{"layout":"vanguard","type":"Vanguard","types":["Vanguard"],"multiverseid":201076,"name":"Hermit Druid Avatar","originalType":"Vanguard","rarity":"Special","artist":"UDON","hand":-2,"life":-2,"text":"At the beginning of your upkeep, put a land card from your library chosen at random onto the battlefield.","originalText":"At the beginning of your upkeep, put a land card from your library chosen at random onto the battlefield.","flavor":"ST Prize Avatar","number":"93","imageName":"hermit druid avatar","printings":["Vanguard"],"legalities":{"Vintage":"Legal"}},{"layout":"vanguard","type":"Vanguard","types":["Vanguard"],"multiverseid":182270,"name":"Higure, the Still Wind Avatar","originalType":"Vanguard","rarity":"Special","artist":"UDON","hand":-1,"life":3,"text":"Whenever a nontoken creature you control deals combat damage to an opponent, choose a creature card at random from your library, reveal that card, and put it into your hand. Then shuffle your library.","originalText":"Whenever a nontoken creature you control deals combat damage to an opponent, choose a creature card at random from your library, reveal that card, and put it into your hand. Then shuffle your library.","flavor":"BOK Participation Avatar","number":"47","imageName":"higure, the still wind avatar","printings":["Vanguard"],"legalities":{"Vintage":"Legal"}},{"layout":"vanguard","type":"Vanguard","types":["Vanguard"],"multiverseid":182268,"name":"Ink-Eyes, Servant of Oni Avatar","originalType":"Vanguard","rarity":"Special","artist":"UDON","hand":0,"life":-3,"text":"At the beginning of the game, look at target opponent's hand and choose a nonland card from it. That player discards that card.\n{X}, Pay X life: Put target creature card with converted mana cost X from an opponent's graveyard onto the battlefield under your control.","originalText":"At the beginning of the game, look at target opponent's hand and choose a nonland card from it. That player discards that card.\n{X}, Pay X life: Put target creature card with converted mana cost X in an opponent's graveyard onto the battlefield under your control.","flavor":"BOK Prize Avatar","number":"48","imageName":"ink-eyes, servant of oni avatar","printings":["Vanguard"],"legalities":{"Vintage":"Legal"}},{"layout":"vanguard","type":"Vanguard","types":["Vanguard"],"multiverseid":182255,"name":"Jaya Ballard Avatar","originalType":"Vanguard","rarity":"Special","artist":"UDON","hand":0,"life":1,"text":"{X}: Jaya Ballard Avatar deals an amount of damage chosen at random from 0 to X to target creature or player. Activate this ability only once each turn.","originalText":"{X}: Jaya Ballard deals an amount of damage chosen at random from 0 to X to target creature or player. Activate this ability only once each turn.","flavor":"TSP Prize Avatar","number":"64","imageName":"jaya ballard avatar","printings":["Vanguard"],"legalities":{"Vintage":"Legal"}},{"layout":"vanguard","type":"Vanguard","types":["Vanguard"],"multiverseid":182252,"name":"Jhoira of the Ghitu Avatar","originalType":"Vanguard","rarity":"Special","artist":"UDON","hand":1,"life":0,"text":"{3}, Discard a card: Copy three instant cards chosen at random. You may cast one of the copies without paying its mana cost.\n{3}, Discard a card: Copy three sorcery cards chosen at random. You may cast one of the copies without paying its mana cost. Activate this ability only any time you could cast a sorcery.","originalText":"{3}, Discard a card: Copy three instant cards chosen at random. You may cast one of the copies without paying its mana cost.\n{3}, Discard a card: Copy three sorcery cards chosen at random. You may cast one of the copies without paying its mana cost. Activate this ability only any time you could cast a sorcery.","flavor":"FUT Particiption Avatar","number":"69","imageName":"jhoira of the ghitu avatar","printings":["Vanguard"],"legalities":{"Vintage":"Legal"}},{"layout":"vanguard","type":"Vanguard","types":["Vanguard"],"multiverseid":4963,"name":"Karn","originalType":"Vanguard — Character","rarity":"Special","artist":"Anthony S. Waters","hand":1,"life":6,"text":"Each noncreature artifact you control is an artifact creature with power and toughness each equal to its converted mana cost.","originalText":"Each of your noncreature artifacts is also an artifact creature with power and toughness each equal to its total casting cost.","flavor":"Both part of the Legacy and an individual in his own right, the silver golem Karn is haunted by a single, terrible incident: while serving to protect the young Gerrard, Karn accidentally took the life of another. Wakened from years spent as a statue, the golem has vowed to never kill again as he rejoins Gerrard.","imageName":"karn","printings":["Vanguard"],"legalities":{"Vintage":"Legal"}},{"layout":"vanguard","type":"Vanguard","types":["Vanguard"],"multiverseid":182265,"name":"Karona, False God Avatar","originalType":"Vanguard","rarity":"Special","artist":"UDON","hand":-1,"life":8,"text":"At the beginning of your upkeep, exchange control of a permanent you control chosen at random and a permanent target opponent controls chosen at random.","originalText":"At the beginning of your upkeep, exchange control of a permanent you control chosen at random and a permanent target opponent controls chosen at random.","flavor":"SCG Participation Avatar","number":"34","imageName":"karona, false god avatar","printings":["Vanguard"],"legalities":{"Vintage":"Legal"}},{"layout":"vanguard","type":"Vanguard","types":["Vanguard"],"multiverseid":193854,"name":"Kresh the Bloodbraided Avatar","originalType":"Vanguard","rarity":"Special","artist":"UDON","hand":1,"life":-3,"text":"Whenever a creature you control is devoured, put an X/X green Ooze creature token onto the battlefield, where X is the devoured creature's power.","originalText":"Whenever a creature you control is devoured, put an X/X green Ooze creature token onto the battlefield, where X is the devoured creature's power.","flavor":"ALA Prize Avatar","number":"87","imageName":"kresh the bloodbraided avatar","printings":["Vanguard"],"legalities":{"Vintage":"Legal"}},{"layout":"vanguard","type":"Vanguard","types":["Vanguard"],"multiverseid":182266,"name":"Loxodon Hierarch Avatar","originalType":"Vanguard","rarity":"Special","artist":"UDON","hand":0,"life":12,"text":"Sacrifice a permanent: Regenerate target creature you control.","originalText":"Sacrifice a permanent: Regenerate target creature you control.","flavor":"RAV Participation Avatar","number":"54","imageName":"loxodon hierarch avatar","printings":["Vanguard"],"legalities":{"Vintage":"Legal"}},{"layout":"vanguard","type":"Vanguard","types":["Vanguard"],"multiverseid":12142,"name":"Lyna","originalType":"Vanguard — Character","rarity":"Special","artist":"Adam Rex","hand":2,"life":-4,"text":"Creatures you control have shadow. (They can block and be blocked only by creatures with shadow.)","originalText":"All creatures you control gain shadow. (Those creatures can block and be blocked only by creatures with shadow.)","flavor":"One of the few Soltari who can cross the shadow barrier, Lyna serves as an emissary to the outside world. A quick thinker and convincing speaker, she does whatever she can to lead her people out of the shadows and into substance.","imageName":"lyna","printings":["Vanguard"],"legalities":{"Vintage":"Legal"}},{"layout":"vanguard","type":"Vanguard","types":["Vanguard"],"multiverseid":182302,"name":"Lyzolda, the Blood Witch Avatar","originalType":"Vanguard","rarity":"Special","artist":"UDON","hand":-1,"life":-1,"text":"Hellbent — As long as you have no cards in hand, if a source you control would deal damage to a creature or player, it deals double that damage to that creature or player instead.\nHellbent — At the beginning of your end step, if you have no cards in hand, each of your opponents discards a card.","originalText":"Hellbent — As long as you have no cards in hand, if a source you control would deal damage to a creature or player, it deals double that damage to that creature or player instead.\nHellbent — At the beginning of your end step, if you have no cards in hand, each of your opponents discards a card.","flavor":"DIS Prize Avatar","number":"60","imageName":"lyzolda, the blood witch avatar","printings":["Vanguard"],"legalities":{"Vintage":"Legal"}},{"layout":"vanguard","type":"Vanguard","types":["Vanguard"],"multiverseid":198628,"name":"Maelstrom Archangel Avatar","originalType":"Vanguard","rarity":"Special","artist":"UDON","hand":0,"life":5,"text":"At end of combat, for each creature you controlled at the time it dealt combat damage to a player this turn, copy a random card with the same mana cost as that creature. You may pay {3}. If you do, choose one of those copies. If a copy of a permanent card is chosen, you may put a token onto the battlefield that's a copy of that card. If a copy of an instant or sorcery card is chosen, you may cast the copy without paying its mana cost.","originalText":"At end of combat, for each creature you controlled at the time it dealt combat damage to a player this turn, copy a random card with the same mana cost as that creature. You may pay {3}. If you do, choose one of those copies. If a copy of a permanent card is chosen, you may put a token onto the battlefield that's a copy of that card. If a copy of an instant or sorcery card is chosen, you may cast the copy without paying its mana cost.","flavor":"CON Prize Avatar","number":"91","imageName":"maelstrom archangel avatar","printings":["Vanguard"],"legalities":{"Vintage":"Legal"}},{"layout":"vanguard","type":"Vanguard","types":["Vanguard"],"multiverseid":198627,"name":"Malfegor Avatar","originalType":"Vanguard","rarity":"Special","artist":"UDON","hand":2,"life":-2,"text":"Whenever a creature enters the battlefield under your control, if it was unearthed, it gets +3/+0.\nWhenever a creature you control is exiled, if it was unearthed, shuffle that card into its owner's library.","originalText":"Whenever a creature enters the battlefield under your control, if it was unearthed, it gets +3/+0.\nWhenever a creature you control is exiled, if it was unearthed, shuffle that card into its owner's library.","flavor":"CON Participation Avatar","number":"90","imageName":"malfegor avatar","printings":["Vanguard"],"legalities":{"Vintage":"Legal"}},{"layout":"vanguard","type":"Vanguard","types":["Vanguard"],"multiverseid":182262,"name":"Maralen of the Mornsong Avatar","originalType":"Vanguard","rarity":"Special","artist":"UDON","hand":0,"life":-3,"text":"At the beginning of the game, you may pay any amount of life.\nYou can't draw cards.\nAt the beginning of your draw step, look at the top X cards of your library, where X is the amount of life paid with Maralen of the Mornsong Avatar. Put one of them into your hand, then shuffle your library.","originalText":"At the beginning of the game, you may pay any amount of life.\nYou can't draw cards.\nAt the beginning of your draw step, look at the top X cards of your library, where X is the amount of life paid with Maralen of the Mornsong. Put one of them into your hand, then shuffle your library.","flavor":"MOR Prize Avatar","number":"78","imageName":"maralen of the mornsong avatar","printings":["Vanguard"],"legalities":{"Vintage":"Legal"}},{"layout":"vanguard","type":"Vanguard","types":["Vanguard"],"multiverseid":4964,"name":"Maraxus","originalType":"Vanguard — Character","rarity":"Special","artist":"Matthew Wilson","hand":1,"life":2,"text":"Creatures you control get +1/+0.","originalText":"Your creatures get +1/+0.","flavor":"Too chaotic for even the other warlords of Keld, Maraxus has devoted himself to serving as a hired killer for the sinister Volrath. A man fond of his work, he's more than willing to put in those extra hours needed to perfect his craft.","imageName":"maraxus","printings":["Vanguard"],"legalities":{"Vintage":"Legal"}},{"layout":"vanguard","type":"Vanguard","types":["Vanguard"],"multiverseid":182297,"name":"Maro Avatar","originalType":"Vanguard","rarity":"Special","artist":"UDON","hand":2,"life":-7,"text":"Tap an untapped creature you control, Discard a card: Target creature you control gets +X/+X until end of turn, where X is the number of cards in your hand.","originalText":"Tap an untapped creature you control, Discard a card: Target creature you control gets +X/+X until end of turn, where X is the number of cards in your hand.","flavor":"9ED Prize Avatar","number":"52","imageName":"maro avatar","printings":["Vanguard"],"legalities":{"Vintage":"Legal"}},{"layout":"vanguard","type":"Vanguard","types":["Vanguard"],"multiverseid":205956,"name":"Master of the Wild Hunt Avatar","originalType":"Vanguard","rarity":"Special","artist":"UDON","hand":1,"life":3,"text":"{2}{G}: Put a green creature token onto the battlefield that's a 2/2 Wolf, a 2/3 Antelope with forestwalk, a 3/2 Cat with shroud, or a 4/4 green Rhino with trample, chosen at random.","originalText":"{2}{G}: Put a green creature token onto the battlefield that's a 2/2 Wolf, a 2/3 Antelope with forestwalk, a 3/2 Cat with shroud, or a 4/4 green Rhino with trample, chosen at random.","flavor":"M10 Participation Avatar","number":"96","imageName":"master of the wild hunt avatar","printings":["Vanguard"],"legalities":{"Vintage":"Legal"}},{"layout":"vanguard","type":"Vanguard","types":["Vanguard"],"multiverseid":193853,"name":"Mayael the Anima Avatar","originalType":"Vanguard","rarity":"Special","artist":"UDON","hand":1,"life":5,"text":"At the beginning of your upkeep, reveal the top card of your library. If it's a creature card with power 5 or greater, put it into your hand. Otherwise, you may put it on the bottom of your library.","originalText":"At the beginning of your upkeep, reveal the top card of your library. If it's a creature card with power 5 or greater, put it into your hand. Otherwise, you may put it on the bottom of your library.","flavor":"ALA Participation Avatar","number":"86","imageName":"mayael the anima avatar","printings":["Vanguard"],"legalities":{"Vintage":"Legal"}},{"layout":"vanguard","type":"Vanguard","types":["Vanguard"],"multiverseid":4965,"name":"Mirri","originalType":"Vanguard — Character","rarity":"Special","artist":"Richard Kane Ferguson","hand":0,"life":5,"text":"If a basic land you control is tapped for mana, it produces mana of a color of your choice instead of any other type.","originalText":"Each of your basic lands may be tapped to produce any color of mana instead of its normal type.","flavor":"Mirri and Gerrard have been the best of friends since they trained together under the maro-sorcerer Multani. A fierce and agile warrior, she rejoined Gerrard aboard the Weatherlight as his unofficial first mate shortly after he assumed command of the flying ship.","imageName":"mirri","printings":["Vanguard"],"legalities":{"Vintage":"Legal"}},{"layout":"vanguard","type":"Vanguard","types":["Vanguard"],"multiverseid":182279,"name":"Mirri the Cursed Avatar","originalType":"Vanguard","rarity":"Special","artist":"UDON","hand":-2,"life":-3,"text":"Creatures you control have \"{T}: Another target creature gets -1/-1 until end of turn. Put a +1/+1 counter on this creature.\"","originalText":"Creatures you control have \"{T}: Another target creature gets -1/-1 until end of turn. Put a +1/+1 counter on this creature.\"","flavor":"PLC Prize Avatar","number":"67","imageName":"mirri the cursed avatar","printings":["Vanguard"],"legalities":{"Vintage":"Legal"}},{"layout":"vanguard","type":"Vanguard","types":["Vanguard"],"multiverseid":182284,"name":"Mirror Entity Avatar","originalType":"Vanguard","rarity":"Special","artist":"UDON","hand":1,"life":-2,"text":"{X}: Choose a creature type. Until end of turn, creatures you control of the chosen type become X/X and gain all creature types.","originalText":"{X}: Choose a creature type. Until end of turn, creatures you control of the chosen type become X/X and gain all creature types.","flavor":"LRW Prize Avatar","number":"74","imageName":"mirror entity avatar","printings":["Vanguard"],"legalities":{"Vintage":"Legal"}},{"layout":"vanguard","type":"Vanguard","types":["Vanguard"],"multiverseid":12327,"name":"Mishra","originalType":"Vanguard — Character","rarity":"Special","artist":"Anson Maddocks","hand":0,"life":-3,"text":"If a creature you control would deal damage, it deals double that damage instead.","originalText":"Double all damage dealt by creatures you control.","flavor":"Both complement and antithesis to his older brother Urza, Mishra also mastered the intricacies of artifice. It was Mishra's strength that first gave rise to the massive Phyrexian war engines on Dominaria, and it was his weakness that pushed him, Urza, and Dominaria itself to the point of annihilation.","imageName":"mishra","printings":["Vanguard"],"legalities":{"Vintage":"Legal"}},{"layout":"vanguard","type":"Vanguard","types":["Vanguard"],"multiverseid":182271,"name":"Momir Vig, Simic Visionary Avatar","originalType":"Vanguard","rarity":"Special","artist":"UDON","hand":0,"life":4,"text":"{X}, Discard a card: Put a token onto the battlefield that's a copy of a creature card with converted mana cost X chosen at random. Activate this ability only any time you could cast a sorcery and only once each turn.","originalText":"{X}, Discard a card: Put a token onto the battlefield that's a copy of a creature card with converted mana cost X chosen at random. Activate this ability only any time you could cast a sorcery and only once each turn.","flavor":"DIS Participation Avatar","number":"61","imageName":"momir vig, simic visionary avatar","printings":["Vanguard"],"legalities":{"Vintage":"Legal"}},{"layout":"vanguard","type":"Vanguard","types":["Vanguard"],"multiverseid":182300,"name":"Morinfen Avatar","originalType":"Vanguard","rarity":"Special","artist":"UDON","hand":0,"life":30,"text":"At the beginning of your upkeep, you lose 1 life for each permanent you control.","originalText":"At the beginning of your upkeep, you lose 1 life for each permanent you control.","flavor":"WL Prize Avatar","number":"76","imageName":"morinfen avatar","printings":["Vanguard"],"legalities":{"Vintage":"Legal"}},{"layout":"vanguard","type":"Vanguard","types":["Vanguard"],"multiverseid":12146,"name":"Multani","originalType":"Vanguard — Character","rarity":"Special","artist":"Brom","hand":-3,"life":-2,"text":"Creatures you control get +X/+0, where X is the number of cards in your hand.","originalText":"All creatures you control get +X/+0, where X is the number of cards in your hand.","flavor":"In mentoring apprentice mages, the forest spirit Multani teaches each to respect nature while making use of its gifts. Multani taught Gerrard, Mirri, and Rofellos to hone their spellcasting in tandem with more physical disciplines so that both would be improved.","imageName":"multani","printings":["Vanguard"],"legalities":{"Vintage":"Legal"}},{"layout":"vanguard","type":"Vanguard","types":["Vanguard"],"multiverseid":191137,"name":"Murderous Redcap Avatar","originalType":"Vanguard","rarity":"Special","artist":"UDON","hand":0,"life":-2,"text":"Whenever a creature enters the battlefield under your control with a counter on it, you may have it deal damage equal to its power to target creature or player.","originalText":"Whenever a creature enters the battlefield under your control with a counter on it, you may have it deal damage equal to its power to target creature or player.","flavor":"SHM Participation Avatar","number":"80","imageName":"murderous redcap avatar","printings":["Vanguard"],"legalities":{"Vintage":"Legal"}},{"layout":"vanguard","type":"Vanguard","types":["Vanguard"],"multiverseid":191306,"name":"Necropotence Avatar","originalType":"Vanguard","rarity":"Special","artist":"UDON","hand":0,"life":4,"text":"Skip your draw step.\nAt the beginning of your end step, if it's not the first turn of the game, put a death counter on Necropotence Avatar. You draw X cards and you lose X life, where X is the number of death counters on Necropotence Avatar.","originalText":"Skip your draw step.\nAt the beginning of your end step, if it's not the first turn of the game, put a death counter on Necropotence. You draw X cards and you lose X life, where X is the number of death counters on Necropotence.","flavor":"ME2 Prize Avatar","number":"83","imageName":"necropotence avatar","printings":["Vanguard"],"legalities":{"Vintage":"Legal"}},{"layout":"vanguard","type":"Vanguard","types":["Vanguard"],"multiverseid":182267,"name":"Nekrataal Avatar","originalType":"Vanguard","rarity":"Special","artist":"UDON","hand":-1,"life":-4,"text":"Creature spells you cast cost {B} less to cast. This effect reduces only the amount of colored mana you pay.","originalText":"Creature spells you cast cost {B} less to cast. This effect reduces only the amount of colored mana you pay.","flavor":"VI Participation Avatar","number":"58","imageName":"nekrataal avatar","printings":["Vanguard"],"legalities":{"Vintage":"Legal"}},{"layout":"vanguard","type":"Vanguard","types":["Vanguard"],"multiverseid":182253,"name":"Oni of Wild Places Avatar","originalType":"Vanguard","rarity":"Special","artist":"UDON","hand":0,"life":-2,"text":"Creatures you control have haste.\nAt the beginning of your upkeep, return a creature you control to its owner's hand.","originalText":"Creatures you control have haste.\nAt the beginning of your upkeep, return a creature you control to its owner's hand.","flavor":"SOK Participation Avatar","number":"50","imageName":"oni of wild places avatar","printings":["Vanguard"],"legalities":{"Vintage":"Legal"}},{"layout":"vanguard","type":"Vanguard","types":["Vanguard"],"multiverseid":12141,"name":"Oracle","originalType":"Vanguard — Character","rarity":"Special","artist":"Dan Frazier","hand":1,"life":9,"text":"{0}: Untap target attacking creature you control and remove it from combat.","originalText":"You may untap any attacking creatures you control and remove them from combat.","flavor":"Known simply by her title, Oracle uses her gift of prophecy to aid her people. She believes Gerrard to be the Korvecdal, the one who will unite the people of Rath against Volrath's tyranny. Her only doubt is whether she will be strong enough to guide him to his destiny.","imageName":"oracle","printings":["Vanguard"],"legalities":{"Vintage":"Legal"}},{"layout":"vanguard","type":"Vanguard","types":["Vanguard"],"multiverseid":191307,"name":"Orcish Squatters Avatar","originalType":"Vanguard","rarity":"Special","artist":"UDON","hand":-1,"life":-1,"text":"At the beginning of your precombat main phase, add {X} to your mana pool, where X is the number of lands target opponent controls.","originalText":"At the beginning of your precombat main phase, add {X} to your mana pool, where X is the number of lands target opponent controls.","flavor":"ME2 Participation Avatar","number":"84","imageName":"orcish squatters avatar","printings":["Vanguard"],"legalities":{"Vintage":"Legal"}},{"layout":"vanguard","type":"Vanguard","types":["Vanguard"],"multiverseid":4966,"name":"Orim","originalType":"Vanguard — Character","rarity":"Special","artist":"Rebecca Guay","hand":0,"life":12,"text":"Creatures you control have reach.","originalText":"Your creatures can block as though they had flying.","flavor":"Trained in the Samite arts, Orim serves as the healer aboard the Weatherlight. She is quick with languages and was educated at the same Argivian university as Hanna. A student by nature, Orim keeps a diary of all her new discoveries—both physical and spiritual—during her travels.","imageName":"orim","printings":["Vanguard"],"legalities":{"Vintage":"Legal"}},{"layout":"vanguard","type":"Vanguard","types":["Vanguard"],"multiverseid":182281,"name":"Peacekeeper Avatar","originalType":"Vanguard","rarity":"Special","artist":"UDON","hand":0,"life":9,"text":"{3}: For each opponent who controls a creature, put a token onto the battlefield that's a copy of a card named Arrest and attach it to a creature that player controls chosen at random.","originalText":"{3}: For each opponent who controls a creature, put a token onto the battlefield that's a copy of a card named Arrest and attach it to a creature that player controls chosen at random.","flavor":"WL Participation Avatar","number":"75","imageName":"peacekeeper avatar","printings":["Vanguard"],"legalities":{"Vintage":"Legal"}},{"layout":"vanguard","type":"Vanguard","types":["Vanguard"],"multiverseid":182305,"name":"Phage the Untouchable Avatar","originalType":"Vanguard","rarity":"Special","artist":"UDON","hand":0,"life":-5,"text":"Pay 1 life: Until end of turn, whenever a creature deals combat damage to you, destroy that creature.\nPay 1 life: Until end of turn, whenever target creature you control deals combat damage to a creature, destroy the damaged creature.","originalText":"Pay 1 life: Until end of turn, whenever a creature deals combat damage to you, destroy that creature.\nPay 1 life: Until end of turn, whenever target creature you control deals combat damage to a creature, destroy the damaged creature.","flavor":"LGN Participation Avatar","number":"31","imageName":"phage the untouchable avatar","printings":["Vanguard"],"legalities":{"Vintage":"Legal"}},{"layout":"vanguard","type":"Vanguard","types":["Vanguard"],"multiverseid":214825,"name":"Platinum Angel Avatar","originalType":"Vanguard","rarity":"Special","artist":"Brom","hand":-1,"life":-2,"text":"If you control an artifact, a creature, an enchantment, and a land, you can't lose the game and your opponents can't win the game.","originalText":"If you control an artifact, a creature, an enchantment, and a land, you can't lose the game and your opponents can't win the game.","flavor":"In its heart lies the secret of immortality.","number":"108","variations":[182292],"imageName":"platinum angel avatar1","printings":["Vanguard"],"legalities":{"Vintage":"Legal"}},{"layout":"vanguard","type":"Vanguard","types":["Vanguard"],"multiverseid":182292,"name":"Platinum Angel Avatar","originalType":"Vanguard","rarity":"Special","artist":"UDON","hand":-1,"life":-2,"text":"If you control an artifact, a creature, an enchantment, and a land, you can't lose the game and your opponents can't win the game.","originalText":"If you control an artifact, a creature, an enchantment, and a land, you can't lose the game and your opponents can't win the game.","flavor":"In its heart lies the secret of immortality.","number":"40","variations":[214825],"imageName":"platinum angel avatar2","printings":["Vanguard"],"legalities":{"Vintage":"Legal"}},{"layout":"vanguard","type":"Vanguard","types":["Vanguard"],"multiverseid":182276,"name":"Prodigal Sorcerer Avatar","originalType":"Vanguard","rarity":"Special","artist":"Douglas Shuler","hand":0,"life":5,"text":"At the beginning of your upkeep, look at the top card of your library. You may put that card into your graveyard.","originalText":"At the beginning of your upkeep, look at the top card of your library. You may put that card into your graveyard.","flavor":"Ocassionally, members of the Institute of Arcane Study acquire a taste for worldy pleasures. Seldom do they have trouble finding employment.","number":"17","variations":[210151],"imageName":"prodigal sorcerer avatar1","printings":["Vanguard"],"legalities":{"Vintage":"Legal"}},{"layout":"vanguard","type":"Vanguard","types":["Vanguard"],"multiverseid":210151,"name":"Prodigal Sorcerer Avatar","originalType":"Vanguard","rarity":"Special","artist":"Tony Szczudlo","hand":0,"life":5,"text":"At the beginning of your upkeep, look at the top card of your library. You may put that card into your graveyard.","originalText":"At the beginning of your upkeep, look at the top card of your library. You may put that card into your graveyard.","flavor":"He wastes his amazing talents on proving how amazing he really is.","number":"18","variations":[182276],"imageName":"prodigal sorcerer avatar2","printings":["Vanguard"],"legalities":{"Vintage":"Legal"}},{"layout":"vanguard","type":"Vanguard","types":["Vanguard"],"multiverseid":182258,"name":"Raksha Golden Cub Avatar","originalType":"Vanguard","rarity":"Special","artist":"UDON","hand":1,"life":9,"text":"Creatures you control get +0/+1.\nEquipped creatures you control get +1/+0 and have first strike.","originalText":"Creatures you control get +0/+1.\nEquipped creatures you control get +1/+0 and have first strike.","flavor":"5DN Prize Avatar","number":"43","imageName":"raksha golden cub avatar","printings":["Vanguard"],"legalities":{"Vintage":"Legal"}},{"layout":"vanguard","type":"Vanguard","types":["Vanguard"],"multiverseid":191135,"name":"Reaper King Avatar","originalType":"Vanguard","rarity":"Special","artist":"UDON","hand":-2,"life":-5,"text":"Each creature you control gets +1/+1 for each of its colors.","originalText":"Each creature you control gets +1/+1 for each of its colors.","flavor":"SHM Prize Avatar","number":"79","imageName":"reaper king avatar","printings":["Vanguard"],"legalities":{"Vintage":"Legal"}},{"layout":"vanguard","type":"Vanguard","types":["Vanguard"],"multiverseid":214826,"name":"Rith, the Awakener Avatar","originalType":"Vanguard","rarity":"Special","artist":"UDON","hand":0,"life":6,"text":"Whenever a creature you control deals combat damage to a player, you may pay {5}. If you do, put a 5/5 red Dragon creature token with flying onto the battlefield.","originalText":"Whenever a creature you control deals combat damage to a player, you may pay {5}. If you do, put a 5/5 red Dragon creature token with flying onto the battlefield.","flavor":"Alternative-art Avatar","number":"106","variations":[192073],"imageName":"rith, the awakener avatar1","printings":["Vanguard"],"legalities":{"Vintage":"Legal"}},{"layout":"vanguard","type":"Vanguard","types":["Vanguard"],"multiverseid":192073,"name":"Rith, the Awakener Avatar","originalType":"Vanguard","rarity":"Special","artist":"UDON","hand":0,"life":6,"text":"Whenever a creature you control deals combat damage to a player, you may pay {5}. If you do, put a 5/5 red Dragon creature token with flying onto the battlefield.","originalText":"Whenever a creature you control deals combat damage to a player, you may pay {5}. If you do, put a 5/5 red Dragon creature token with flying onto the battlefield.","flavor":"DRB Avatar","number":"85","variations":[214826],"imageName":"rith, the awakener avatar2","printings":["Vanguard"],"legalities":{"Vintage":"Legal"}},{"layout":"vanguard","type":"Vanguard","types":["Vanguard"],"multiverseid":12145,"name":"Rofellos","originalType":"Vanguard — Character","rarity":"Special","artist":"Daren Bader","hand":-2,"life":4,"text":"Whenever a creature you control dies, draw a card.","originalText":"Whenever a creature you control is put into a graveyard from play, draw a card.","flavor":"Gerrard's longtime friend and fellow student under the maro-sorcerer Multani, Rofellos is an excellent warrior and excellent company. Though adept at both magic and swordplay, he's far more comfortable with a flagon in his hand and a good companion at his side.","imageName":"rofellos","printings":["Vanguard"],"legalities":{"Vintage":"Legal"}},{"layout":"vanguard","type":"Vanguard","types":["Vanguard"],"multiverseid":214827,"name":"Royal Assassin Avatar","originalType":"Vanguard","rarity":"Special","artist":"UDON","hand":-2,"life":0,"text":"At the beginning of your upkeep, you draw a card and you lose 1 life.","originalText":"At the beginning of your upkeep, you draw a card and you lose 1 life.","flavor":"Alternative-art Avatar","number":"105","variations":[182260],"imageName":"royal assassin avatar1","printings":["Vanguard"],"legalities":{"Vintage":"Legal"}},{"layout":"vanguard","type":"Vanguard","types":["Vanguard"],"multiverseid":182260,"name":"Royal Assassin Avatar","originalType":"Vanguard","rarity":"Special","artist":"UDON","hand":-2,"life":0,"text":"At the beginning of your upkeep, you draw a card and you lose 1 life.","originalText":"At the beginning of your upkeep, you draw a card and you lose 1 life.","flavor":"8ED Participation Avatar","number":"38","variations":[214827],"imageName":"royal assassin avatar2","printings":["Vanguard"],"legalities":{"Vintage":"Legal"}},{"layout":"vanguard","type":"Vanguard","types":["Vanguard"],"multiverseid":182277,"name":"Rumbling Slum Avatar","originalType":"Vanguard","rarity":"Special","artist":"UDON","hand":1,"life":1,"text":"At the beginning of your upkeep, Rumbling Slum Avatar deals 1 damage to each opponent.","originalText":"At the beginning of your upkeep, Rumbling Slum deals 1 damage to each opponent.","flavor":"GPT Prize Avatar","number":"56","imageName":"rumbling slum avatar","printings":["Vanguard"],"legalities":{"Vintage":"Legal"}},{"layout":"vanguard","type":"Vanguard","types":["Vanguard"],"multiverseid":182289,"name":"Sakashima the Impostor Avatar","originalType":"Vanguard","rarity":"Special","artist":"UDON","hand":0,"life":1,"text":"{2}: Choose a creature you control. It becomes a copy of target creature except for its name.","originalText":"{2}: Choose a creature you control. It becomes a copy of target creature except for its name.","flavor":"SOK Prize Avatar","number":"49","imageName":"sakashima the impostor avatar","printings":["Vanguard"],"legalities":{"Vintage":"Legal"}},{"layout":"vanguard","type":"Vanguard","types":["Vanguard"],"multiverseid":4967,"name":"Selenia","originalType":"Vanguard — Character","rarity":"Special","artist":"Quinton Hoover","hand":1,"life":7,"text":"Creatures you control have vigilance.","originalText":"Attacking doesn't cause your creatures to tap.","flavor":"Once a guardian of Crovax's estate, Selenia was freed from her magical bindings by the wealthy noble. Instead of remaining at his side, the angel chose to venture out into the world. For reasons unknown to Crovax, Selenia now serves the evil Volrath in his home realm of Rath.","imageName":"selenia","printings":["Vanguard"],"legalities":{"Vintage":"Legal"}},{"layout":"vanguard","type":"Vanguard","types":["Vanguard"],"multiverseid":12332,"name":"Serra","originalType":"Vanguard — Character","rarity":"Special","artist":"Matthew Wilson","hand":1,"life":1,"text":"Creatures you control get +0/+2.","originalText":"All creatures you control get +0/+2.","flavor":"Named for a benevolent goddess at birth, Serra fulfilled the prophecy of that goddess's coming. As a planeswalker, she embodies white mana and helps whole civilizations develop while both directly and indirectly inspiring countless individuals to be steadfast and strong in the service of light.","imageName":"serra","printings":["Vanguard"],"legalities":{"Vintage":"Legal"}},{"layout":"vanguard","type":"Vanguard","types":["Vanguard"],"multiverseid":182282,"name":"Serra Angel Avatar","originalType":"Vanguard","rarity":"Special","artist":"Greg Staples","hand":0,"life":-1,"text":"Whenever you cast a spell, you gain 2 life.","originalText":"Whenever you cast a spell, you gain 2 life.","flavor":"Her sword sings more beautifully than any choir.","number":"1","variations":[205492],"imageName":"serra angel avatar1","printings":["Vanguard"],"legalities":{"Vintage":"Legal"}},{"layout":"vanguard","type":"Vanguard","types":["Vanguard"],"multiverseid":205492,"name":"Serra Angel Avatar","originalType":"Vanguard","rarity":"Special","artist":"UDON","hand":0,"life":-1,"text":"Whenever you cast a spell, you gain 2 life.","originalText":"Whenever you cast a spell, you gain 2 life.","flavor":"Her sword sings more beautifully than any choir.","number":"2","variations":[182282],"imageName":"serra angel avatar2","printings":["Vanguard"],"legalities":{"Vintage":"Legal"}},{"layout":"vanguard","type":"Vanguard","types":["Vanguard"],"multiverseid":182288,"name":"Seshiro the Anointed Avatar","originalType":"Vanguard","rarity":"Special","artist":"UDON","hand":0,"life":-1,"text":"At the beginning of the game, choose a creature type. Creatures you control, creature spells you control, and creature cards you own in any zone other than  the battlefield or the stack have the chosen type in addition to their other types.","originalText":"At the beginning of the game, choose a creature type. Creatures you control, creature spells you control, and creature cards you own in any zone other than  the battlefield or the stack have the chosen type in addition to their other types.","flavor":"CHK Participation Avatar","number":"46","imageName":"seshiro the anointed avatar","printings":["Vanguard"],"legalities":{"Vintage":"Legal"}},{"layout":"vanguard","type":"Vanguard","types":["Vanguard"],"multiverseid":12147,"name":"Sidar Kondo","originalType":"Vanguard — Character","rarity":"Special","artist":"Kev Walker","hand":-1,"life":12,"text":"{3}: Target creature gets +3/+3 until end of turn.","originalText":"{3}: Target creature gets +3/+3 until end of turn.","flavor":"Kondo served as guardian to the infant Gerrard and raised him alongside his own son, Vuel. He taught both boys to be strong and to lead, but whereas Gerrard became a champion of honor, Vuel's bitterness led him to become an equally devastating force of malice.","imageName":"sidar kondo","printings":["Vanguard"],"legalities":{"Vintage":"Legal"}},{"layout":"vanguard","type":"Vanguard","types":["Vanguard"],"multiverseid":4968,"name":"Sisay","originalType":"Vanguard — Character","rarity":"Special","artist":"Kaja Foglio","hand":-2,"life":-3,"text":"Whenever you tap a land for mana, add one mana to your mana pool of any type that land produced.","originalText":"Whenever you tap a land for mana, it produces one additional mana of the same type.","flavor":"While captain of the Weatherlight, Sisay undertook a quest for the Legacy, a collection of artifacts needed to defeat the Lord of the Wastes. She continued this quest even when Gerrard, heir to the Legacy, chose to abandon it. Sisay is devoted to the cause of good at whatever price.","imageName":"sisay","printings":["Vanguard"],"legalities":{"Vintage":"Legal"}},{"layout":"vanguard","type":"Vanguard","types":["Vanguard"],"multiverseid":182261,"name":"Sisters of Stone Death Avatar","originalType":"Vanguard","rarity":"Special","artist":"UDON","hand":1,"life":-5,"text":"Each creature you control must be blocked if able.\n{4}: Exile target creature that's blocking a creature you control.","originalText":"Each creature you control must be blocked if able.\n{4}: Exile target creature that's blocking a creature you control.","flavor":"RAV Prize Avatar","number":"55","imageName":"sisters of stone death avatar","printings":["Vanguard"],"legalities":{"Vintage":"Legal"}},{"layout":"vanguard","type":"Vanguard","types":["Vanguard"],"multiverseid":201075,"name":"Sliver Queen Avatar","originalType":"Vanguard","rarity":"Special","artist":"UDON","hand":0,"life":7,"text":"Whenever you cast a non-Sliver creature spell, exile that spell. If you do, put a token onto the battlefield that's a copy of a random non-Shapeshifter Sliver creature card with the same converted mana cost as that spell.","originalText":"Whenever you cast a non-Sliver creature spell, exile that spell. If you do, put a token onto the battlefield that's a copy of a random non-Shapeshifter Sliver creature card with the same converted mana cost as that spell.","flavor":"ST Participation Avatar","number":"92","imageName":"sliver queen avatar","printings":["Vanguard"],"legalities":{"Vintage":"Legal"}},{"layout":"vanguard","type":"Vanguard","types":["Vanguard"],"multiverseid":12143,"name":"Sliver Queen, Brood Mother","originalType":"Vanguard — Character","rarity":"Special","artist":"rk post","hand":0,"life":8,"text":"{3}: Put a 1/1 colorless Sliver creature token onto the battlefield.","originalText":"{3}: Put a Sliver token into play. Treat this token as a 1/1 colorless creature.","flavor":"Though long held captive beneath Volrath's stronghold, the sliver queen is actually freer than most of Rath's denizens. Her maternal instincts always take precedence—even when they conflict with the evincar's agenda—and through her numerous litters, she ranges across all of Rath.","imageName":"sliver queen, brood mother","printings":["Vanguard"],"legalities":{"Vintage":"Legal"}},{"layout":"vanguard","type":"Vanguard","types":["Vanguard"],"multiverseid":4969,"name":"Squee","originalType":"Vanguard — Character","rarity":"Special","artist":"Daniel Gelon","hand":3,"life":-4,"text":"Your opponents play with their hands revealed.","originalText":"Your opponents play with their hands face up.","flavor":"The smartest—and only—goblin cabin boy aboard the Weatherlight, Squee has learned that intelligence and common sense are very different things. This matters little, however, since he has neither. Fortunately, he doesn't know what he's missing.","imageName":"squee","printings":["Vanguard"],"legalities":{"Vintage":"Legal"}},{"layout":"vanguard","type":"Vanguard","types":["Vanguard"],"multiverseid":182293,"name":"Squee, Goblin Nabob Avatar","originalType":"Vanguard","rarity":"Special","artist":"UDON","hand":3,"life":-4,"text":"{1}: Prevent the next 1 damage that would be dealt to target creature you control this turn.","originalText":"{1}: Prevent the next 1 damage that would be dealt to target creature you control this turn.","flavor":"10E Prize Avatar","number":"71","imageName":"squee, goblin nabob avatar","printings":["Vanguard"],"legalities":{"Vintage":"Legal"}},{"layout":"vanguard","type":"Vanguard","types":["Vanguard"],"multiverseid":182256,"name":"Stalking Tiger Avatar","originalType":"Vanguard","rarity":"Special","artist":"UDON","hand":0,"life":2,"text":"Whenever you cast a creature spell, you may pay {1}. If you do, draw a card.","originalText":"Whenever you cast a creature spell, you may pay {1}. If you do, draw a card.","flavor":"MI Participation Avatar","number":"7","imageName":"stalking tiger avatar","printings":["Vanguard"],"legalities":{"Vintage":"Legal"}},{"layout":"vanguard","type":"Vanguard","types":["Vanguard"],"multiverseid":4970,"name":"Starke","originalType":"Vanguard — Character","rarity":"Special","artist":"Donato Giancola","hand":0,"life":-2,"text":"At the beginning of your draw step, you may draw an additional card. If you do, put a card from your hand on the bottom of your library.","originalText":"During your draw phase, you may draw an additional card and then put any card in your hand on the bottom of your library.","flavor":"Starke believes in situational ethics—the situation determines the ethics. He's switched sides so often that he has become everyone's ally yet no one's friend. This former merchant of Rath accompanies the Weatherlight crew on their journey to his home world.","imageName":"starke","printings":["Vanguard"],"legalities":{"Vintage":"Legal"}},{"layout":"vanguard","type":"Vanguard","types":["Vanguard"],"multiverseid":182254,"name":"Stonehewer Giant Avatar","originalType":"Vanguard","rarity":"Special","artist":"UDON","hand":1,"life":-5,"text":"Whenever a creature enters the battlefield under your control, put a token onto the battlefield that's a copy of a random Equipment card with converted mana cost less than or equal to that creature's converted mana cost. Attach that Equipment to that creature.","originalText":"Whenever a creature enters the battlefield under your control, put a token onto the battlefield that's a copy of a random Equipment card with converted mana cost less than or equal to that creature's converted mana cost. Attach that Equipment to that creature.","flavor":"MOR Participation Avatar","number":"77","imageName":"stonehewer giant avatar","printings":["Vanguard"],"legalities":{"Vintage":"Legal"}},{"layout":"vanguard","type":"Vanguard","types":["Vanguard"],"multiverseid":182278,"name":"Stuffy Doll Avatar","originalType":"Vanguard","rarity":"Special","artist":"UDON","hand":0,"life":-6,"text":"{0}: If damage would be dealt to you this turn by a source of your choice, prevent that damage. Stuffy Doll Avatar deals damage to you and target opponent equal to half the damage prevented this way, rounded up. Activate this ability only once each turn.","originalText":"{0}: If damage would be dealt to you this turn by a source of your choice, prevent that damage. Stuffy Doll deals damage to you and target opponent equal to half the damage prevented this way, rounded up. Activate this ability only once each turn.","flavor":"TSP Participation Avatar","number":"65","imageName":"stuffy doll avatar","printings":["Vanguard"],"legalities":{"Vintage":"Legal"}},{"layout":"vanguard","type":"Vanguard","types":["Vanguard"],"multiverseid":4971,"name":"Tahngarth","originalType":"Vanguard — Character","rarity":"Special","artist":"Pete Venters","hand":-1,"life":7,"text":"Creatures you control have haste.","originalText":"Your creatures are unaffected by summoning sickness.","flavor":"Tahngarth, first mate of the Weatherlight under Sisay, knows that there are really only two forms of life: the ugly ones and the minotaurs. A narcissist, he considers the condition of his hide as important as the accuracy of his blade.","imageName":"tahngarth","printings":["Vanguard"],"legalities":{"Vintage":"Legal"}},{"layout":"vanguard","type":"Vanguard","types":["Vanguard"],"multiverseid":12144,"name":"Takara","originalType":"Vanguard — Character","rarity":"Special","artist":"DiTerlizzi","hand":3,"life":-8,"text":"Sacrifice a creature: Takara deals 1 damage to target creature or player.","originalText":"Sacrifice a creature: Takara deals 1 damage to target creature or player.","flavor":"Takara banishes the shadow of her father's ignoble reputation through the dedication, plain speaking, and swift action of a warrior. By refusing Starke's path of self-interest and opportunism, she has learned what he never will know: the value of sacrifice for a worthy cause.","imageName":"takara","printings":["Vanguard"],"legalities":{"Vintage":"Legal"}},{"layout":"vanguard","type":"Vanguard","types":["Vanguard"],"multiverseid":12328,"name":"Tawnos","originalType":"Vanguard — Character","rarity":"Special","artist":"Donato Giancola","hand":3,"life":-4,"text":"You may cast artifact, creature, and enchantment spells as though they had flash.","originalText":"You may play artifact, creature, and enchantment spells any time you could play an instant.","flavor":"Tawnos brings a childlike wonder and an inherent skill to Urza's studio and bridges the wizardry of the workshop with the grandeur of the royal court. His speed and flexibility quickly earned him promotion from apprentice to master artificer.","imageName":"tawnos","printings":["Vanguard"],"legalities":{"Vintage":"Legal"}},{"layout":"vanguard","type":"Vanguard","types":["Vanguard"],"multiverseid":182295,"name":"Teysa, Orzhov Scion Avatar","originalType":"Vanguard","rarity":"Special","artist":"UDON","hand":0,"life":-2,"text":"Whenever a nontoken creature dies, put a 1/1 white Spirit creature token with flying onto the battlefield.","originalText":"Whenever a nontoken creature is put into a graveyard from the battlefield, put a 1/1 white Spirit creature token with flying onto the battlefield.","flavor":"GPT Participation Avatar","number":"57","imageName":"teysa, orzhov scion avatar","printings":["Vanguard"],"legalities":{"Vintage":"Legal"}},{"layout":"vanguard","type":"Vanguard","types":["Vanguard"],"multiverseid":12333,"name":"Titania","originalType":"Vanguard — Character","rarity":"Special","artist":"Rebecca Guay","hand":2,"life":-5,"text":"You may play an additional land on each of your turns.","originalText":"You may play an additional land each of your turns.","flavor":"Voice of the Argoth forest, defender of its creatures, and enforcer of its laws, Titania is literally an aspect of the forest itself. Her power and her very existence are linked to the land: when the forest is healthy, Titania is ascendant. When Argoth suffers, Titania also bleeds.","imageName":"titania","printings":["Vanguard"],"legalities":{"Vintage":"Legal"}},{"layout":"vanguard","type":"Vanguard","types":["Vanguard"],"multiverseid":214828,"name":"Tradewind Rider Avatar","originalType":"Vanguard","rarity":"Special","artist":"UDON","hand":1,"life":4,"text":"{3}: Each player returns a permanent he or she controls to its owner's hand unless he or she pays 2 life.","originalText":"{3}: Each player returns a permanent he or she controls to its owner's hand unless he or she pays 2 life.","flavor":"Alternative-art Avatar","number":"104","variations":[195138],"imageName":"tradewind rider avatar1","printings":["Vanguard"],"legalities":{"Vintage":"Legal"}},{"layout":"vanguard","type":"Vanguard","types":["Vanguard"],"multiverseid":195138,"name":"Tradewind Rider Avatar","originalType":"Vanguard","rarity":"Special","artist":"UDON","hand":1,"life":4,"text":"{3}: Each player returns a permanent he or she controls to its owner's hand unless he or she pays 2 life.","originalText":"{3}: Each player returns a permanent he or she controls to its owner's hand unless he or she pays 2 life.","flavor":"TE Prize Avatar","number":"89","variations":[214828],"imageName":"tradewind rider avatar2","printings":["Vanguard"],"legalities":{"Vintage":"Legal"}},{"layout":"vanguard","type":"Vanguard","types":["Vanguard"],"multiverseid":182301,"name":"Two-Headed Giant of Foriys Avatar","originalType":"Vanguard","rarity":"Special","artist":"UDON","hand":1,"life":-4,"text":"Each creature you control can block an additional creature each combat.\nEach creature you control can't be blocked except by two or more creatures.","originalText":"Each creature you control can block an additional creature each combat.\nEach creature you control can't be blocked except by two or more creatures.","flavor":"Awarded in celebration of the first birthday of Magic Online","number":"36","imageName":"two-headed giant of foriys avatar","printings":["Vanguard"],"legalities":{"Vintage":"Legal"}},{"layout":"vanguard","type":"Vanguard","types":["Vanguard"],"multiverseid":12326,"name":"Urza","originalType":"Vanguard — Character","rarity":"Special","artist":"Mark Tedin","hand":-1,"life":10,"text":"{3}: Urza deals 1 damage to target creature or player.","originalText":"{3}: Urza deals 1 damage to target creature or player.","flavor":"An artificer of unparalleled renown, Urza was a powerful cipher even before he was able to planeswalk. Seeing the world as a large, integrated machine is his greatest strength and weakness, enabling him to solve almost any problem but blinding him to his solutions' effects on others.","imageName":"urza","printings":["Vanguard"],"legalities":{"Vintage":"Legal"}},{"layout":"vanguard","type":"Vanguard","types":["Vanguard"],"multiverseid":206028,"name":"Vampire Nocturnus Avatar","originalType":"Vanguard","rarity":"Special","artist":"UDON","hand":-1,"life":-2,"text":"Play with the top card of your library revealed.\nAs long as the top card of your library is black, black creatures you control get +2/+1.","originalText":"Play with the top card of your library revealed.\nAs long as the top card of your library is black, black creatures you control get +2/+1.","flavor":"M10 Winner Avatar","number":"97","imageName":"vampire nocturnus avatar","printings":["Vanguard"],"legalities":{"Vintage":"Legal"}},{"layout":"vanguard","type":"Vanguard","types":["Vanguard"],"multiverseid":182285,"name":"Viridian Zealot Avatar","originalType":"Vanguard","rarity":"Special","artist":"UDON","hand":0,"life":2,"text":"{2}, Sacrifice a creature: Destroy target artifact or enchantment. Search your library for a card with the same name as the sacrificed creature, reveal that card, and put it into your hand. Then shuffle your library.","originalText":"{2}, Sacrifice a creature: Destroy target artifact or enchantment. Search your library for a card with the same name as the sacrificed creature, reveal that card, and put it into your hand. Then shuffle your library.","flavor":"DST Participation Avatar","number":"41","imageName":"viridian zealot avatar","printings":["Vanguard"],"legalities":{"Vintage":"Legal"}},{"layout":"vanguard","type":"Vanguard","types":["Vanguard"],"multiverseid":4972,"name":"Volrath","originalType":"Vanguard — Character","rarity":"Special","artist":"Anson Maddocks","hand":2,"life":-3,"text":"Whenever a creature you control is put into your graveyard from the battlefield, you may put it on top of your library.","originalText":"Whenever any of your creatures is put into your graveyard from play, you may put that creature on top of your library.","flavor":"The son of Gerrard's surrogate father, Sidar Kondo, Volrath stole Gerrard's Legacy and rose to power selling it off piece by piece. Now, he is an evincar, or agent, of the Lord of the Wastes. Armed with exceptional magical powers, he plots to conquer the entire multiverse.","imageName":"volrath","printings":["Vanguard"],"legalities":{"Vintage":"Legal"}},{"layout":"vanguard","type":"Vanguard","types":["Vanguard"],"multiverseid":12331,"name":"Xantcha","originalType":"Vanguard — Character","rarity":"Special","artist":"Heather Hudson","hand":1,"life":3,"text":"Sacrifice a permanent: Regenerate target creature.","originalText":"Sacrifice a permanent: Regenerate target creature.","flavor":"A Phyrexian \"sleeper agent,\" Xantcha has developed an inviolate sense of self. This aberration earned her a death sentence, but she was rescued by Urza and joined his crusade. Her Phyrexian credo of \"Waste not, want not\" has helped Urza more than even he comprehends.","imageName":"xantcha","printings":["Vanguard"],"legalities":{"Vintage":"Legal"}}]}